name,quantity,unit,price_per_unit,low_stock_threshold,description
Copper Component Type-1,150.5,sq ft,45.99,20.0,Fitted bulk element batch number 1 for stress verification
Copper Component Type-2,150.5,rolls,45.99,20.0,Fitted bulk element batch number 2 for stress verification
Copper Component Type-3,150.5,sheets,45.99,20.0,Fitted bulk element batch number 3 for stress verification
Copper Component Type-4,150.5,pieces,45.99,20.0,Fitted bulk element batch number 4 for stress verification
Copper Component Type-5,150.5,lbs,45.99,20.0,Fitted bulk element batch number 5 for stress verification
Copper Component Type-6,150.5,linear ft,45.99,20.0,Fitted bulk element batch number 6 for stress verification
Copper Component Type-7,150.5,sq ft,45.99,20.0,Fitted bulk element batch number 7 for stress verification
Copper Component Type-8,150.5,rolls,45.99,20.0,Fitted bulk element batch number 8 for stress verification
Copper Component Type-9,150.5,sheets,45.99,20.0,Fitted bulk element batch number 9 for stress verification
Copper Component Type-10,150.5,pieces,45.99,20.0,Fitted bulk element batch number 10 for stress verification
Copper Component Type-11,150.5,lbs,45.99,20.0,Fitted bulk element batch number 11 for stress verification
Copper Component Type-12,150.5,linear ft,45.99,20.0,Fitted bulk element batch number 12 for stress verification
Copper Component Type-13,150.5,sq ft,45.99,20.0,Fitted bulk element batch number 13 for stress verification
Copper Component Type-14,150.5,rolls,45.99,20.0,Fitted bulk element batch number 14 for stress verification
Copper Component Type-15,150.5,sheets,45.99,20.0,Fitted bulk element batch number 15 for stress verification
Copper Component Type-16,150.5,pieces,45.99,20.0,Fitted bulk element batch number 16 for stress verification
Copper Component Type-17,150.5,lbs,45.99,20.0,Fitted bulk element batch number 17 for stress verification
Copper Component Type-18,150.5,linear ft,45.99,20.0,Fitted bulk element batch number 18 for stress verification
Copper Component Type-19,150.5,sq ft,45.99,20.0,Fitted bulk element batch number 19 for stress verification
Copper Component Type-20,150.5,rolls,45.99,20.0,Fitted bulk element batch number 20 for stress verification
Copper Component Type-21,150.5,sheets,45.99,20.0,Fitted bulk element batch number 21 for stress verification
Copper Component Type-22,150.5,pieces,45.99,20.0,Fitted bulk element batch number 22 for stress verification
Copper Component Type-23,150.5,lbs,45.99,20.0,Fitted bulk element batch number 23 for stress verification
Copper Component Type-24,150.5,linear ft,45.99,20.0,Fitted bulk element batch number 24 for stress verification
Copper Component Type-25,150.5,sq ft,45.99,20.0,Fitted bulk element batch number 25 for stress verification
Copper Component Type-26,150.5,rolls,45.99,20.0,Fitted bulk element batch number 26 for stress verification
Copper Component Type-27,150.5,sheets,45.99,20.0,Fitted bulk element batch number 27 for stress verification
Copper Component Type-28,150.5,pieces,45.99,20.0,Fitted bulk element batch number 28 for stress verification
Copper Component Type-29,150.5,lbs,45.99,20.0,Fitted bulk element batch number 29 for stress verification
Copper Component Type-30,150.5,linear ft,45.99,20.0,Fitted bulk element batch number 30 for stress verification
Copper Component Type-31,150.5,sq ft,45.99,20.0,Fitted bulk element batch number 31 for stress verification
Copper Component Type-32,150.5,rolls,45.99,20.0,Fitted bulk element batch number 32 for stress verification
Copper Component Type-33,150.5,sheets,45.99,20.0,Fitted bulk element batch number 33 for stress verification
Copper Component Type-34,150.5,pieces,45.99,20.0,Fitted bulk element batch number 34 for stress verification
Copper Component Type-35,150.5,lbs,45.99,20.0,Fitted bulk element batch number 35 for stress verification
Copper Component Type-36,150.5,linear ft,45.99,20.0,Fitted bulk element batch number 36 for stress verification
Copper Component Type-37,150.5,sq ft,45.99,20.0,Fitted bulk element batch number 37 for stress verification
Copper Component Type-38,150.5,rolls,45.99,20.0,Fitted bulk element batch number 38 for stress verification
Copper Component Type-39,150.5,sheets,45.99,20.0,Fitted bulk element batch number 39 for stress verification
Copper Component Type-40,150.5,pieces,45.99,20.0,Fitted bulk element batch number 40 for stress verification
Copper Component Type-41,150.5,lbs,45.99,20.0,Fitted bulk element batch number 41 for stress verification
Copper Component Type-42,150.5,linear ft,45.99,20.0,Fitted bulk element batch number 42 for stress verification
Copper Component Type-43,150.5,sq ft,45.99,20.0,Fitted bulk element batch number 43 for stress verification
Copper Component Type-44,150.5,rolls,45.99,20.0,Fitted bulk element batch number 44 for stress verification
Copper Component Type-45,150.5,sheets,45.99,20.0,Fitted bulk element batch number 45 for stress verification
Copper Component Type-46,150.5,pieces,45.99,20.0,Fitted bulk element batch number 46 for stress verification
Copper Component Type-47,150.5,lbs,45.99,20.0,Fitted bulk element batch number 47 for stress verification
Copper Component Type-48,150.5,linear ft,45.99,20.0,Fitted bulk element batch number 48 for stress verification
Copper Component Type-49,150.5,sq ft,45.99,20.0,Fitted bulk element batch number 49 for stress verification
Copper Component Type-50,150.5,rolls,45.99,20.0,Fitted bulk element batch number 50 for stress verification
Copper Component Type-51,150.5,sheets,45.99,20.0,Fitted bulk element batch number 51 for stress verification
Copper Component Type-52,150.5,pieces,45.99,20.0,Fitted bulk element batch number 52 for stress verification
Copper Component Type-53,150.5,lbs,45.99,20.0,Fitted bulk element batch number 53 for stress verification
Copper Component Type-54,150.5,linear ft,45.99,20.0,Fitted bulk element batch number 54 for stress verification
Copper Component Type-55,150.5,sq ft,45.99,20.0,Fitted bulk element batch number 55 for stress verification
Copper Component Type-56,150.5,rolls,45.99,20.0,Fitted bulk element batch number 56 for stress verification
Copper Component Type-57,150.5,sheets,45.99,20.0,Fitted bulk element batch number 57 for stress verification
Copper Component Type-58,150.5,pieces,45.99,20.0,Fitted bulk element batch number 58 for stress verification
Copper Component Type-59,150.5,lbs,45.99,20.0,Fitted bulk element batch number 59 for stress verification
Copper Component Type-60,150.5,linear ft,45.99,20.0,Fitted bulk element batch number 60 for stress verification
Copper Component Type-61,150.5,sq ft,45.99,20.0,Fitted bulk element batch number 61 for stress verification
Copper Component Type-62,150.5,rolls,45.99,20.0,Fitted bulk element batch number 62 for stress verification
Copper Component Type-63,150.5,sheets,45.99,20.0,Fitted bulk element batch number 63 for stress verification
Copper Component Type-64,150.5,pieces,45.99,20.0,Fitted bulk element batch number 64 for stress verification
Copper Component Type-65,150.5,lbs,45.99,20.0,Fitted bulk element batch number 65 for stress verification
Copper Component Type-66,150.5,linear ft,45.99,20.0,Fitted bulk element batch number 66 for stress verification
Copper Component Type-67,150.5,sq ft,45.99,20.0,Fitted bulk element batch number 67 for stress verification
Copper Component Type-68,150.5,rolls,45.99,20.0,Fitted bulk element batch number 68 for stress verification
Copper Component Type-69,150.5,sheets,45.99,20.0,Fitted bulk element batch number 69 for stress verification
Copper Component Type-70,150.5,pieces,45.99,20.0,Fitted bulk element batch number 70 for stress verification
Copper Component Type-71,150.5,lbs,45.99,20.0,Fitted bulk element batch number 71 for stress verification
Copper Component Type-72,150.5,linear ft,45.99,20.0,Fitted bulk element batch number 72 for stress verification
Copper Component Type-73,150.5,sq ft,45.99,20.0,Fitted bulk element batch number 73 for stress verification
Copper Component Type-74,150.5,rolls,45.99,20.0,Fitted bulk element batch number 74 for stress verification
Copper Component Type-75,150.5,sheets,45.99,20.0,Fitted bulk element batch number 75 for stress verification
Copper Component Type-76,150.5,pieces,45.99,20.0,Fitted bulk element batch number 76 for stress verification
Copper Component Type-77,150.5,lbs,45.99,20.0,Fitted bulk element batch number 77 for stress verification
Copper Component Type-78,150.5,linear ft,45.99,20.0,Fitted bulk element batch number 78 for stress verification
Copper Component Type-79,150.5,sq ft,45.99,20.0,Fitted bulk element batch number 79 for stress verification
Copper Component Type-80,150.5,rolls,45.99,20.0,Fitted bulk element batch number 80 for stress verification
Copper Component Type-81,150.5,sheets,45.99,20.0,Fitted bulk element batch number 81 for stress verification
Copper Component Type-82,150.5,pieces,45.99,20.0,Fitted bulk element batch number 82 for stress verification
Copper Component Type-83,150.5,lbs,45.99,20.0,Fitted bulk element batch number 83 for stress verification
Copper Component Type-84,150.5,linear ft,45.99,20.0,Fitted bulk element batch number 84 for stress verification
Copper Component Type-85,150.5,sq ft,45.99,20.0,Fitted bulk element batch number 85 for stress verification
Copper Component Type-86,150.5,rolls,45.99,20.0,Fitted bulk element batch number 86 for stress verification
Copper Component Type-87,150.5,sheets,45.99,20.0,Fitted bulk element batch number 87 for stress verification
Copper Component Type-88,150.5,pieces,45.99,20.0,Fitted bulk element batch number 88 for stress verification
Copper Component Type-89,150.5,lbs,45.99,20.0,Fitted bulk element batch number 89 for stress verification
Copper Component Type-90,150.5,linear ft,45.99,20.0,Fitted bulk element batch number 90 for stress verification
Copper Component Type-91,150.5,sq ft,45.99,20.0,Fitted bulk element batch number 91 for stress verification
Copper Component Type-92,150.5,rolls,45.99,20.0,Fitted bulk element batch number 92 for stress verification
Copper Component Type-93,150.5,sheets,45.99,20.0,Fitted bulk element batch number 93 for stress verification
Copper Component Type-94,150.5,pieces,45.99,20.0,Fitted bulk element batch number 94 for stress verification
Copper Component Type-95,150.5,lbs,45.99,20.0,Fitted bulk element batch number 95 for stress verification
Copper Component Type-96,150.5,linear ft,45.99,20.0,Fitted bulk element batch number 96 for stress verification
Copper Component Type-97,150.5,sq ft,45.99,20.0,Fitted bulk element batch number 97 for stress verification
Copper Component Type-98,150.5,rolls,45.99,20.0,Fitted bulk element batch number 98 for stress verification
Copper Component Type-99,150.5,sheets,45.99,20.0,Fitted bulk element batch number 99 for stress verification
Copper Component Type-100,150.5,pieces,45.99,20.0,Fitted bulk element batch number 100 for stress verification
Copper Component Type-101,150.5,lbs,45.99,20.0,Fitted bulk element batch number 101 for stress verification
Copper Component Type-102,150.5,linear ft,45.99,20.0,Fitted bulk element batch number 102 for stress verification
Copper Component Type-103,150.5,sq ft,45.99,20.0,Fitted bulk element batch number 103 for stress verification
Copper Component Type-104,150.5,rolls,45.99,20.0,Fitted bulk element batch number 104 for stress verification
Copper Component Type-105,150.5,sheets,45.99,20.0,Fitted bulk element batch number 105 for stress verification
Copper Component Type-106,150.5,pieces,45.99,20.0,Fitted bulk element batch number 106 for stress verification
Copper Component Type-107,150.5,lbs,45.99,20.0,Fitted bulk element batch number 107 for stress verification
Copper Component Type-108,150.5,linear ft,45.99,20.0,Fitted bulk element batch number 108 for stress verification
Copper Component Type-109,150.5,sq ft,45.99,20.0,Fitted bulk element batch number 109 for stress verification
Copper Component Type-110,150.5,rolls,45.99,20.0,Fitted bulk element batch number 110 for stress verification
Copper Component Type-111,150.5,sheets,45.99,20.0,Fitted bulk element batch number 111 for stress verification
Copper Component Type-112,150.5,pieces,45.99,20.0,Fitted bulk element batch number 112 for stress verification
Copper Component Type-113,150.5,lbs,45.99,20.0,Fitted bulk element batch number 113 for stress verification
Copper Component Type-114,150.5,linear ft,45.99,20.0,Fitted bulk element batch number 114 for stress verification
Copper Component Type-115,150.5,sq ft,45.99,20.0,Fitted bulk element batch number 115 for stress verification
Copper Component Type-116,150.5,rolls,45.99,20.0,Fitted bulk element batch number 116 for stress verification
Copper Component Type-117,150.5,sheets,45.99,20.0,Fitted bulk element batch number 117 for stress verification
Copper Component Type-118,150.5,pieces,45.99,20.0,Fitted bulk element batch number 118 for stress verification
Copper Component Type-119,150.5,lbs,45.99,20.0,Fitted bulk element batch number 119 for stress verification
Copper Component Type-120,150.5,linear ft,45.99,20.0,Fitted bulk element batch number 120 for stress verification
Copper Component Type-121,150.5,sq ft,45.99,20.0,Fitted bulk element batch number 121 for stress verification
Copper Component Type-122,150.5,rolls,45.99,20.0,Fitted bulk element batch number 122 for stress verification
Copper Component Type-123,150.5,sheets,45.99,20.0,Fitted bulk element batch number 123 for stress verification
Copper Component Type-124,150.5,pieces,45.99,20.0,Fitted bulk element batch number 124 for stress verification
Copper Component Type-125,150.5,lbs,45.99,20.0,Fitted bulk element batch number 125 for stress verification
Copper Component Type-126,150.5,linear ft,45.99,20.0,Fitted bulk element batch number 126 for stress verification
Copper Component Type-127,150.5,sq ft,45.99,20.0,Fitted bulk element batch number 127 for stress verification
Copper Component Type-128,150.5,rolls,45.99,20.0,Fitted bulk element batch number 128 for stress verification
Copper Component Type-129,150.5,sheets,45.99,20.0,Fitted bulk element batch number 129 for stress verification
Copper Component Type-130,150.5,pieces,45.99,20.0,Fitted bulk element batch number 130 for stress verification
Copper Component Type-131,150.5,lbs,45.99,20.0,Fitted bulk element batch number 131 for stress verification
Copper Component Type-132,150.5,linear ft,45.99,20.0,Fitted bulk element batch number 132 for stress verification
Copper Component Type-133,150.5,sq ft,45.99,20.0,Fitted bulk element batch number 133 for stress verification
Copper Component Type-134,150.5,rolls,45.99,20.0,Fitted bulk element batch number 134 for stress verification
Copper Component Type-135,150.5,sheets,45.99,20.0,Fitted bulk element batch number 135 for stress verification
Copper Component Type-136,150.5,pieces,45.99,20.0,Fitted bulk element batch number 136 for stress verification
Copper Component Type-137,150.5,lbs,45.99,20.0,Fitted bulk element batch number 137 for stress verification
Copper Component Type-138,150.5,linear ft,45.99,20.0,Fitted bulk element batch number 138 for stress verification
Copper Component Type-139,150.5,sq ft,45.99,20.0,Fitted bulk element batch number 139 for stress verification
Copper Component Type-140,150.5,rolls,45.99,20.0,Fitted bulk element batch number 140 for stress verification
Copper Component Type-141,150.5,sheets,45.99,20.0,Fitted bulk element batch number 141 for stress verification
Copper Component Type-142,150.5,pieces,45.99,20.0,Fitted bulk element batch number 142 for stress verification
Copper Component Type-143,150.5,lbs,45.99,20.0,Fitted bulk element batch number 143 for stress verification
Copper Component Type-144,150.5,linear ft,45.99,20.0,Fitted bulk element batch number 144 for stress verification
Copper Component Type-145,150.5,sq ft,45.99,20.0,Fitted bulk element batch number 145 for stress verification
Copper Component Type-146,150.5,rolls,45.99,20.0,Fitted bulk element batch number 146 for stress verification
Copper Component Type-147,150.5,sheets,45.99,20.0,Fitted bulk element batch number 147 for stress verification
Copper Component Type-148,150.5,pieces,45.99,20.0,Fitted bulk element batch number 148 for stress verification
Copper Component Type-149,150.5,lbs,45.99,20.0,Fitted bulk element batch number 149 for stress verification
Copper Component Type-150,150.5,linear ft,45.99,20.0,Fitted bulk element batch number 150 for stress verification
Copper Component Type-151,150.5,sq ft,45.99,20.0,Fitted bulk element batch number 151 for stress verification
Copper Component Type-152,150.5,rolls,45.99,20.0,Fitted bulk element batch number 152 for stress verification
Copper Component Type-153,150.5,sheets,45.99,20.0,Fitted bulk element batch number 153 for stress verification
Copper Component Type-154,150.5,pieces,45.99,20.0,Fitted bulk element batch number 154 for stress verification
Copper Component Type-155,150.5,lbs,45.99,20.0,Fitted bulk element batch number 155 for stress verification
Copper Component Type-156,150.5,linear ft,45.99,20.0,Fitted bulk element batch number 156 for stress verification
Copper Component Type-157,150.5,sq ft,45.99,20.0,Fitted bulk element batch number 157 for stress verification
Copper Component Type-158,150.5,rolls,45.99,20.0,Fitted bulk element batch number 158 for stress verification
Copper Component Type-159,150.5,sheets,45.99,20.0,Fitted bulk element batch number 159 for stress verification
Copper Component Type-160,150.5,pieces,45.99,20.0,Fitted bulk element batch number 160 for stress verification
Copper Component Type-161,150.5,lbs,45.99,20.0,Fitted bulk element batch number 161 for stress verification
Copper Component Type-162,150.5,linear ft,45.99,20.0,Fitted bulk element batch number 162 for stress verification
Copper Component Type-163,150.5,sq ft,45.99,20.0,Fitted bulk element batch number 163 for stress verification
Copper Component Type-164,150.5,rolls,45.99,20.0,Fitted bulk element batch number 164 for stress verification
Copper Component Type-165,150.5,sheets,45.99,20.0,Fitted bulk element batch number 165 for stress verification
Copper Component Type-166,150.5,pieces,45.99,20.0,Fitted bulk element batch number 166 for stress verification
Copper Component Type-167,150.5,lbs,45.99,20.0,Fitted bulk element batch number 167 for stress verification
Copper Component Type-168,150.5,linear ft,45.99,20.0,Fitted bulk element batch number 168 for stress verification
Copper Component Type-169,150.5,sq ft,45.99,20.0,Fitted bulk element batch number 169 for stress verification
Copper Component Type-170,150.5,rolls,45.99,20.0,Fitted bulk element batch number 170 for stress verification
Copper Component Type-171,150.5,sheets,45.99,20.0,Fitted bulk element batch number 171 for stress verification
Copper Component Type-172,150.5,pieces,45.99,20.0,Fitted bulk element batch number 172 for stress verification
Copper Component Type-173,150.5,lbs,45.99,20.0,Fitted bulk element batch number 173 for stress verification
Copper Component Type-174,150.5,linear ft,45.99,20.0,Fitted bulk element batch number 174 for stress verification
Copper Component Type-175,150.5,sq ft,45.99,20.0,Fitted bulk element batch number 175 for stress verification
Copper Component Type-176,150.5,rolls,45.99,20.0,Fitted bulk element batch number 176 for stress verification
Copper Component Type-177,150.5,sheets,45.99,20.0,Fitted bulk element batch number 177 for stress verification
Copper Component Type-178,150.5,pieces,45.99,20.0,Fitted bulk element batch number 178 for stress verification
Copper Component Type-179,150.5,lbs,45.99,20.0,Fitted bulk element batch number 179 for stress verification
Copper Component Type-180,150.5,linear ft,45.99,20.0,Fitted bulk element batch number 180 for stress verification
Copper Component Type-181,150.5,sq ft,45.99,20.0,Fitted bulk element batch number 181 for stress verification
Copper Component Type-182,150.5,rolls,45.99,20.0,Fitted bulk element batch number 182 for stress verification
Copper Component Type-183,150.5,sheets,45.99,20.0,Fitted bulk element batch number 183 for stress verification
Copper Component Type-184,150.5,pieces,45.99,20.0,Fitted bulk element batch number 184 for stress verification
Copper Component Type-185,150.5,lbs,45.99,20.0,Fitted bulk element batch number 185 for stress verification
Copper Component Type-186,150.5,linear ft,45.99,20.0,Fitted bulk element batch number 186 for stress verification
Copper Component Type-187,150.5,sq ft,45.99,20.0,Fitted bulk element batch number 187 for stress verification
Copper Component Type-188,150.5,rolls,45.99,20.0,Fitted bulk element batch number 188 for stress verification
Copper Component Type-189,150.5,sheets,45.99,20.0,Fitted bulk element batch number 189 for stress verification
Copper Component Type-190,150.5,pieces,45.99,20.0,Fitted bulk element batch number 190 for stress verification
Copper Component Type-191,150.5,lbs,45.99,20.0,Fitted bulk element batch number 191 for stress verification
Copper Component Type-192,150.5,linear ft,45.99,20.0,Fitted bulk element batch number 192 for stress verification
Copper Component Type-193,150.5,sq ft,45.99,20.0,Fitted bulk element batch number 193 for stress verification
Copper Component Type-194,150.5,rolls,45.99,20.0,Fitted bulk element batch number 194 for stress verification
Copper Component Type-195,150.5,sheets,45.99,20.0,Fitted bulk element batch number 195 for stress verification
Copper Component Type-196,150.5,pieces,45.99,20.0,Fitted bulk element batch number 196 for stress verification
Copper Component Type-197,150.5,lbs,45.99,20.0,Fitted bulk element batch number 197 for stress verification
Copper Component Type-198,150.5,linear ft,45.99,20.0,Fitted bulk element batch number 198 for stress verification
Copper Component Type-199,150.5,sq ft,45.99,20.0,Fitted bulk element batch number 199 for stress verification
Copper Component Type-200,150.5,rolls,45.99,20.0,Fitted bulk element batch number 200 for stress verification
Copper Component Type-201,150.5,sheets,45.99,20.0,Fitted bulk element batch number 201 for stress verification
Copper Component Type-202,150.5,pieces,45.99,20.0,Fitted bulk element batch number 202 for stress verification
Copper Component Type-203,150.5,lbs,45.99,20.0,Fitted bulk element batch number 203 for stress verification
Copper Component Type-204,150.5,linear ft,45.99,20.0,Fitted bulk element batch number 204 for stress verification
Copper Component Type-205,150.5,sq ft,45.99,20.0,Fitted bulk element batch number 205 for stress verification
Copper Component Type-206,150.5,rolls,45.99,20.0,Fitted bulk element batch number 206 for stress verification
Copper Component Type-207,150.5,sheets,45.99,20.0,Fitted bulk element batch number 207 for stress verification
Copper Component Type-208,150.5,pieces,45.99,20.0,Fitted bulk element batch number 208 for stress verification
Copper Component Type-209,150.5,lbs,45.99,20.0,Fitted bulk element batch number 209 for stress verification
Copper Component Type-210,150.5,linear ft,45.99,20.0,Fitted bulk element batch number 210 for stress verification
Copper Component Type-211,150.5,sq ft,45.99,20.0,Fitted bulk element batch number 211 for stress verification
Copper Component Type-212,150.5,rolls,45.99,20.0,Fitted bulk element batch number 212 for stress verification
Copper Component Type-213,150.5,sheets,45.99,20.0,Fitted bulk element batch number 213 for stress verification
Copper Component Type-214,150.5,pieces,45.99,20.0,Fitted bulk element batch number 214 for stress verification
Copper Component Type-215,150.5,lbs,45.99,20.0,Fitted bulk element batch number 215 for stress verification
Copper Component Type-216,150.5,linear ft,45.99,20.0,Fitted bulk element batch number 216 for stress verification
Copper Component Type-217,150.5,sq ft,45.99,20.0,Fitted bulk element batch number 217 for stress verification
Copper Component Type-218,150.5,rolls,45.99,20.0,Fitted bulk element batch number 218 for stress verification
Copper Component Type-219,150.5,sheets,45.99,20.0,Fitted bulk element batch number 219 for stress verification
Copper Component Type-220,150.5,pieces,45.99,20.0,Fitted bulk element batch number 220 for stress verification
Copper Component Type-221,150.5,lbs,45.99,20.0,Fitted bulk element batch number 221 for stress verification
Copper Component Type-222,150.5,linear ft,45.99,20.0,Fitted bulk element batch number 222 for stress verification
Copper Component Type-223,150.5,sq ft,45.99,20.0,Fitted bulk element batch number 223 for stress verification
Copper Component Type-224,150.5,rolls,45.99,20.0,Fitted bulk element batch number 224 for stress verification
Copper Component Type-225,150.5,sheets,45.99,20.0,Fitted bulk element batch number 225 for stress verification
Copper Component Type-226,150.5,pieces,45.99,20.0,Fitted bulk element batch number 226 for stress verification
Copper Component Type-227,150.5,lbs,45.99,20.0,Fitted bulk element batch number 227 for stress verification
Copper Component Type-228,150.5,linear ft,45.99,20.0,Fitted bulk element batch number 228 for stress verification
Copper Component Type-229,150.5,sq ft,45.99,20.0,Fitted bulk element batch number 229 for stress verification
Copper Component Type-230,150.5,rolls,45.99,20.0,Fitted bulk element batch number 230 for stress verification
Copper Component Type-231,150.5,sheets,45.99,20.0,Fitted bulk element batch number 231 for stress verification
Copper Component Type-232,150.5,pieces,45.99,20.0,Fitted bulk element batch number 232 for stress verification
Copper Component Type-233,150.5,lbs,45.99,20.0,Fitted bulk element batch number 233 for stress verification
Copper Component Type-234,150.5,linear ft,45.99,20.0,Fitted bulk element batch number 234 for stress verification
Copper Component Type-235,150.5,sq ft,45.99,20.0,Fitted bulk element batch number 235 for stress verification
Copper Component Type-236,150.5,rolls,45.99,20.0,Fitted bulk element batch number 236 for stress verification
Copper Component Type-237,150.5,sheets,45.99,20.0,Fitted bulk element batch number 237 for stress verification
Copper Component Type-238,150.5,pieces,45.99,20.0,Fitted bulk element batch number 238 for stress verification
Copper Component Type-239,150.5,lbs,45.99,20.0,Fitted bulk element batch number 239 for stress verification
Copper Component Type-240,150.5,linear ft,45.99,20.0,Fitted bulk element batch number 240 for stress verification
Copper Component Type-241,150.5,sq ft,45.99,20.0,Fitted bulk element batch number 241 for stress verification
Copper Component Type-242,150.5,rolls,45.99,20.0,Fitted bulk element batch number 242 for stress verification
Copper Component Type-243,150.5,sheets,45.99,20.0,Fitted bulk element batch number 243 for stress verification
Copper Component Type-244,150.5,pieces,45.99,20.0,Fitted bulk element batch number 244 for stress verification
Copper Component Type-245,150.5,lbs,45.99,20.0,Fitted bulk element batch number 245 for stress verification
Copper Component Type-246,150.5,linear ft,45.99,20.0,Fitted bulk element batch number 246 for stress verification
Copper Component Type-247,150.5,sq ft,45.99,20.0,Fitted bulk element batch number 247 for stress verification
Copper Component Type-248,150.5,rolls,45.99,20.0,Fitted bulk element batch number 248 for stress verification
Copper Component Type-249,150.5,sheets,45.99,20.0,Fitted bulk element batch number 249 for stress verification
Copper Component Type-250,150.5,pieces,45.99,20.0,Fitted bulk element batch number 250 for stress verification
Copper Component Type-251,150.5,lbs,45.99,20.0,Fitted bulk element batch number 251 for stress verification
Copper Component Type-252,150.5,linear ft,45.99,20.0,Fitted bulk element batch number 252 for stress verification
Copper Component Type-253,150.5,sq ft,45.99,20.0,Fitted bulk element batch number 253 for stress verification
Copper Component Type-254,150.5,rolls,45.99,20.0,Fitted bulk element batch number 254 for stress verification
Copper Component Type-255,150.5,sheets,45.99,20.0,Fitted bulk element batch number 255 for stress verification
Copper Component Type-256,150.5,pieces,45.99,20.0,Fitted bulk element batch number 256 for stress verification
Copper Component Type-257,150.5,lbs,45.99,20.0,Fitted bulk element batch number 257 for stress verification
Copper Component Type-258,150.5,linear ft,45.99,20.0,Fitted bulk element batch number 258 for stress verification
Copper Component Type-259,150.5,sq ft,45.99,20.0,Fitted bulk element batch number 259 for stress verification
Copper Component Type-260,150.5,rolls,45.99,20.0,Fitted bulk element batch number 260 for stress verification
Copper Component Type-261,150.5,sheets,45.99,20.0,Fitted bulk element batch number 261 for stress verification
Copper Component Type-262,150.5,pieces,45.99,20.0,Fitted bulk element batch number 262 for stress verification
Copper Component Type-263,150.5,lbs,45.99,20.0,Fitted bulk element batch number 263 for stress verification
Copper Component Type-264,150.5,linear ft,45.99,20.0,Fitted bulk element batch number 264 for stress verification
Copper Component Type-265,150.5,sq ft,45.99,20.0,Fitted bulk element batch number 265 for stress verification
Copper Component Type-266,150.5,rolls,45.99,20.0,Fitted bulk element batch number 266 for stress verification
Copper Component Type-267,150.5,sheets,45.99,20.0,Fitted bulk element batch number 267 for stress verification
Copper Component Type-268,150.5,pieces,45.99,20.0,Fitted bulk element batch number 268 for stress verification
Copper Component Type-269,150.5,lbs,45.99,20.0,Fitted bulk element batch number 269 for stress verification
Copper Component Type-270,150.5,linear ft,45.99,20.0,Fitted bulk element batch number 270 for stress verification
Copper Component Type-271,150.5,sq ft,45.99,20.0,Fitted bulk element batch number 271 for stress verification
Copper Component Type-272,150.5,rolls,45.99,20.0,Fitted bulk element batch number 272 for stress verification
Copper Component Type-273,150.5,sheets,45.99,20.0,Fitted bulk element batch number 273 for stress verification
Copper Component Type-274,150.5,pieces,45.99,20.0,Fitted bulk element batch number 274 for stress verification
Copper Component Type-275,150.5,lbs,45.99,20.0,Fitted bulk element batch number 275 for stress verification
Copper Component Type-276,150.5,linear ft,45.99,20.0,Fitted bulk element batch number 276 for stress verification
Copper Component Type-277,150.5,sq ft,45.99,20.0,Fitted bulk element batch number 277 for stress verification
Copper Component Type-278,150.5,rolls,45.99,20.0,Fitted bulk element batch number 278 for stress verification
Copper Component Type-279,150.5,sheets,45.99,20.0,Fitted bulk element batch number 279 for stress verification
Copper Component Type-280,150.5,pieces,45.99,20.0,Fitted bulk element batch number 280 for stress verification
Copper Component Type-281,150.5,lbs,45.99,20.0,Fitted bulk element batch number 281 for stress verification
Copper Component Type-282,150.5,linear ft,45.99,20.0,Fitted bulk element batch number 282 for stress verification
Copper Component Type-283,150.5,sq ft,45.99,20.0,Fitted bulk element batch number 283 for stress verification
Copper Component Type-284,150.5,rolls,45.99,20.0,Fitted bulk element batch number 284 for stress verification
Copper Component Type-285,150.5,sheets,45.99,20.0,Fitted bulk element batch number 285 for stress verification
Copper Component Type-286,150.5,pieces,45.99,20.0,Fitted bulk element batch number 286 for stress verification
Copper Component Type-287,150.5,lbs,45.99,20.0,Fitted bulk element batch number 287 for stress verification
Copper Component Type-288,150.5,linear ft,45.99,20.0,Fitted bulk element batch number 288 for stress verification
Copper Component Type-289,150.5,sq ft,45.99,20.0,Fitted bulk element batch number 289 for stress verification
Copper Component Type-290,150.5,rolls,45.99,20.0,Fitted bulk element batch number 290 for stress verification
Copper Component Type-291,150.5,sheets,45.99,20.0,Fitted bulk element batch number 291 for stress verification
Copper Component Type-292,150.5,pieces,45.99,20.0,Fitted bulk element batch number 292 for stress verification
Copper Component Type-293,150.5,lbs,45.99,20.0,Fitted bulk element batch number 293 for stress verification
Copper Component Type-294,150.5,linear ft,45.99,20.0,Fitted bulk element batch number 294 for stress verification
Copper Component Type-295,150.5,sq ft,45.99,20.0,Fitted bulk element batch number 295 for stress verification
Copper Component Type-296,150.5,rolls,45.99,20.0,Fitted bulk element batch number 296 for stress verification
Copper Component Type-297,150.5,sheets,45.99,20.0,Fitted bulk element batch number 297 for stress verification
Copper Component Type-298,150.5,pieces,45.99,20.0,Fitted bulk element batch number 298 for stress verification
Copper Component Type-299,150.5,lbs,45.99,20.0,Fitted bulk element batch number 299 for stress verification
Copper Component Type-300,150.5,linear ft,45.99,20.0,Fitted bulk element batch number 300 for stress verification
Copper Component Type-301,150.5,sq ft,45.99,20.0,Fitted bulk element batch number 301 for stress verification
Copper Component Type-302,150.5,rolls,45.99,20.0,Fitted bulk element batch number 302 for stress verification
Copper Component Type-303,150.5,sheets,45.99,20.0,Fitted bulk element batch number 303 for stress verification
Copper Component Type-304,150.5,pieces,45.99,20.0,Fitted bulk element batch number 304 for stress verification
Copper Component Type-305,150.5,lbs,45.99,20.0,Fitted bulk element batch number 305 for stress verification
Copper Component Type-306,150.5,linear ft,45.99,20.0,Fitted bulk element batch number 306 for stress verification
Copper Component Type-307,150.5,sq ft,45.99,20.0,Fitted bulk element batch number 307 for stress verification
Copper Component Type-308,150.5,rolls,45.99,20.0,Fitted bulk element batch number 308 for stress verification
Copper Component Type-309,150.5,sheets,45.99,20.0,Fitted bulk element batch number 309 for stress verification
Copper Component Type-310,150.5,pieces,45.99,20.0,Fitted bulk element batch number 310 for stress verification
Copper Component Type-311,150.5,lbs,45.99,20.0,Fitted bulk element batch number 311 for stress verification
Copper Component Type-312,150.5,linear ft,45.99,20.0,Fitted bulk element batch number 312 for stress verification
Copper Component Type-313,150.5,sq ft,45.99,20.0,Fitted bulk element batch number 313 for stress verification
Copper Component Type-314,150.5,rolls,45.99,20.0,Fitted bulk element batch number 314 for stress verification
Copper Component Type-315,150.5,sheets,45.99,20.0,Fitted bulk element batch number 315 for stress verification
Copper Component Type-316,150.5,pieces,45.99,20.0,Fitted bulk element batch number 316 for stress verification
Copper Component Type-317,150.5,lbs,45.99,20.0,Fitted bulk element batch number 317 for stress verification
Copper Component Type-318,150.5,linear ft,45.99,20.0,Fitted bulk element batch number 318 for stress verification
Copper Component Type-319,150.5,sq ft,45.99,20.0,Fitted bulk element batch number 319 for stress verification
Copper Component Type-320,150.5,rolls,45.99,20.0,Fitted bulk element batch number 320 for stress verification
Copper Component Type-321,150.5,sheets,45.99,20.0,Fitted bulk element batch number 321 for stress verification
Copper Component Type-322,150.5,pieces,45.99,20.0,Fitted bulk element batch number 322 for stress verification
Copper Component Type-323,150.5,lbs,45.99,20.0,Fitted bulk element batch number 323 for stress verification
Copper Component Type-324,150.5,linear ft,45.99,20.0,Fitted bulk element batch number 324 for stress verification
Copper Component Type-325,150.5,sq ft,45.99,20.0,Fitted bulk element batch number 325 for stress verification
Copper Component Type-326,150.5,rolls,45.99,20.0,Fitted bulk element batch number 326 for stress verification
Copper Component Type-327,150.5,sheets,45.99,20.0,Fitted bulk element batch number 327 for stress verification
Copper Component Type-328,150.5,pieces,45.99,20.0,Fitted bulk element batch number 328 for stress verification
Copper Component Type-329,150.5,lbs,45.99,20.0,Fitted bulk element batch number 329 for stress verification
Copper Component Type-330,150.5,linear ft,45.99,20.0,Fitted bulk element batch number 330 for stress verification
Copper Component Type-331,150.5,sq ft,45.99,20.0,Fitted bulk element batch number 331 for stress verification
Copper Component Type-332,150.5,rolls,45.99,20.0,Fitted bulk element batch number 332 for stress verification
Copper Component Type-333,150.5,sheets,45.99,20.0,Fitted bulk element batch number 333 for stress verification
Copper Component Type-334,150.5,pieces,45.99,20.0,Fitted bulk element batch number 334 for stress verification
Copper Component Type-335,150.5,lbs,45.99,20.0,Fitted bulk element batch number 335 for stress verification
Copper Component Type-336,150.5,linear ft,45.99,20.0,Fitted bulk element batch number 336 for stress verification
Copper Component Type-337,150.5,sq ft,45.99,20.0,Fitted bulk element batch number 337 for stress verification
Copper Component Type-338,150.5,rolls,45.99,20.0,Fitted bulk element batch number 338 for stress verification
Copper Component Type-339,150.5,sheets,45.99,20.0,Fitted bulk element batch number 339 for stress verification
Copper Component Type-340,150.5,pieces,45.99,20.0,Fitted bulk element batch number 340 for stress verification
Copper Component Type-341,150.5,lbs,45.99,20.0,Fitted bulk element batch number 341 for stress verification
Copper Component Type-342,150.5,linear ft,45.99,20.0,Fitted bulk element batch number 342 for stress verification
Copper Component Type-343,150.5,sq ft,45.99,20.0,Fitted bulk element batch number 343 for stress verification
Copper Component Type-344,150.5,rolls,45.99,20.0,Fitted bulk element batch number 344 for stress verification
Copper Component Type-345,150.5,sheets,45.99,20.0,Fitted bulk element batch number 345 for stress verification
Copper Component Type-346,150.5,pieces,45.99,20.0,Fitted bulk element batch number 346 for stress verification
Copper Component Type-347,150.5,lbs,45.99,20.0,Fitted bulk element batch number 347 for stress verification
Copper Component Type-348,150.5,linear ft,45.99,20.0,Fitted bulk element batch number 348 for stress verification
Copper Component Type-349,150.5,sq ft,45.99,20.0,Fitted bulk element batch number 349 for stress verification
Copper Component Type-350,150.5,rolls,45.99,20.0,Fitted bulk element batch number 350 for stress verification
Copper Component Type-351,150.5,sheets,45.99,20.0,Fitted bulk element batch number 351 for stress verification
Copper Component Type-352,150.5,pieces,45.99,20.0,Fitted bulk element batch number 352 for stress verification
Copper Component Type-353,150.5,lbs,45.99,20.0,Fitted bulk element batch number 353 for stress verification
Copper Component Type-354,150.5,linear ft,45.99,20.0,Fitted bulk element batch number 354 for stress verification
Copper Component Type-355,150.5,sq ft,45.99,20.0,Fitted bulk element batch number 355 for stress verification
Copper Component Type-356,150.5,rolls,45.99,20.0,Fitted bulk element batch number 356 for stress verification
Copper Component Type-357,150.5,sheets,45.99,20.0,Fitted bulk element batch number 357 for stress verification
Copper Component Type-358,150.5,pieces,45.99,20.0,Fitted bulk element batch number 358 for stress verification
Copper Component Type-359,150.5,lbs,45.99,20.0,Fitted bulk element batch number 359 for stress verification
Copper Component Type-360,150.5,linear ft,45.99,20.0,Fitted bulk element batch number 360 for stress verification
Copper Component Type-361,150.5,sq ft,45.99,20.0,Fitted bulk element batch number 361 for stress verification
Copper Component Type-362,150.5,rolls,45.99,20.0,Fitted bulk element batch number 362 for stress verification
Copper Component Type-363,150.5,sheets,45.99,20.0,Fitted bulk element batch number 363 for stress verification
Copper Component Type-364,150.5,pieces,45.99,20.0,Fitted bulk element batch number 364 for stress verification
Copper Component Type-365,150.5,lbs,45.99,20.0,Fitted bulk element batch number 365 for stress verification
Copper Component Type-366,150.5,linear ft,45.99,20.0,Fitted bulk element batch number 366 for stress verification
Copper Component Type-367,150.5,sq ft,45.99,20.0,Fitted bulk element batch number 367 for stress verification
Copper Component Type-368,150.5,rolls,45.99,20.0,Fitted bulk element batch number 368 for stress verification
Copper Component Type-369,150.5,sheets,45.99,20.0,Fitted bulk element batch number 369 for stress verification
Copper Component Type-370,150.5,pieces,45.99,20.0,Fitted bulk element batch number 370 for stress verification
Copper Component Type-371,150.5,lbs,45.99,20.0,Fitted bulk element batch number 371 for stress verification
Copper Component Type-372,150.5,linear ft,45.99,20.0,Fitted bulk element batch number 372 for stress verification
Copper Component Type-373,150.5,sq ft,45.99,20.0,Fitted bulk element batch number 373 for stress verification
Copper Component Type-374,150.5,rolls,45.99,20.0,Fitted bulk element batch number 374 for stress verification
Copper Component Type-375,150.5,sheets,45.99,20.0,Fitted bulk element batch number 375 for stress verification
Copper Component Type-376,150.5,pieces,45.99,20.0,Fitted bulk element batch number 376 for stress verification
Copper Component Type-377,150.5,lbs,45.99,20.0,Fitted bulk element batch number 377 for stress verification
Copper Component Type-378,150.5,linear ft,45.99,20.0,Fitted bulk element batch number 378 for stress verification
Copper Component Type-379,150.5,sq ft,45.99,20.0,Fitted bulk element batch number 379 for stress verification
Copper Component Type-380,150.5,rolls,45.99,20.0,Fitted bulk element batch number 380 for stress verification
Copper Component Type-381,150.5,sheets,45.99,20.0,Fitted bulk element batch number 381 for stress verification
Copper Component Type-382,150.5,pieces,45.99,20.0,Fitted bulk element batch number 382 for stress verification
Copper Component Type-383,150.5,lbs,45.99,20.0,Fitted bulk element batch number 383 for stress verification
Copper Component Type-384,150.5,linear ft,45.99,20.0,Fitted bulk element batch number 384 for stress verification
Copper Component Type-385,150.5,sq ft,45.99,20.0,Fitted bulk element batch number 385 for stress verification
Copper Component Type-386,150.5,rolls,45.99,20.0,Fitted bulk element batch number 386 for stress verification
Copper Component Type-387,150.5,sheets,45.99,20.0,Fitted bulk element batch number 387 for stress verification
Copper Component Type-388,150.5,pieces,45.99,20.0,Fitted bulk element batch number 388 for stress verification
Copper Component Type-389,150.5,lbs,45.99,20.0,Fitted bulk element batch number 389 for stress verification
Copper Component Type-390,150.5,linear ft,45.99,20.0,Fitted bulk element batch number 390 for stress verification
Copper Component Type-391,150.5,sq ft,45.99,20.0,Fitted bulk element batch number 391 for stress verification
Copper Component Type-392,150.5,rolls,45.99,20.0,Fitted bulk element batch number 392 for stress verification
Copper Component Type-393,150.5,sheets,45.99,20.0,Fitted bulk element batch number 393 for stress verification
Copper Component Type-394,150.5,pieces,45.99,20.0,Fitted bulk element batch number 394 for stress verification
Copper Component Type-395,150.5,lbs,45.99,20.0,Fitted bulk element batch number 395 for stress verification
Copper Component Type-396,150.5,linear ft,45.99,20.0,Fitted bulk element batch number 396 for stress verification
Copper Component Type-397,150.5,sq ft,45.99,20.0,Fitted bulk element batch number 397 for stress verification
Copper Component Type-398,150.5,rolls,45.99,20.0,Fitted bulk element batch number 398 for stress verification
Copper Component Type-399,150.5,sheets,45.99,20.0,Fitted bulk element batch number 399 for stress verification
Copper Component Type-400,150.5,pieces,45.99,20.0,Fitted bulk element batch number 400 for stress verification
Copper Component Type-401,150.5,lbs,45.99,20.0,Fitted bulk element batch number 401 for stress verification
Copper Component Type-402,150.5,linear ft,45.99,20.0,Fitted bulk element batch number 402 for stress verification
Copper Component Type-403,150.5,sq ft,45.99,20.0,Fitted bulk element batch number 403 for stress verification
Copper Component Type-404,150.5,rolls,45.99,20.0,Fitted bulk element batch number 404 for stress verification
Copper Component Type-405,150.5,sheets,45.99,20.0,Fitted bulk element batch number 405 for stress verification
Copper Component Type-406,150.5,pieces,45.99,20.0,Fitted bulk element batch number 406 for stress verification
Copper Component Type-407,150.5,lbs,45.99,20.0,Fitted bulk element batch number 407 for stress verification
Copper Component Type-408,150.5,linear ft,45.99,20.0,Fitted bulk element batch number 408 for stress verification
Copper Component Type-409,150.5,sq ft,45.99,20.0,Fitted bulk element batch number 409 for stress verification
Copper Component Type-410,150.5,rolls,45.99,20.0,Fitted bulk element batch number 410 for stress verification
Copper Component Type-411,150.5,sheets,45.99,20.0,Fitted bulk element batch number 411 for stress verification
Copper Component Type-412,150.5,pieces,45.99,20.0,Fitted bulk element batch number 412 for stress verification
Copper Component Type-413,150.5,lbs,45.99,20.0,Fitted bulk element batch number 413 for stress verification
Copper Component Type-414,150.5,linear ft,45.99,20.0,Fitted bulk element batch number 414 for stress verification
Copper Component Type-415,150.5,sq ft,45.99,20.0,Fitted bulk element batch number 415 for stress verification
Copper Component Type-416,150.5,rolls,45.99,20.0,Fitted bulk element batch number 416 for stress verification
Copper Component Type-417,150.5,sheets,45.99,20.0,Fitted bulk element batch number 417 for stress verification
Copper Component Type-418,150.5,pieces,45.99,20.0,Fitted bulk element batch number 418 for stress verification
Copper Component Type-419,150.5,lbs,45.99,20.0,Fitted bulk element batch number 419 for stress verification
Copper Component Type-420,150.5,linear ft,45.99,20.0,Fitted bulk element batch number 420 for stress verification
Copper Component Type-421,150.5,sq ft,45.99,20.0,Fitted bulk element batch number 421 for stress verification
Copper Component Type-422,150.5,rolls,45.99,20.0,Fitted bulk element batch number 422 for stress verification
Copper Component Type-423,150.5,sheets,45.99,20.0,Fitted bulk element batch number 423 for stress verification
Copper Component Type-424,150.5,pieces,45.99,20.0,Fitted bulk element batch number 424 for stress verification
Copper Component Type-425,150.5,lbs,45.99,20.0,Fitted bulk element batch number 425 for stress verification
Copper Component Type-426,150.5,linear ft,45.99,20.0,Fitted bulk element batch number 426 for stress verification
Copper Component Type-427,150.5,sq ft,45.99,20.0,Fitted bulk element batch number 427 for stress verification
Copper Component Type-428,150.5,rolls,45.99,20.0,Fitted bulk element batch number 428 for stress verification
Copper Component Type-429,150.5,sheets,45.99,20.0,Fitted bulk element batch number 429 for stress verification
Copper Component Type-430,150.5,pieces,45.99,20.0,Fitted bulk element batch number 430 for stress verification
Copper Component Type-431,150.5,lbs,45.99,20.0,Fitted bulk element batch number 431 for stress verification
Copper Component Type-432,150.5,linear ft,45.99,20.0,Fitted bulk element batch number 432 for stress verification
Copper Component Type-433,150.5,sq ft,45.99,20.0,Fitted bulk element batch number 433 for stress verification
Copper Component Type-434,150.5,rolls,45.99,20.0,Fitted bulk element batch number 434 for stress verification
Copper Component Type-435,150.5,sheets,45.99,20.0,Fitted bulk element batch number 435 for stress verification
Copper Component Type-436,150.5,pieces,45.99,20.0,Fitted bulk element batch number 436 for stress verification
Copper Component Type-437,150.5,lbs,45.99,20.0,Fitted bulk element batch number 437 for stress verification
Copper Component Type-438,150.5,linear ft,45.99,20.0,Fitted bulk element batch number 438 for stress verification
Copper Component Type-439,150.5,sq ft,45.99,20.0,Fitted bulk element batch number 439 for stress verification
Copper Component Type-440,150.5,rolls,45.99,20.0,Fitted bulk element batch number 440 for stress verification
Copper Component Type-441,150.5,sheets,45.99,20.0,Fitted bulk element batch number 441 for stress verification
Copper Component Type-442,150.5,pieces,45.99,20.0,Fitted bulk element batch number 442 for stress verification
Copper Component Type-443,150.5,lbs,45.99,20.0,Fitted bulk element batch number 443 for stress verification
Copper Component Type-444,150.5,linear ft,45.99,20.0,Fitted bulk element batch number 444 for stress verification
Copper Component Type-445,150.5,sq ft,45.99,20.0,Fitted bulk element batch number 445 for stress verification
Copper Component Type-446,150.5,rolls,45.99,20.0,Fitted bulk element batch number 446 for stress verification
Copper Component Type-447,150.5,sheets,45.99,20.0,Fitted bulk element batch number 447 for stress verification
Copper Component Type-448,150.5,pieces,45.99,20.0,Fitted bulk element batch number 448 for stress verification
Copper Component Type-449,150.5,lbs,45.99,20.0,Fitted bulk element batch number 449 for stress verification
Copper Component Type-450,150.5,linear ft,45.99,20.0,Fitted bulk element batch number 450 for stress verification
Copper Component Type-451,150.5,sq ft,45.99,20.0,Fitted bulk element batch number 451 for stress verification
Copper Component Type-452,150.5,rolls,45.99,20.0,Fitted bulk element batch number 452 for stress verification
Copper Component Type-453,150.5,sheets,45.99,20.0,Fitted bulk element batch number 453 for stress verification
Copper Component Type-454,150.5,pieces,45.99,20.0,Fitted bulk element batch number 454 for stress verification
Copper Component Type-455,150.5,lbs,45.99,20.0,Fitted bulk element batch number 455 for stress verification
Copper Component Type-456,150.5,linear ft,45.99,20.0,Fitted bulk element batch number 456 for stress verification
Copper Component Type-457,150.5,sq ft,45.99,20.0,Fitted bulk element batch number 457 for stress verification
Copper Component Type-458,150.5,rolls,45.99,20.0,Fitted bulk element batch number 458 for stress verification
Copper Component Type-459,150.5,sheets,45.99,20.0,Fitted bulk element batch number 459 for stress verification
Copper Component Type-460,150.5,pieces,45.99,20.0,Fitted bulk element batch number 460 for stress verification
Copper Component Type-461,150.5,lbs,45.99,20.0,Fitted bulk element batch number 461 for stress verification
Copper Component Type-462,150.5,linear ft,45.99,20.0,Fitted bulk element batch number 462 for stress verification
Copper Component Type-463,150.5,sq ft,45.99,20.0,Fitted bulk element batch number 463 for stress verification
Copper Component Type-464,150.5,rolls,45.99,20.0,Fitted bulk element batch number 464 for stress verification
Copper Component Type-465,150.5,sheets,45.99,20.0,Fitted bulk element batch number 465 for stress verification
Copper Component Type-466,150.5,pieces,45.99,20.0,Fitted bulk element batch number 466 for stress verification
Copper Component Type-467,150.5,lbs,45.99,20.0,Fitted bulk element batch number 467 for stress verification
Copper Component Type-468,150.5,linear ft,45.99,20.0,Fitted bulk element batch number 468 for stress verification
Copper Component Type-469,150.5,sq ft,45.99,20.0,Fitted bulk element batch number 469 for stress verification
Copper Component Type-470,150.5,rolls,45.99,20.0,Fitted bulk element batch number 470 for stress verification
Copper Component Type-471,150.5,sheets,45.99,20.0,Fitted bulk element batch number 471 for stress verification
Copper Component Type-472,150.5,pieces,45.99,20.0,Fitted bulk element batch number 472 for stress verification
Copper Component Type-473,150.5,lbs,45.99,20.0,Fitted bulk element batch number 473 for stress verification
Copper Component Type-474,150.5,linear ft,45.99,20.0,Fitted bulk element batch number 474 for stress verification
Copper Component Type-475,150.5,sq ft,45.99,20.0,Fitted bulk element batch number 475 for stress verification
Copper Component Type-476,150.5,rolls,45.99,20.0,Fitted bulk element batch number 476 for stress verification
Copper Component Type-477,150.5,sheets,45.99,20.0,Fitted bulk element batch number 477 for stress verification
Copper Component Type-478,150.5,pieces,45.99,20.0,Fitted bulk element batch number 478 for stress verification
Copper Component Type-479,150.5,lbs,45.99,20.0,Fitted bulk element batch number 479 for stress verification
Copper Component Type-480,150.5,linear ft,45.99,20.0,Fitted bulk element batch number 480 for stress verification
Copper Component Type-481,150.5,sq ft,45.99,20.0,Fitted bulk element batch number 481 for stress verification
Copper Component Type-482,150.5,rolls,45.99,20.0,Fitted bulk element batch number 482 for stress verification
Copper Component Type-483,150.5,sheets,45.99,20.0,Fitted bulk element batch number 483 for stress verification
Copper Component Type-484,150.5,pieces,45.99,20.0,Fitted bulk element batch number 484 for stress verification
Copper Component Type-485,150.5,lbs,45.99,20.0,Fitted bulk element batch number 485 for stress verification
Copper Component Type-486,150.5,linear ft,45.99,20.0,Fitted bulk element batch number 486 for stress verification
Copper Component Type-487,150.5,sq ft,45.99,20.0,Fitted bulk element batch number 487 for stress verification
Copper Component Type-488,150.5,rolls,45.99,20.0,Fitted bulk element batch number 488 for stress verification
Copper Component Type-489,150.5,sheets,45.99,20.0,Fitted bulk element batch number 489 for stress verification
Copper Component Type-490,150.5,pieces,45.99,20.0,Fitted bulk element batch number 490 for stress verification
Copper Component Type-491,150.5,lbs,45.99,20.0,Fitted bulk element batch number 491 for stress verification
Copper Component Type-492,150.5,linear ft,45.99,20.0,Fitted bulk element batch number 492 for stress verification
Copper Component Type-493,150.5,sq ft,45.99,20.0,Fitted bulk element batch number 493 for stress verification
Copper Component Type-494,150.5,rolls,45.99,20.0,Fitted bulk element batch number 494 for stress verification
Copper Component Type-495,150.5,sheets,45.99,20.0,Fitted bulk element batch number 495 for stress verification
Copper Component Type-496,150.5,pieces,45.99,20.0,Fitted bulk element batch number 496 for stress verification
Copper Component Type-497,150.5,lbs,45.99,20.0,Fitted bulk element batch number 497 for stress verification
Copper Component Type-498,150.5,linear ft,45.99,20.0,Fitted bulk element batch number 498 for stress verification
Copper Component Type-499,150.5,sq ft,45.99,20.0,Fitted bulk element batch number 499 for stress verification
Copper Component Type-500,150.5,rolls,45.99,20.0,Fitted bulk element batch number 500 for stress verification
Copper Component Type-501,150.5,sheets,45.99,20.0,Fitted bulk element batch number 501 for stress verification
Copper Component Type-502,150.5,pieces,45.99,20.0,Fitted bulk element batch number 502 for stress verification
Copper Component Type-503,150.5,lbs,45.99,20.0,Fitted bulk element batch number 503 for stress verification
Copper Component Type-504,150.5,linear ft,45.99,20.0,Fitted bulk element batch number 504 for stress verification
Copper Component Type-505,150.5,sq ft,45.99,20.0,Fitted bulk element batch number 505 for stress verification
Copper Component Type-506,150.5,rolls,45.99,20.0,Fitted bulk element batch number 506 for stress verification
Copper Component Type-507,150.5,sheets,45.99,20.0,Fitted bulk element batch number 507 for stress verification
Copper Component Type-508,150.5,pieces,45.99,20.0,Fitted bulk element batch number 508 for stress verification
Copper Component Type-509,150.5,lbs,45.99,20.0,Fitted bulk element batch number 509 for stress verification
Copper Component Type-510,150.5,linear ft,45.99,20.0,Fitted bulk element batch number 510 for stress verification
Copper Component Type-511,150.5,sq ft,45.99,20.0,Fitted bulk element batch number 511 for stress verification
Copper Component Type-512,150.5,rolls,45.99,20.0,Fitted bulk element batch number 512 for stress verification
Copper Component Type-513,150.5,sheets,45.99,20.0,Fitted bulk element batch number 513 for stress verification
Copper Component Type-514,150.5,pieces,45.99,20.0,Fitted bulk element batch number 514 for stress verification
Copper Component Type-515,150.5,lbs,45.99,20.0,Fitted bulk element batch number 515 for stress verification
Copper Component Type-516,150.5,linear ft,45.99,20.0,Fitted bulk element batch number 516 for stress verification
Copper Component Type-517,150.5,sq ft,45.99,20.0,Fitted bulk element batch number 517 for stress verification
Copper Component Type-518,150.5,rolls,45.99,20.0,Fitted bulk element batch number 518 for stress verification
Copper Component Type-519,150.5,sheets,45.99,20.0,Fitted bulk element batch number 519 for stress verification
Copper Component Type-520,150.5,pieces,45.99,20.0,Fitted bulk element batch number 520 for stress verification
Copper Component Type-521,150.5,lbs,45.99,20.0,Fitted bulk element batch number 521 for stress verification
Copper Component Type-522,150.5,linear ft,45.99,20.0,Fitted bulk element batch number 522 for stress verification
Copper Component Type-523,150.5,sq ft,45.99,20.0,Fitted bulk element batch number 523 for stress verification
Copper Component Type-524,150.5,rolls,45.99,20.0,Fitted bulk element batch number 524 for stress verification
Copper Component Type-525,150.5,sheets,45.99,20.0,Fitted bulk element batch number 525 for stress verification
Copper Component Type-526,150.5,pieces,45.99,20.0,Fitted bulk element batch number 526 for stress verification
Copper Component Type-527,150.5,lbs,45.99,20.0,Fitted bulk element batch number 527 for stress verification
Copper Component Type-528,150.5,linear ft,45.99,20.0,Fitted bulk element batch number 528 for stress verification
Copper Component Type-529,150.5,sq ft,45.99,20.0,Fitted bulk element batch number 529 for stress verification
Copper Component Type-530,150.5,rolls,45.99,20.0,Fitted bulk element batch number 530 for stress verification
Copper Component Type-531,150.5,sheets,45.99,20.0,Fitted bulk element batch number 531 for stress verification
Copper Component Type-532,150.5,pieces,45.99,20.0,Fitted bulk element batch number 532 for stress verification
Copper Component Type-533,150.5,lbs,45.99,20.0,Fitted bulk element batch number 533 for stress verification
Copper Component Type-534,150.5,linear ft,45.99,20.0,Fitted bulk element batch number 534 for stress verification
Copper Component Type-535,150.5,sq ft,45.99,20.0,Fitted bulk element batch number 535 for stress verification
Copper Component Type-536,150.5,rolls,45.99,20.0,Fitted bulk element batch number 536 for stress verification
Copper Component Type-537,150.5,sheets,45.99,20.0,Fitted bulk element batch number 537 for stress verification
Copper Component Type-538,150.5,pieces,45.99,20.0,Fitted bulk element batch number 538 for stress verification
Copper Component Type-539,150.5,lbs,45.99,20.0,Fitted bulk element batch number 539 for stress verification
Copper Component Type-540,150.5,linear ft,45.99,20.0,Fitted bulk element batch number 540 for stress verification
Copper Component Type-541,150.5,sq ft,45.99,20.0,Fitted bulk element batch number 541 for stress verification
Copper Component Type-542,150.5,rolls,45.99,20.0,Fitted bulk element batch number 542 for stress verification
Copper Component Type-543,150.5,sheets,45.99,20.0,Fitted bulk element batch number 543 for stress verification
Copper Component Type-544,150.5,pieces,45.99,20.0,Fitted bulk element batch number 544 for stress verification
Copper Component Type-545,150.5,lbs,45.99,20.0,Fitted bulk element batch number 545 for stress verification
Copper Component Type-546,150.5,linear ft,45.99,20.0,Fitted bulk element batch number 546 for stress verification
Copper Component Type-547,150.5,sq ft,45.99,20.0,Fitted bulk element batch number 547 for stress verification
Copper Component Type-548,150.5,rolls,45.99,20.0,Fitted bulk element batch number 548 for stress verification
Copper Component Type-549,150.5,sheets,45.99,20.0,Fitted bulk element batch number 549 for stress verification
Copper Component Type-550,150.5,pieces,45.99,20.0,Fitted bulk element batch number 550 for stress verification
Copper Component Type-551,150.5,lbs,45.99,20.0,Fitted bulk element batch number 551 for stress verification
Copper Component Type-552,150.5,linear ft,45.99,20.0,Fitted bulk element batch number 552 for stress verification
Copper Component Type-553,150.5,sq ft,45.99,20.0,Fitted bulk element batch number 553 for stress verification
Copper Component Type-554,150.5,rolls,45.99,20.0,Fitted bulk element batch number 554 for stress verification
Copper Component Type-555,150.5,sheets,45.99,20.0,Fitted bulk element batch number 555 for stress verification
Copper Component Type-556,150.5,pieces,45.99,20.0,Fitted bulk element batch number 556 for stress verification
Copper Component Type-557,150.5,lbs,45.99,20.0,Fitted bulk element batch number 557 for stress verification
Copper Component Type-558,150.5,linear ft,45.99,20.0,Fitted bulk element batch number 558 for stress verification
Copper Component Type-559,150.5,sq ft,45.99,20.0,Fitted bulk element batch number 559 for stress verification
Copper Component Type-560,150.5,rolls,45.99,20.0,Fitted bulk element batch number 560 for stress verification
Copper Component Type-561,150.5,sheets,45.99,20.0,Fitted bulk element batch number 561 for stress verification
Copper Component Type-562,150.5,pieces,45.99,20.0,Fitted bulk element batch number 562 for stress verification
Copper Component Type-563,150.5,lbs,45.99,20.0,Fitted bulk element batch number 563 for stress verification
Copper Component Type-564,150.5,linear ft,45.99,20.0,Fitted bulk element batch number 564 for stress verification
Copper Component Type-565,150.5,sq ft,45.99,20.0,Fitted bulk element batch number 565 for stress verification
Copper Component Type-566,150.5,rolls,45.99,20.0,Fitted bulk element batch number 566 for stress verification
Copper Component Type-567,150.5,sheets,45.99,20.0,Fitted bulk element batch number 567 for stress verification
Copper Component Type-568,150.5,pieces,45.99,20.0,Fitted bulk element batch number 568 for stress verification
Copper Component Type-569,150.5,lbs,45.99,20.0,Fitted bulk element batch number 569 for stress verification
Copper Component Type-570,150.5,linear ft,45.99,20.0,Fitted bulk element batch number 570 for stress verification
Copper Component Type-571,150.5,sq ft,45.99,20.0,Fitted bulk element batch number 571 for stress verification
Copper Component Type-572,150.5,rolls,45.99,20.0,Fitted bulk element batch number 572 for stress verification
Copper Component Type-573,150.5,sheets,45.99,20.0,Fitted bulk element batch number 573 for stress verification
Copper Component Type-574,150.5,pieces,45.99,20.0,Fitted bulk element batch number 574 for stress verification
Copper Component Type-575,150.5,lbs,45.99,20.0,Fitted bulk element batch number 575 for stress verification
Copper Component Type-576,150.5,linear ft,45.99,20.0,Fitted bulk element batch number 576 for stress verification
Copper Component Type-577,150.5,sq ft,45.99,20.0,Fitted bulk element batch number 577 for stress verification
Copper Component Type-578,150.5,rolls,45.99,20.0,Fitted bulk element batch number 578 for stress verification
Copper Component Type-579,150.5,sheets,45.99,20.0,Fitted bulk element batch number 579 for stress verification
Copper Component Type-580,150.5,pieces,45.99,20.0,Fitted bulk element batch number 580 for stress verification
Copper Component Type-581,150.5,lbs,45.99,20.0,Fitted bulk element batch number 581 for stress verification
Copper Component Type-582,150.5,linear ft,45.99,20.0,Fitted bulk element batch number 582 for stress verification
Copper Component Type-583,150.5,sq ft,45.99,20.0,Fitted bulk element batch number 583 for stress verification
Copper Component Type-584,150.5,rolls,45.99,20.0,Fitted bulk element batch number 584 for stress verification
Copper Component Type-585,150.5,sheets,45.99,20.0,Fitted bulk element batch number 585 for stress verification
Copper Component Type-586,150.5,pieces,45.99,20.0,Fitted bulk element batch number 586 for stress verification
Copper Component Type-587,150.5,lbs,45.99,20.0,Fitted bulk element batch number 587 for stress verification
Copper Component Type-588,150.5,linear ft,45.99,20.0,Fitted bulk element batch number 588 for stress verification
Copper Component Type-589,150.5,sq ft,45.99,20.0,Fitted bulk element batch number 589 for stress verification
Copper Component Type-590,150.5,rolls,45.99,20.0,Fitted bulk element batch number 590 for stress verification
Copper Component Type-591,150.5,sheets,45.99,20.0,Fitted bulk element batch number 591 for stress verification
Copper Component Type-592,150.5,pieces,45.99,20.0,Fitted bulk element batch number 592 for stress verification
Copper Component Type-593,150.5,lbs,45.99,20.0,Fitted bulk element batch number 593 for stress verification
Copper Component Type-594,150.5,linear ft,45.99,20.0,Fitted bulk element batch number 594 for stress verification
Copper Component Type-595,150.5,sq ft,45.99,20.0,Fitted bulk element batch number 595 for stress verification
Copper Component Type-596,150.5,rolls,45.99,20.0,Fitted bulk element batch number 596 for stress verification
Copper Component Type-597,150.5,sheets,45.99,20.0,Fitted bulk element batch number 597 for stress verification
Copper Component Type-598,150.5,pieces,45.99,20.0,Fitted bulk element batch number 598 for stress verification
Copper Component Type-599,150.5,lbs,45.99,20.0,Fitted bulk element batch number 599 for stress verification
Copper Component Type-600,150.5,linear ft,45.99,20.0,Fitted bulk element batch number 600 for stress verification
Copper Component Type-601,150.5,sq ft,45.99,20.0,Fitted bulk element batch number 601 for stress verification
Copper Component Type-602,150.5,rolls,45.99,20.0,Fitted bulk element batch number 602 for stress verification
Copper Component Type-603,150.5,sheets,45.99,20.0,Fitted bulk element batch number 603 for stress verification
Copper Component Type-604,150.5,pieces,45.99,20.0,Fitted bulk element batch number 604 for stress verification
Copper Component Type-605,150.5,lbs,45.99,20.0,Fitted bulk element batch number 605 for stress verification
Copper Component Type-606,150.5,linear ft,45.99,20.0,Fitted bulk element batch number 606 for stress verification
Copper Component Type-607,150.5,sq ft,45.99,20.0,Fitted bulk element batch number 607 for stress verification
Copper Component Type-608,150.5,rolls,45.99,20.0,Fitted bulk element batch number 608 for stress verification
Copper Component Type-609,150.5,sheets,45.99,20.0,Fitted bulk element batch number 609 for stress verification
Copper Component Type-610,150.5,pieces,45.99,20.0,Fitted bulk element batch number 610 for stress verification
Copper Component Type-611,150.5,lbs,45.99,20.0,Fitted bulk element batch number 611 for stress verification
Copper Component Type-612,150.5,linear ft,45.99,20.0,Fitted bulk element batch number 612 for stress verification
Copper Component Type-613,150.5,sq ft,45.99,20.0,Fitted bulk element batch number 613 for stress verification
Copper Component Type-614,150.5,rolls,45.99,20.0,Fitted bulk element batch number 614 for stress verification
Copper Component Type-615,150.5,sheets,45.99,20.0,Fitted bulk element batch number 615 for stress verification
Copper Component Type-616,150.5,pieces,45.99,20.0,Fitted bulk element batch number 616 for stress verification
Copper Component Type-617,150.5,lbs,45.99,20.0,Fitted bulk element batch number 617 for stress verification
Copper Component Type-618,150.5,linear ft,45.99,20.0,Fitted bulk element batch number 618 for stress verification
Copper Component Type-619,150.5,sq ft,45.99,20.0,Fitted bulk element batch number 619 for stress verification
Copper Component Type-620,150.5,rolls,45.99,20.0,Fitted bulk element batch number 620 for stress verification
Copper Component Type-621,150.5,sheets,45.99,20.0,Fitted bulk element batch number 621 for stress verification
Copper Component Type-622,150.5,pieces,45.99,20.0,Fitted bulk element batch number 622 for stress verification
Copper Component Type-623,150.5,lbs,45.99,20.0,Fitted bulk element batch number 623 for stress verification
Copper Component Type-624,150.5,linear ft,45.99,20.0,Fitted bulk element batch number 624 for stress verification
Copper Component Type-625,150.5,sq ft,45.99,20.0,Fitted bulk element batch number 625 for stress verification
Copper Component Type-626,150.5,rolls,45.99,20.0,Fitted bulk element batch number 626 for stress verification
Copper Component Type-627,150.5,sheets,45.99,20.0,Fitted bulk element batch number 627 for stress verification
Copper Component Type-628,150.5,pieces,45.99,20.0,Fitted bulk element batch number 628 for stress verification
Copper Component Type-629,150.5,lbs,45.99,20.0,Fitted bulk element batch number 629 for stress verification
Copper Component Type-630,150.5,linear ft,45.99,20.0,Fitted bulk element batch number 630 for stress verification
Copper Component Type-631,150.5,sq ft,45.99,20.0,Fitted bulk element batch number 631 for stress verification
Copper Component Type-632,150.5,rolls,45.99,20.0,Fitted bulk element batch number 632 for stress verification
Copper Component Type-633,150.5,sheets,45.99,20.0,Fitted bulk element batch number 633 for stress verification
Copper Component Type-634,150.5,pieces,45.99,20.0,Fitted bulk element batch number 634 for stress verification
Copper Component Type-635,150.5,lbs,45.99,20.0,Fitted bulk element batch number 635 for stress verification
Copper Component Type-636,150.5,linear ft,45.99,20.0,Fitted bulk element batch number 636 for stress verification
Copper Component Type-637,150.5,sq ft,45.99,20.0,Fitted bulk element batch number 637 for stress verification
Copper Component Type-638,150.5,rolls,45.99,20.0,Fitted bulk element batch number 638 for stress verification
Copper Component Type-639,150.5,sheets,45.99,20.0,Fitted bulk element batch number 639 for stress verification
Copper Component Type-640,150.5,pieces,45.99,20.0,Fitted bulk element batch number 640 for stress verification
Copper Component Type-641,150.5,lbs,45.99,20.0,Fitted bulk element batch number 641 for stress verification
Copper Component Type-642,150.5,linear ft,45.99,20.0,Fitted bulk element batch number 642 for stress verification
Copper Component Type-643,150.5,sq ft,45.99,20.0,Fitted bulk element batch number 643 for stress verification
Copper Component Type-644,150.5,rolls,45.99,20.0,Fitted bulk element batch number 644 for stress verification
Copper Component Type-645,150.5,sheets,45.99,20.0,Fitted bulk element batch number 645 for stress verification
Copper Component Type-646,150.5,pieces,45.99,20.0,Fitted bulk element batch number 646 for stress verification
Copper Component Type-647,150.5,lbs,45.99,20.0,Fitted bulk element batch number 647 for stress verification
Copper Component Type-648,150.5,linear ft,45.99,20.0,Fitted bulk element batch number 648 for stress verification
Copper Component Type-649,150.5,sq ft,45.99,20.0,Fitted bulk element batch number 649 for stress verification
Copper Component Type-650,150.5,rolls,45.99,20.0,Fitted bulk element batch number 650 for stress verification
Copper Component Type-651,150.5,sheets,45.99,20.0,Fitted bulk element batch number 651 for stress verification
Copper Component Type-652,150.5,pieces,45.99,20.0,Fitted bulk element batch number 652 for stress verification
Copper Component Type-653,150.5,lbs,45.99,20.0,Fitted bulk element batch number 653 for stress verification
Copper Component Type-654,150.5,linear ft,45.99,20.0,Fitted bulk element batch number 654 for stress verification
Copper Component Type-655,150.5,sq ft,45.99,20.0,Fitted bulk element batch number 655 for stress verification
Copper Component Type-656,150.5,rolls,45.99,20.0,Fitted bulk element batch number 656 for stress verification
Copper Component Type-657,150.5,sheets,45.99,20.0,Fitted bulk element batch number 657 for stress verification
Copper Component Type-658,150.5,pieces,45.99,20.0,Fitted bulk element batch number 658 for stress verification
Copper Component Type-659,150.5,lbs,45.99,20.0,Fitted bulk element batch number 659 for stress verification
Copper Component Type-660,150.5,linear ft,45.99,20.0,Fitted bulk element batch number 660 for stress verification
Copper Component Type-661,150.5,sq ft,45.99,20.0,Fitted bulk element batch number 661 for stress verification
Copper Component Type-662,150.5,rolls,45.99,20.0,Fitted bulk element batch number 662 for stress verification
Copper Component Type-663,150.5,sheets,45.99,20.0,Fitted bulk element batch number 663 for stress verification
Copper Component Type-664,150.5,pieces,45.99,20.0,Fitted bulk element batch number 664 for stress verification
Copper Component Type-665,150.5,lbs,45.99,20.0,Fitted bulk element batch number 665 for stress verification
Copper Component Type-666,150.5,linear ft,45.99,20.0,Fitted bulk element batch number 666 for stress verification
Copper Component Type-667,150.5,sq ft,45.99,20.0,Fitted bulk element batch number 667 for stress verification
Copper Component Type-668,150.5,rolls,45.99,20.0,Fitted bulk element batch number 668 for stress verification
Copper Component Type-669,150.5,sheets,45.99,20.0,Fitted bulk element batch number 669 for stress verification
Copper Component Type-670,150.5,pieces,45.99,20.0,Fitted bulk element batch number 670 for stress verification
Copper Component Type-671,150.5,lbs,45.99,20.0,Fitted bulk element batch number 671 for stress verification
Copper Component Type-672,150.5,linear ft,45.99,20.0,Fitted bulk element batch number 672 for stress verification
Copper Component Type-673,150.5,sq ft,45.99,20.0,Fitted bulk element batch number 673 for stress verification
Copper Component Type-674,150.5,rolls,45.99,20.0,Fitted bulk element batch number 674 for stress verification
Copper Component Type-675,150.5,sheets,45.99,20.0,Fitted bulk element batch number 675 for stress verification
Copper Component Type-676,150.5,pieces,45.99,20.0,Fitted bulk element batch number 676 for stress verification
Copper Component Type-677,150.5,lbs,45.99,20.0,Fitted bulk element batch number 677 for stress verification
Copper Component Type-678,150.5,linear ft,45.99,20.0,Fitted bulk element batch number 678 for stress verification
Copper Component Type-679,150.5,sq ft,45.99,20.0,Fitted bulk element batch number 679 for stress verification
Copper Component Type-680,150.5,rolls,45.99,20.0,Fitted bulk element batch number 680 for stress verification
Copper Component Type-681,150.5,sheets,45.99,20.0,Fitted bulk element batch number 681 for stress verification
Copper Component Type-682,150.5,pieces,45.99,20.0,Fitted bulk element batch number 682 for stress verification
Copper Component Type-683,150.5,lbs,45.99,20.0,Fitted bulk element batch number 683 for stress verification
Copper Component Type-684,150.5,linear ft,45.99,20.0,Fitted bulk element batch number 684 for stress verification
Copper Component Type-685,150.5,sq ft,45.99,20.0,Fitted bulk element batch number 685 for stress verification
Copper Component Type-686,150.5,rolls,45.99,20.0,Fitted bulk element batch number 686 for stress verification
Copper Component Type-687,150.5,sheets,45.99,20.0,Fitted bulk element batch number 687 for stress verification
Copper Component Type-688,150.5,pieces,45.99,20.0,Fitted bulk element batch number 688 for stress verification
Copper Component Type-689,150.5,lbs,45.99,20.0,Fitted bulk element batch number 689 for stress verification
Copper Component Type-690,150.5,linear ft,45.99,20.0,Fitted bulk element batch number 690 for stress verification
Copper Component Type-691,150.5,sq ft,45.99,20.0,Fitted bulk element batch number 691 for stress verification
Copper Component Type-692,150.5,rolls,45.99,20.0,Fitted bulk element batch number 692 for stress verification
Copper Component Type-693,150.5,sheets,45.99,20.0,Fitted bulk element batch number 693 for stress verification
Copper Component Type-694,150.5,pieces,45.99,20.0,Fitted bulk element batch number 694 for stress verification
Copper Component Type-695,150.5,lbs,45.99,20.0,Fitted bulk element batch number 695 for stress verification
Copper Component Type-696,150.5,linear ft,45.99,20.0,Fitted bulk element batch number 696 for stress verification
Copper Component Type-697,150.5,sq ft,45.99,20.0,Fitted bulk element batch number 697 for stress verification
Copper Component Type-698,150.5,rolls,45.99,20.0,Fitted bulk element batch number 698 for stress verification
Copper Component Type-699,150.5,sheets,45.99,20.0,Fitted bulk element batch number 699 for stress verification
Copper Component Type-700,150.5,pieces,45.99,20.0,Fitted bulk element batch number 700 for stress verification
Copper Component Type-701,150.5,lbs,45.99,20.0,Fitted bulk element batch number 701 for stress verification
Copper Component Type-702,150.5,linear ft,45.99,20.0,Fitted bulk element batch number 702 for stress verification
Copper Component Type-703,150.5,sq ft,45.99,20.0,Fitted bulk element batch number 703 for stress verification
Copper Component Type-704,150.5,rolls,45.99,20.0,Fitted bulk element batch number 704 for stress verification
Copper Component Type-705,150.5,sheets,45.99,20.0,Fitted bulk element batch number 705 for stress verification
Copper Component Type-706,150.5,pieces,45.99,20.0,Fitted bulk element batch number 706 for stress verification
Copper Component Type-707,150.5,lbs,45.99,20.0,Fitted bulk element batch number 707 for stress verification
Copper Component Type-708,150.5,linear ft,45.99,20.0,Fitted bulk element batch number 708 for stress verification
Copper Component Type-709,150.5,sq ft,45.99,20.0,Fitted bulk element batch number 709 for stress verification
Copper Component Type-710,150.5,rolls,45.99,20.0,Fitted bulk element batch number 710 for stress verification
Copper Component Type-711,150.5,sheets,45.99,20.0,Fitted bulk element batch number 711 for stress verification
Copper Component Type-712,150.5,pieces,45.99,20.0,Fitted bulk element batch number 712 for stress verification
Copper Component Type-713,150.5,lbs,45.99,20.0,Fitted bulk element batch number 713 for stress verification
Copper Component Type-714,150.5,linear ft,45.99,20.0,Fitted bulk element batch number 714 for stress verification
Copper Component Type-715,150.5,sq ft,45.99,20.0,Fitted bulk element batch number 715 for stress verification
Copper Component Type-716,150.5,rolls,45.99,20.0,Fitted bulk element batch number 716 for stress verification
Copper Component Type-717,150.5,sheets,45.99,20.0,Fitted bulk element batch number 717 for stress verification
Copper Component Type-718,150.5,pieces,45.99,20.0,Fitted bulk element batch number 718 for stress verification
Copper Component Type-719,150.5,lbs,45.99,20.0,Fitted bulk element batch number 719 for stress verification
Copper Component Type-720,150.5,linear ft,45.99,20.0,Fitted bulk element batch number 720 for stress verification
Copper Component Type-721,150.5,sq ft,45.99,20.0,Fitted bulk element batch number 721 for stress verification
Copper Component Type-722,150.5,rolls,45.99,20.0,Fitted bulk element batch number 722 for stress verification
Copper Component Type-723,150.5,sheets,45.99,20.0,Fitted bulk element batch number 723 for stress verification
Copper Component Type-724,150.5,pieces,45.99,20.0,Fitted bulk element batch number 724 for stress verification
Copper Component Type-725,150.5,lbs,45.99,20.0,Fitted bulk element batch number 725 for stress verification
Copper Component Type-726,150.5,linear ft,45.99,20.0,Fitted bulk element batch number 726 for stress verification
Copper Component Type-727,150.5,sq ft,45.99,20.0,Fitted bulk element batch number 727 for stress verification
Copper Component Type-728,150.5,rolls,45.99,20.0,Fitted bulk element batch number 728 for stress verification
Copper Component Type-729,150.5,sheets,45.99,20.0,Fitted bulk element batch number 729 for stress verification
Copper Component Type-730,150.5,pieces,45.99,20.0,Fitted bulk element batch number 730 for stress verification
Copper Component Type-731,150.5,lbs,45.99,20.0,Fitted bulk element batch number 731 for stress verification
Copper Component Type-732,150.5,linear ft,45.99,20.0,Fitted bulk element batch number 732 for stress verification
Copper Component Type-733,150.5,sq ft,45.99,20.0,Fitted bulk element batch number 733 for stress verification
Copper Component Type-734,150.5,rolls,45.99,20.0,Fitted bulk element batch number 734 for stress verification
Copper Component Type-735,150.5,sheets,45.99,20.0,Fitted bulk element batch number 735 for stress verification
Copper Component Type-736,150.5,pieces,45.99,20.0,Fitted bulk element batch number 736 for stress verification
Copper Component Type-737,150.5,lbs,45.99,20.0,Fitted bulk element batch number 737 for stress verification
Copper Component Type-738,150.5,linear ft,45.99,20.0,Fitted bulk element batch number 738 for stress verification
Copper Component Type-739,150.5,sq ft,45.99,20.0,Fitted bulk element batch number 739 for stress verification
Copper Component Type-740,150.5,rolls,45.99,20.0,Fitted bulk element batch number 740 for stress verification
Copper Component Type-741,150.5,sheets,45.99,20.0,Fitted bulk element batch number 741 for stress verification
Copper Component Type-742,150.5,pieces,45.99,20.0,Fitted bulk element batch number 742 for stress verification
Copper Component Type-743,150.5,lbs,45.99,20.0,Fitted bulk element batch number 743 for stress verification
Copper Component Type-744,150.5,linear ft,45.99,20.0,Fitted bulk element batch number 744 for stress verification
Copper Component Type-745,150.5,sq ft,45.99,20.0,Fitted bulk element batch number 745 for stress verification
Copper Component Type-746,150.5,rolls,45.99,20.0,Fitted bulk element batch number 746 for stress verification
Copper Component Type-747,150.5,sheets,45.99,20.0,Fitted bulk element batch number 747 for stress verification
Copper Component Type-748,150.5,pieces,45.99,20.0,Fitted bulk element batch number 748 for stress verification
Copper Component Type-749,150.5,lbs,45.99,20.0,Fitted bulk element batch number 749 for stress verification
Copper Component Type-750,150.5,linear ft,45.99,20.0,Fitted bulk element batch number 750 for stress verification
Copper Component Type-751,150.5,sq ft,45.99,20.0,Fitted bulk element batch number 751 for stress verification
Copper Component Type-752,150.5,rolls,45.99,20.0,Fitted bulk element batch number 752 for stress verification
Copper Component Type-753,150.5,sheets,45.99,20.0,Fitted bulk element batch number 753 for stress verification
Copper Component Type-754,150.5,pieces,45.99,20.0,Fitted bulk element batch number 754 for stress verification
Copper Component Type-755,150.5,lbs,45.99,20.0,Fitted bulk element batch number 755 for stress verification
Copper Component Type-756,150.5,linear ft,45.99,20.0,Fitted bulk element batch number 756 for stress verification
Copper Component Type-757,150.5,sq ft,45.99,20.0,Fitted bulk element batch number 757 for stress verification
Copper Component Type-758,150.5,rolls,45.99,20.0,Fitted bulk element batch number 758 for stress verification
Copper Component Type-759,150.5,sheets,45.99,20.0,Fitted bulk element batch number 759 for stress verification
Copper Component Type-760,150.5,pieces,45.99,20.0,Fitted bulk element batch number 760 for stress verification
Copper Component Type-761,150.5,lbs,45.99,20.0,Fitted bulk element batch number 761 for stress verification
Copper Component Type-762,150.5,linear ft,45.99,20.0,Fitted bulk element batch number 762 for stress verification
Copper Component Type-763,150.5,sq ft,45.99,20.0,Fitted bulk element batch number 763 for stress verification
Copper Component Type-764,150.5,rolls,45.99,20.0,Fitted bulk element batch number 764 for stress verification
Copper Component Type-765,150.5,sheets,45.99,20.0,Fitted bulk element batch number 765 for stress verification
Copper Component Type-766,150.5,pieces,45.99,20.0,Fitted bulk element batch number 766 for stress verification
Copper Component Type-767,150.5,lbs,45.99,20.0,Fitted bulk element batch number 767 for stress verification
Copper Component Type-768,150.5,linear ft,45.99,20.0,Fitted bulk element batch number 768 for stress verification
Copper Component Type-769,150.5,sq ft,45.99,20.0,Fitted bulk element batch number 769 for stress verification
Copper Component Type-770,150.5,rolls,45.99,20.0,Fitted bulk element batch number 770 for stress verification
Copper Component Type-771,150.5,sheets,45.99,20.0,Fitted bulk element batch number 771 for stress verification
Copper Component Type-772,150.5,pieces,45.99,20.0,Fitted bulk element batch number 772 for stress verification
Copper Component Type-773,150.5,lbs,45.99,20.0,Fitted bulk element batch number 773 for stress verification
Copper Component Type-774,150.5,linear ft,45.99,20.0,Fitted bulk element batch number 774 for stress verification
Copper Component Type-775,150.5,sq ft,45.99,20.0,Fitted bulk element batch number 775 for stress verification
Copper Component Type-776,150.5,rolls,45.99,20.0,Fitted bulk element batch number 776 for stress verification
Copper Component Type-777,150.5,sheets,45.99,20.0,Fitted bulk element batch number 777 for stress verification
Copper Component Type-778,150.5,pieces,45.99,20.0,Fitted bulk element batch number 778 for stress verification
Copper Component Type-779,150.5,lbs,45.99,20.0,Fitted bulk element batch number 779 for stress verification
Copper Component Type-780,150.5,linear ft,45.99,20.0,Fitted bulk element batch number 780 for stress verification
Copper Component Type-781,150.5,sq ft,45.99,20.0,Fitted bulk element batch number 781 for stress verification
Copper Component Type-782,150.5,rolls,45.99,20.0,Fitted bulk element batch number 782 for stress verification
Copper Component Type-783,150.5,sheets,45.99,20.0,Fitted bulk element batch number 783 for stress verification
Copper Component Type-784,150.5,pieces,45.99,20.0,Fitted bulk element batch number 784 for stress verification
Copper Component Type-785,150.5,lbs,45.99,20.0,Fitted bulk element batch number 785 for stress verification
Copper Component Type-786,150.5,linear ft,45.99,20.0,Fitted bulk element batch number 786 for stress verification
Copper Component Type-787,150.5,sq ft,45.99,20.0,Fitted bulk element batch number 787 for stress verification
Copper Component Type-788,150.5,rolls,45.99,20.0,Fitted bulk element batch number 788 for stress verification
Copper Component Type-789,150.5,sheets,45.99,20.0,Fitted bulk element batch number 789 for stress verification
Copper Component Type-790,150.5,pieces,45.99,20.0,Fitted bulk element batch number 790 for stress verification
Copper Component Type-791,150.5,lbs,45.99,20.0,Fitted bulk element batch number 791 for stress verification
Copper Component Type-792,150.5,linear ft,45.99,20.0,Fitted bulk element batch number 792 for stress verification
Copper Component Type-793,150.5,sq ft,45.99,20.0,Fitted bulk element batch number 793 for stress verification
Copper Component Type-794,150.5,rolls,45.99,20.0,Fitted bulk element batch number 794 for stress verification
Copper Component Type-795,150.5,sheets,45.99,20.0,Fitted bulk element batch number 795 for stress verification
Copper Component Type-796,150.5,pieces,45.99,20.0,Fitted bulk element batch number 796 for stress verification
Copper Component Type-797,150.5,lbs,45.99,20.0,Fitted bulk element batch number 797 for stress verification
Copper Component Type-798,150.5,linear ft,45.99,20.0,Fitted bulk element batch number 798 for stress verification
Copper Component Type-799,150.5,sq ft,45.99,20.0,Fitted bulk element batch number 799 for stress verification
Copper Component Type-800,150.5,rolls,45.99,20.0,Fitted bulk element batch number 800 for stress verification
Copper Component Type-801,150.5,sheets,45.99,20.0,Fitted bulk element batch number 801 for stress verification
Copper Component Type-802,150.5,pieces,45.99,20.0,Fitted bulk element batch number 802 for stress verification
Copper Component Type-803,150.5,lbs,45.99,20.0,Fitted bulk element batch number 803 for stress verification
Copper Component Type-804,150.5,linear ft,45.99,20.0,Fitted bulk element batch number 804 for stress verification
Copper Component Type-805,150.5,sq ft,45.99,20.0,Fitted bulk element batch number 805 for stress verification
Copper Component Type-806,150.5,rolls,45.99,20.0,Fitted bulk element batch number 806 for stress verification
Copper Component Type-807,150.5,sheets,45.99,20.0,Fitted bulk element batch number 807 for stress verification
Copper Component Type-808,150.5,pieces,45.99,20.0,Fitted bulk element batch number 808 for stress verification
Copper Component Type-809,150.5,lbs,45.99,20.0,Fitted bulk element batch number 809 for stress verification
Copper Component Type-810,150.5,linear ft,45.99,20.0,Fitted bulk element batch number 810 for stress verification
Copper Component Type-811,150.5,sq ft,45.99,20.0,Fitted bulk element batch number 811 for stress verification
Copper Component Type-812,150.5,rolls,45.99,20.0,Fitted bulk element batch number 812 for stress verification
Copper Component Type-813,150.5,sheets,45.99,20.0,Fitted bulk element batch number 813 for stress verification
Copper Component Type-814,150.5,pieces,45.99,20.0,Fitted bulk element batch number 814 for stress verification
Copper Component Type-815,150.5,lbs,45.99,20.0,Fitted bulk element batch number 815 for stress verification
Copper Component Type-816,150.5,linear ft,45.99,20.0,Fitted bulk element batch number 816 for stress verification
Copper Component Type-817,150.5,sq ft,45.99,20.0,Fitted bulk element batch number 817 for stress verification
Copper Component Type-818,150.5,rolls,45.99,20.0,Fitted bulk element batch number 818 for stress verification
Copper Component Type-819,150.5,sheets,45.99,20.0,Fitted bulk element batch number 819 for stress verification
Copper Component Type-820,150.5,pieces,45.99,20.0,Fitted bulk element batch number 820 for stress verification
Copper Component Type-821,150.5,lbs,45.99,20.0,Fitted bulk element batch number 821 for stress verification
Copper Component Type-822,150.5,linear ft,45.99,20.0,Fitted bulk element batch number 822 for stress verification
Copper Component Type-823,150.5,sq ft,45.99,20.0,Fitted bulk element batch number 823 for stress verification
Copper Component Type-824,150.5,rolls,45.99,20.0,Fitted bulk element batch number 824 for stress verification
Copper Component Type-825,150.5,sheets,45.99,20.0,Fitted bulk element batch number 825 for stress verification
Copper Component Type-826,150.5,pieces,45.99,20.0,Fitted bulk element batch number 826 for stress verification
Copper Component Type-827,150.5,lbs,45.99,20.0,Fitted bulk element batch number 827 for stress verification
Copper Component Type-828,150.5,linear ft,45.99,20.0,Fitted bulk element batch number 828 for stress verification
Copper Component Type-829,150.5,sq ft,45.99,20.0,Fitted bulk element batch number 829 for stress verification
Copper Component Type-830,150.5,rolls,45.99,20.0,Fitted bulk element batch number 830 for stress verification
Copper Component Type-831,150.5,sheets,45.99,20.0,Fitted bulk element batch number 831 for stress verification
Copper Component Type-832,150.5,pieces,45.99,20.0,Fitted bulk element batch number 832 for stress verification
Copper Component Type-833,150.5,lbs,45.99,20.0,Fitted bulk element batch number 833 for stress verification
Copper Component Type-834,150.5,linear ft,45.99,20.0,Fitted bulk element batch number 834 for stress verification
Copper Component Type-835,150.5,sq ft,45.99,20.0,Fitted bulk element batch number 835 for stress verification
Copper Component Type-836,150.5,rolls,45.99,20.0,Fitted bulk element batch number 836 for stress verification
Copper Component Type-837,150.5,sheets,45.99,20.0,Fitted bulk element batch number 837 for stress verification
Copper Component Type-838,150.5,pieces,45.99,20.0,Fitted bulk element batch number 838 for stress verification
Copper Component Type-839,150.5,lbs,45.99,20.0,Fitted bulk element batch number 839 for stress verification
Copper Component Type-840,150.5,linear ft,45.99,20.0,Fitted bulk element batch number 840 for stress verification
Copper Component Type-841,150.5,sq ft,45.99,20.0,Fitted bulk element batch number 841 for stress verification
Copper Component Type-842,150.5,rolls,45.99,20.0,Fitted bulk element batch number 842 for stress verification
Copper Component Type-843,150.5,sheets,45.99,20.0,Fitted bulk element batch number 843 for stress verification
Copper Component Type-844,150.5,pieces,45.99,20.0,Fitted bulk element batch number 844 for stress verification
Copper Component Type-845,150.5,lbs,45.99,20.0,Fitted bulk element batch number 845 for stress verification
Copper Component Type-846,150.5,linear ft,45.99,20.0,Fitted bulk element batch number 846 for stress verification
Copper Component Type-847,150.5,sq ft,45.99,20.0,Fitted bulk element batch number 847 for stress verification
Copper Component Type-848,150.5,rolls,45.99,20.0,Fitted bulk element batch number 848 for stress verification
Copper Component Type-849,150.5,sheets,45.99,20.0,Fitted bulk element batch number 849 for stress verification
Copper Component Type-850,150.5,pieces,45.99,20.0,Fitted bulk element batch number 850 for stress verification
Copper Component Type-851,150.5,lbs,45.99,20.0,Fitted bulk element batch number 851 for stress verification
Copper Component Type-852,150.5,linear ft,45.99,20.0,Fitted bulk element batch number 852 for stress verification
Copper Component Type-853,150.5,sq ft,45.99,20.0,Fitted bulk element batch number 853 for stress verification
Copper Component Type-854,150.5,rolls,45.99,20.0,Fitted bulk element batch number 854 for stress verification
Copper Component Type-855,150.5,sheets,45.99,20.0,Fitted bulk element batch number 855 for stress verification
Copper Component Type-856,150.5,pieces,45.99,20.0,Fitted bulk element batch number 856 for stress verification
Copper Component Type-857,150.5,lbs,45.99,20.0,Fitted bulk element batch number 857 for stress verification
Copper Component Type-858,150.5,linear ft,45.99,20.0,Fitted bulk element batch number 858 for stress verification
Copper Component Type-859,150.5,sq ft,45.99,20.0,Fitted bulk element batch number 859 for stress verification
Copper Component Type-860,150.5,rolls,45.99,20.0,Fitted bulk element batch number 860 for stress verification
Copper Component Type-861,150.5,sheets,45.99,20.0,Fitted bulk element batch number 861 for stress verification
Copper Component Type-862,150.5,pieces,45.99,20.0,Fitted bulk element batch number 862 for stress verification
Copper Component Type-863,150.5,lbs,45.99,20.0,Fitted bulk element batch number 863 for stress verification
Copper Component Type-864,150.5,linear ft,45.99,20.0,Fitted bulk element batch number 864 for stress verification
Copper Component Type-865,150.5,sq ft,45.99,20.0,Fitted bulk element batch number 865 for stress verification
Copper Component Type-866,150.5,rolls,45.99,20.0,Fitted bulk element batch number 866 for stress verification
Copper Component Type-867,150.5,sheets,45.99,20.0,Fitted bulk element batch number 867 for stress verification
Copper Component Type-868,150.5,pieces,45.99,20.0,Fitted bulk element batch number 868 for stress verification
Copper Component Type-869,150.5,lbs,45.99,20.0,Fitted bulk element batch number 869 for stress verification
Copper Component Type-870,150.5,linear ft,45.99,20.0,Fitted bulk element batch number 870 for stress verification
Copper Component Type-871,150.5,sq ft,45.99,20.0,Fitted bulk element batch number 871 for stress verification
Copper Component Type-872,150.5,rolls,45.99,20.0,Fitted bulk element batch number 872 for stress verification
Copper Component Type-873,150.5,sheets,45.99,20.0,Fitted bulk element batch number 873 for stress verification
Copper Component Type-874,150.5,pieces,45.99,20.0,Fitted bulk element batch number 874 for stress verification
Copper Component Type-875,150.5,lbs,45.99,20.0,Fitted bulk element batch number 875 for stress verification
Copper Component Type-876,150.5,linear ft,45.99,20.0,Fitted bulk element batch number 876 for stress verification
Copper Component Type-877,150.5,sq ft,45.99,20.0,Fitted bulk element batch number 877 for stress verification
Copper Component Type-878,150.5,rolls,45.99,20.0,Fitted bulk element batch number 878 for stress verification
Copper Component Type-879,150.5,sheets,45.99,20.0,Fitted bulk element batch number 879 for stress verification
Copper Component Type-880,150.5,pieces,45.99,20.0,Fitted bulk element batch number 880 for stress verification
Copper Component Type-881,150.5,lbs,45.99,20.0,Fitted bulk element batch number 881 for stress verification
Copper Component Type-882,150.5,linear ft,45.99,20.0,Fitted bulk element batch number 882 for stress verification
Copper Component Type-883,150.5,sq ft,45.99,20.0,Fitted bulk element batch number 883 for stress verification
Copper Component Type-884,150.5,rolls,45.99,20.0,Fitted bulk element batch number 884 for stress verification
Copper Component Type-885,150.5,sheets,45.99,20.0,Fitted bulk element batch number 885 for stress verification
Copper Component Type-886,150.5,pieces,45.99,20.0,Fitted bulk element batch number 886 for stress verification
Copper Component Type-887,150.5,lbs,45.99,20.0,Fitted bulk element batch number 887 for stress verification
Copper Component Type-888,150.5,linear ft,45.99,20.0,Fitted bulk element batch number 888 for stress verification
Copper Component Type-889,150.5,sq ft,45.99,20.0,Fitted bulk element batch number 889 for stress verification
Copper Component Type-890,150.5,rolls,45.99,20.0,Fitted bulk element batch number 890 for stress verification
Copper Component Type-891,150.5,sheets,45.99,20.0,Fitted bulk element batch number 891 for stress verification
Copper Component Type-892,150.5,pieces,45.99,20.0,Fitted bulk element batch number 892 for stress verification
Copper Component Type-893,150.5,lbs,45.99,20.0,Fitted bulk element batch number 893 for stress verification
Copper Component Type-894,150.5,linear ft,45.99,20.0,Fitted bulk element batch number 894 for stress verification
Copper Component Type-895,150.5,sq ft,45.99,20.0,Fitted bulk element batch number 895 for stress verification
Copper Component Type-896,150.5,rolls,45.99,20.0,Fitted bulk element batch number 896 for stress verification
Copper Component Type-897,150.5,sheets,45.99,20.0,Fitted bulk element batch number 897 for stress verification
Copper Component Type-898,150.5,pieces,45.99,20.0,Fitted bulk element batch number 898 for stress verification
Copper Component Type-899,150.5,lbs,45.99,20.0,Fitted bulk element batch number 899 for stress verification
Copper Component Type-900,150.5,linear ft,45.99,20.0,Fitted bulk element batch number 900 for stress verification
Copper Component Type-901,150.5,sq ft,45.99,20.0,Fitted bulk element batch number 901 for stress verification
Copper Component Type-902,150.5,rolls,45.99,20.0,Fitted bulk element batch number 902 for stress verification
Copper Component Type-903,150.5,sheets,45.99,20.0,Fitted bulk element batch number 903 for stress verification
Copper Component Type-904,150.5,pieces,45.99,20.0,Fitted bulk element batch number 904 for stress verification
Copper Component Type-905,150.5,lbs,45.99,20.0,Fitted bulk element batch number 905 for stress verification
Copper Component Type-906,150.5,linear ft,45.99,20.0,Fitted bulk element batch number 906 for stress verification
Copper Component Type-907,150.5,sq ft,45.99,20.0,Fitted bulk element batch number 907 for stress verification
Copper Component Type-908,150.5,rolls,45.99,20.0,Fitted bulk element batch number 908 for stress verification
Copper Component Type-909,150.5,sheets,45.99,20.0,Fitted bulk element batch number 909 for stress verification
Copper Component Type-910,150.5,pieces,45.99,20.0,Fitted bulk element batch number 910 for stress verification
Copper Component Type-911,150.5,lbs,45.99,20.0,Fitted bulk element batch number 911 for stress verification
Copper Component Type-912,150.5,linear ft,45.99,20.0,Fitted bulk element batch number 912 for stress verification
Copper Component Type-913,150.5,sq ft,45.99,20.0,Fitted bulk element batch number 913 for stress verification
Copper Component Type-914,150.5,rolls,45.99,20.0,Fitted bulk element batch number 914 for stress verification
Copper Component Type-915,150.5,sheets,45.99,20.0,Fitted bulk element batch number 915 for stress verification
Copper Component Type-916,150.5,pieces,45.99,20.0,Fitted bulk element batch number 916 for stress verification
Copper Component Type-917,150.5,lbs,45.99,20.0,Fitted bulk element batch number 917 for stress verification
Copper Component Type-918,150.5,linear ft,45.99,20.0,Fitted bulk element batch number 918 for stress verification
Copper Component Type-919,150.5,sq ft,45.99,20.0,Fitted bulk element batch number 919 for stress verification
Copper Component Type-920,150.5,rolls,45.99,20.0,Fitted bulk element batch number 920 for stress verification
Copper Component Type-921,150.5,sheets,45.99,20.0,Fitted bulk element batch number 921 for stress verification
Copper Component Type-922,150.5,pieces,45.99,20.0,Fitted bulk element batch number 922 for stress verification
Copper Component Type-923,150.5,lbs,45.99,20.0,Fitted bulk element batch number 923 for stress verification
Copper Component Type-924,150.5,linear ft,45.99,20.0,Fitted bulk element batch number 924 for stress verification
Copper Component Type-925,150.5,sq ft,45.99,20.0,Fitted bulk element batch number 925 for stress verification
Copper Component Type-926,150.5,rolls,45.99,20.0,Fitted bulk element batch number 926 for stress verification
Copper Component Type-927,150.5,sheets,45.99,20.0,Fitted bulk element batch number 927 for stress verification
Copper Component Type-928,150.5,pieces,45.99,20.0,Fitted bulk element batch number 928 for stress verification
Copper Component Type-929,150.5,lbs,45.99,20.0,Fitted bulk element batch number 929 for stress verification
Copper Component Type-930,150.5,linear ft,45.99,20.0,Fitted bulk element batch number 930 for stress verification
Copper Component Type-931,150.5,sq ft,45.99,20.0,Fitted bulk element batch number 931 for stress verification
Copper Component Type-932,150.5,rolls,45.99,20.0,Fitted bulk element batch number 932 for stress verification
Copper Component Type-933,150.5,sheets,45.99,20.0,Fitted bulk element batch number 933 for stress verification
Copper Component Type-934,150.5,pieces,45.99,20.0,Fitted bulk element batch number 934 for stress verification
Copper Component Type-935,150.5,lbs,45.99,20.0,Fitted bulk element batch number 935 for stress verification
Copper Component Type-936,150.5,linear ft,45.99,20.0,Fitted bulk element batch number 936 for stress verification
Copper Component Type-937,150.5,sq ft,45.99,20.0,Fitted bulk element batch number 937 for stress verification
Copper Component Type-938,150.5,rolls,45.99,20.0,Fitted bulk element batch number 938 for stress verification
Copper Component Type-939,150.5,sheets,45.99,20.0,Fitted bulk element batch number 939 for stress verification
Copper Component Type-940,150.5,pieces,45.99,20.0,Fitted bulk element batch number 940 for stress verification
Copper Component Type-941,150.5,lbs,45.99,20.0,Fitted bulk element batch number 941 for stress verification
Copper Component Type-942,150.5,linear ft,45.99,20.0,Fitted bulk element batch number 942 for stress verification
Copper Component Type-943,150.5,sq ft,45.99,20.0,Fitted bulk element batch number 943 for stress verification
Copper Component Type-944,150.5,rolls,45.99,20.0,Fitted bulk element batch number 944 for stress verification
Copper Component Type-945,150.5,sheets,45.99,20.0,Fitted bulk element batch number 945 for stress verification
Copper Component Type-946,150.5,pieces,45.99,20.0,Fitted bulk element batch number 946 for stress verification
Copper Component Type-947,150.5,lbs,45.99,20.0,Fitted bulk element batch number 947 for stress verification
Copper Component Type-948,150.5,linear ft,45.99,20.0,Fitted bulk element batch number 948 for stress verification
Copper Component Type-949,150.5,sq ft,45.99,20.0,Fitted bulk element batch number 949 for stress verification
Copper Component Type-950,150.5,rolls,45.99,20.0,Fitted bulk element batch number 950 for stress verification
Copper Component Type-951,150.5,sheets,45.99,20.0,Fitted bulk element batch number 951 for stress verification
Copper Component Type-952,150.5,pieces,45.99,20.0,Fitted bulk element batch number 952 for stress verification
Copper Component Type-953,150.5,lbs,45.99,20.0,Fitted bulk element batch number 953 for stress verification
Copper Component Type-954,150.5,linear ft,45.99,20.0,Fitted bulk element batch number 954 for stress verification
Copper Component Type-955,150.5,sq ft,45.99,20.0,Fitted bulk element batch number 955 for stress verification
Copper Component Type-956,150.5,rolls,45.99,20.0,Fitted bulk element batch number 956 for stress verification
Copper Component Type-957,150.5,sheets,45.99,20.0,Fitted bulk element batch number 957 for stress verification
Copper Component Type-958,150.5,pieces,45.99,20.0,Fitted bulk element batch number 958 for stress verification
Copper Component Type-959,150.5,lbs,45.99,20.0,Fitted bulk element batch number 959 for stress verification
Copper Component Type-960,150.5,linear ft,45.99,20.0,Fitted bulk element batch number 960 for stress verification
Copper Component Type-961,150.5,sq ft,45.99,20.0,Fitted bulk element batch number 961 for stress verification
Copper Component Type-962,150.5,rolls,45.99,20.0,Fitted bulk element batch number 962 for stress verification
Copper Component Type-963,150.5,sheets,45.99,20.0,Fitted bulk element batch number 963 for stress verification
Copper Component Type-964,150.5,pieces,45.99,20.0,Fitted bulk element batch number 964 for stress verification
Copper Component Type-965,150.5,lbs,45.99,20.0,Fitted bulk element batch number 965 for stress verification
Copper Component Type-966,150.5,linear ft,45.99,20.0,Fitted bulk element batch number 966 for stress verification
Copper Component Type-967,150.5,sq ft,45.99,20.0,Fitted bulk element batch number 967 for stress verification
Copper Component Type-968,150.5,rolls,45.99,20.0,Fitted bulk element batch number 968 for stress verification
Copper Component Type-969,150.5,sheets,45.99,20.0,Fitted bulk element batch number 969 for stress verification
Copper Component Type-970,150.5,pieces,45.99,20.0,Fitted bulk element batch number 970 for stress verification
Copper Component Type-971,150.5,lbs,45.99,20.0,Fitted bulk element batch number 971 for stress verification
Copper Component Type-972,150.5,linear ft,45.99,20.0,Fitted bulk element batch number 972 for stress verification
Copper Component Type-973,150.5,sq ft,45.99,20.0,Fitted bulk element batch number 973 for stress verification
Copper Component Type-974,150.5,rolls,45.99,20.0,Fitted bulk element batch number 974 for stress verification
Copper Component Type-975,150.5,sheets,45.99,20.0,Fitted bulk element batch number 975 for stress verification
Copper Component Type-976,150.5,pieces,45.99,20.0,Fitted bulk element batch number 976 for stress verification
Copper Component Type-977,150.5,lbs,45.99,20.0,Fitted bulk element batch number 977 for stress verification
Copper Component Type-978,150.5,linear ft,45.99,20.0,Fitted bulk element batch number 978 for stress verification
Copper Component Type-979,150.5,sq ft,45.99,20.0,Fitted bulk element batch number 979 for stress verification
Copper Component Type-980,150.5,rolls,45.99,20.0,Fitted bulk element batch number 980 for stress verification
Copper Component Type-981,150.5,sheets,45.99,20.0,Fitted bulk element batch number 981 for stress verification
Copper Component Type-982,150.5,pieces,45.99,20.0,Fitted bulk element batch number 982 for stress verification
Copper Component Type-983,150.5,lbs,45.99,20.0,Fitted bulk element batch number 983 for stress verification
Copper Component Type-984,150.5,linear ft,45.99,20.0,Fitted bulk element batch number 984 for stress verification
Copper Component Type-985,150.5,sq ft,45.99,20.0,Fitted bulk element batch number 985 for stress verification
Copper Component Type-986,150.5,rolls,45.99,20.0,Fitted bulk element batch number 986 for stress verification
Copper Component Type-987,150.5,sheets,45.99,20.0,Fitted bulk element batch number 987 for stress verification
Copper Component Type-988,150.5,pieces,45.99,20.0,Fitted bulk element batch number 988 for stress verification
Copper Component Type-989,150.5,lbs,45.99,20.0,Fitted bulk element batch number 989 for stress verification
Copper Component Type-990,150.5,linear ft,45.99,20.0,Fitted bulk element batch number 990 for stress verification
Copper Component Type-991,150.5,sq ft,45.99,20.0,Fitted bulk element batch number 991 for stress verification
Copper Component Type-992,150.5,rolls,45.99,20.0,Fitted bulk element batch number 992 for stress verification
Copper Component Type-993,150.5,sheets,45.99,20.0,Fitted bulk element batch number 993 for stress verification
Copper Component Type-994,150.5,pieces,45.99,20.0,Fitted bulk element batch number 994 for stress verification
Copper Component Type-995,150.5,lbs,45.99,20.0,Fitted bulk element batch number 995 for stress verification
Copper Component Type-996,150.5,linear ft,45.99,20.0,Fitted bulk element batch number 996 for stress verification
Copper Component Type-997,150.5,sq ft,45.99,20.0,Fitted bulk element batch number 997 for stress verification
Copper Component Type-998,150.5,rolls,45.99,20.0,Fitted bulk element batch number 998 for stress verification
Copper Component Type-999,150.5,sheets,45.99,20.0,Fitted bulk element batch number 999 for stress verification
Copper Component Type-1000,150.5,pieces,45.99,20.0,Fitted bulk element batch number 1000 for stress verification
Copper Component Type-1001,150.5,lbs,45.99,20.0,Fitted bulk element batch number 1001 for stress verification
Copper Component Type-1002,150.5,linear ft,45.99,20.0,Fitted bulk element batch number 1002 for stress verification
Copper Component Type-1003,150.5,sq ft,45.99,20.0,Fitted bulk element batch number 1003 for stress verification
Copper Component Type-1004,150.5,rolls,45.99,20.0,Fitted bulk element batch number 1004 for stress verification
Copper Component Type-1005,150.5,sheets,45.99,20.0,Fitted bulk element batch number 1005 for stress verification
Copper Component Type-1006,150.5,pieces,45.99,20.0,Fitted bulk element batch number 1006 for stress verification
Copper Component Type-1007,150.5,lbs,45.99,20.0,Fitted bulk element batch number 1007 for stress verification
Copper Component Type-1008,150.5,linear ft,45.99,20.0,Fitted bulk element batch number 1008 for stress verification
Copper Component Type-1009,150.5,sq ft,45.99,20.0,Fitted bulk element batch number 1009 for stress verification
Copper Component Type-1010,150.5,rolls,45.99,20.0,Fitted bulk element batch number 1010 for stress verification
Copper Component Type-1011,150.5,sheets,45.99,20.0,Fitted bulk element batch number 1011 for stress verification
Copper Component Type-1012,150.5,pieces,45.99,20.0,Fitted bulk element batch number 1012 for stress verification
Copper Component Type-1013,150.5,lbs,45.99,20.0,Fitted bulk element batch number 1013 for stress verification
Copper Component Type-1014,150.5,linear ft,45.99,20.0,Fitted bulk element batch number 1014 for stress verification
Copper Component Type-1015,150.5,sq ft,45.99,20.0,Fitted bulk element batch number 1015 for stress verification
Copper Component Type-1016,150.5,rolls,45.99,20.0,Fitted bulk element batch number 1016 for stress verification
Copper Component Type-1017,150.5,sheets,45.99,20.0,Fitted bulk element batch number 1017 for stress verification
Copper Component Type-1018,150.5,pieces,45.99,20.0,Fitted bulk element batch number 1018 for stress verification
Copper Component Type-1019,150.5,lbs,45.99,20.0,Fitted bulk element batch number 1019 for stress verification
Copper Component Type-1020,150.5,linear ft,45.99,20.0,Fitted bulk element batch number 1020 for stress verification
Copper Component Type-1021,150.5,sq ft,45.99,20.0,Fitted bulk element batch number 1021 for stress verification
Copper Component Type-1022,150.5,rolls,45.99,20.0,Fitted bulk element batch number 1022 for stress verification
Copper Component Type-1023,150.5,sheets,45.99,20.0,Fitted bulk element batch number 1023 for stress verification
Copper Component Type-1024,150.5,pieces,45.99,20.0,Fitted bulk element batch number 1024 for stress verification
Copper Component Type-1025,150.5,lbs,45.99,20.0,Fitted bulk element batch number 1025 for stress verification
Copper Component Type-1026,150.5,linear ft,45.99,20.0,Fitted bulk element batch number 1026 for stress verification
Copper Component Type-1027,150.5,sq ft,45.99,20.0,Fitted bulk element batch number 1027 for stress verification
Copper Component Type-1028,150.5,rolls,45.99,20.0,Fitted bulk element batch number 1028 for stress verification
Copper Component Type-1029,150.5,sheets,45.99,20.0,Fitted bulk element batch number 1029 for stress verification
Copper Component Type-1030,150.5,pieces,45.99,20.0,Fitted bulk element batch number 1030 for stress verification
Copper Component Type-1031,150.5,lbs,45.99,20.0,Fitted bulk element batch number 1031 for stress verification
Copper Component Type-1032,150.5,linear ft,45.99,20.0,Fitted bulk element batch number 1032 for stress verification
Copper Component Type-1033,150.5,sq ft,45.99,20.0,Fitted bulk element batch number 1033 for stress verification
Copper Component Type-1034,150.5,rolls,45.99,20.0,Fitted bulk element batch number 1034 for stress verification
Copper Component Type-1035,150.5,sheets,45.99,20.0,Fitted bulk element batch number 1035 for stress verification
Copper Component Type-1036,150.5,pieces,45.99,20.0,Fitted bulk element batch number 1036 for stress verification
Copper Component Type-1037,150.5,lbs,45.99,20.0,Fitted bulk element batch number 1037 for stress verification
Copper Component Type-1038,150.5,linear ft,45.99,20.0,Fitted bulk element batch number 1038 for stress verification
Copper Component Type-1039,150.5,sq ft,45.99,20.0,Fitted bulk element batch number 1039 for stress verification
Copper Component Type-1040,150.5,rolls,45.99,20.0,Fitted bulk element batch number 1040 for stress verification
Copper Component Type-1041,150.5,sheets,45.99,20.0,Fitted bulk element batch number 1041 for stress verification
Copper Component Type-1042,150.5,pieces,45.99,20.0,Fitted bulk element batch number 1042 for stress verification
Copper Component Type-1043,150.5,lbs,45.99,20.0,Fitted bulk element batch number 1043 for stress verification
Copper Component Type-1044,150.5,linear ft,45.99,20.0,Fitted bulk element batch number 1044 for stress verification
Copper Component Type-1045,150.5,sq ft,45.99,20.0,Fitted bulk element batch number 1045 for stress verification
Copper Component Type-1046,150.5,rolls,45.99,20.0,Fitted bulk element batch number 1046 for stress verification
Copper Component Type-1047,150.5,sheets,45.99,20.0,Fitted bulk element batch number 1047 for stress verification
Copper Component Type-1048,150.5,pieces,45.99,20.0,Fitted bulk element batch number 1048 for stress verification
Copper Component Type-1049,150.5,lbs,45.99,20.0,Fitted bulk element batch number 1049 for stress verification
Copper Component Type-1050,150.5,linear ft,45.99,20.0,Fitted bulk element batch number 1050 for stress verification
Copper Component Type-1051,150.5,sq ft,45.99,20.0,Fitted bulk element batch number 1051 for stress verification
Copper Component Type-1052,150.5,rolls,45.99,20.0,Fitted bulk element batch number 1052 for stress verification
Copper Component Type-1053,150.5,sheets,45.99,20.0,Fitted bulk element batch number 1053 for stress verification
Copper Component Type-1054,150.5,pieces,45.99,20.0,Fitted bulk element batch number 1054 for stress verification
Copper Component Type-1055,150.5,lbs,45.99,20.0,Fitted bulk element batch number 1055 for stress verification
Copper Component Type-1056,150.5,linear ft,45.99,20.0,Fitted bulk element batch number 1056 for stress verification
Copper Component Type-1057,150.5,sq ft,45.99,20.0,Fitted bulk element batch number 1057 for stress verification
Copper Component Type-1058,150.5,rolls,45.99,20.0,Fitted bulk element batch number 1058 for stress verification
Copper Component Type-1059,150.5,sheets,45.99,20.0,Fitted bulk element batch number 1059 for stress verification
Copper Component Type-1060,150.5,pieces,45.99,20.0,Fitted bulk element batch number 1060 for stress verification
Copper Component Type-1061,150.5,lbs,45.99,20.0,Fitted bulk element batch number 1061 for stress verification
Copper Component Type-1062,150.5,linear ft,45.99,20.0,Fitted bulk element batch number 1062 for stress verification
Copper Component Type-1063,150.5,sq ft,45.99,20.0,Fitted bulk element batch number 1063 for stress verification
Copper Component Type-1064,150.5,rolls,45.99,20.0,Fitted bulk element batch number 1064 for stress verification
Copper Component Type-1065,150.5,sheets,45.99,20.0,Fitted bulk element batch number 1065 for stress verification
Copper Component Type-1066,150.5,pieces,45.99,20.0,Fitted bulk element batch number 1066 for stress verification
Copper Component Type-1067,150.5,lbs,45.99,20.0,Fitted bulk element batch number 1067 for stress verification
Copper Component Type-1068,150.5,linear ft,45.99,20.0,Fitted bulk element batch number 1068 for stress verification
Copper Component Type-1069,150.5,sq ft,45.99,20.0,Fitted bulk element batch number 1069 for stress verification
Copper Component Type-1070,150.5,rolls,45.99,20.0,Fitted bulk element batch number 1070 for stress verification
Copper Component Type-1071,150.5,sheets,45.99,20.0,Fitted bulk element batch number 1071 for stress verification
Copper Component Type-1072,150.5,pieces,45.99,20.0,Fitted bulk element batch number 1072 for stress verification
Copper Component Type-1073,150.5,lbs,45.99,20.0,Fitted bulk element batch number 1073 for stress verification
Copper Component Type-1074,150.5,linear ft,45.99,20.0,Fitted bulk element batch number 1074 for stress verification
Copper Component Type-1075,150.5,sq ft,45.99,20.0,Fitted bulk element batch number 1075 for stress verification
Copper Component Type-1076,150.5,rolls,45.99,20.0,Fitted bulk element batch number 1076 for stress verification
Copper Component Type-1077,150.5,sheets,45.99,20.0,Fitted bulk element batch number 1077 for stress verification
Copper Component Type-1078,150.5,pieces,45.99,20.0,Fitted bulk element batch number 1078 for stress verification
Copper Component Type-1079,150.5,lbs,45.99,20.0,Fitted bulk element batch number 1079 for stress verification
Copper Component Type-1080,150.5,linear ft,45.99,20.0,Fitted bulk element batch number 1080 for stress verification
Copper Component Type-1081,150.5,sq ft,45.99,20.0,Fitted bulk element batch number 1081 for stress verification
Copper Component Type-1082,150.5,rolls,45.99,20.0,Fitted bulk element batch number 1082 for stress verification
Copper Component Type-1083,150.5,sheets,45.99,20.0,Fitted bulk element batch number 1083 for stress verification
Copper Component Type-1084,150.5,pieces,45.99,20.0,Fitted bulk element batch number 1084 for stress verification
Copper Component Type-1085,150.5,lbs,45.99,20.0,Fitted bulk element batch number 1085 for stress verification
Copper Component Type-1086,150.5,linear ft,45.99,20.0,Fitted bulk element batch number 1086 for stress verification
Copper Component Type-1087,150.5,sq ft,45.99,20.0,Fitted bulk element batch number 1087 for stress verification
Copper Component Type-1088,150.5,rolls,45.99,20.0,Fitted bulk element batch number 1088 for stress verification
Copper Component Type-1089,150.5,sheets,45.99,20.0,Fitted bulk element batch number 1089 for stress verification
Copper Component Type-1090,150.5,pieces,45.99,20.0,Fitted bulk element batch number 1090 for stress verification
Copper Component Type-1091,150.5,lbs,45.99,20.0,Fitted bulk element batch number 1091 for stress verification
Copper Component Type-1092,150.5,linear ft,45.99,20.0,Fitted bulk element batch number 1092 for stress verification
Copper Component Type-1093,150.5,sq ft,45.99,20.0,Fitted bulk element batch number 1093 for stress verification
Copper Component Type-1094,150.5,rolls,45.99,20.0,Fitted bulk element batch number 1094 for stress verification
Copper Component Type-1095,150.5,sheets,45.99,20.0,Fitted bulk element batch number 1095 for stress verification
Copper Component Type-1096,150.5,pieces,45.99,20.0,Fitted bulk element batch number 1096 for stress verification
Copper Component Type-1097,150.5,lbs,45.99,20.0,Fitted bulk element batch number 1097 for stress verification
Copper Component Type-1098,150.5,linear ft,45.99,20.0,Fitted bulk element batch number 1098 for stress verification
Copper Component Type-1099,150.5,sq ft,45.99,20.0,Fitted bulk element batch number 1099 for stress verification
Copper Component Type-1100,150.5,rolls,45.99,20.0,Fitted bulk element batch number 1100 for stress verification
Copper Component Type-1101,150.5,sheets,45.99,20.0,Fitted bulk element batch number 1101 for stress verification
Copper Component Type-1102,150.5,pieces,45.99,20.0,Fitted bulk element batch number 1102 for stress verification
Copper Component Type-1103,150.5,lbs,45.99,20.0,Fitted bulk element batch number 1103 for stress verification
Copper Component Type-1104,150.5,linear ft,45.99,20.0,Fitted bulk element batch number 1104 for stress verification
Copper Component Type-1105,150.5,sq ft,45.99,20.0,Fitted bulk element batch number 1105 for stress verification
Copper Component Type-1106,150.5,rolls,45.99,20.0,Fitted bulk element batch number 1106 for stress verification
Copper Component Type-1107,150.5,sheets,45.99,20.0,Fitted bulk element batch number 1107 for stress verification
Copper Component Type-1108,150.5,pieces,45.99,20.0,Fitted bulk element batch number 1108 for stress verification
Copper Component Type-1109,150.5,lbs,45.99,20.0,Fitted bulk element batch number 1109 for stress verification
Copper Component Type-1110,150.5,linear ft,45.99,20.0,Fitted bulk element batch number 1110 for stress verification
Copper Component Type-1111,150.5,sq ft,45.99,20.0,Fitted bulk element batch number 1111 for stress verification
Copper Component Type-1112,150.5,rolls,45.99,20.0,Fitted bulk element batch number 1112 for stress verification
Copper Component Type-1113,150.5,sheets,45.99,20.0,Fitted bulk element batch number 1113 for stress verification
Copper Component Type-1114,150.5,pieces,45.99,20.0,Fitted bulk element batch number 1114 for stress verification
Copper Component Type-1115,150.5,lbs,45.99,20.0,Fitted bulk element batch number 1115 for stress verification
Copper Component Type-1116,150.5,linear ft,45.99,20.0,Fitted bulk element batch number 1116 for stress verification
Copper Component Type-1117,150.5,sq ft,45.99,20.0,Fitted bulk element batch number 1117 for stress verification
Copper Component Type-1118,150.5,rolls,45.99,20.0,Fitted bulk element batch number 1118 for stress verification
Copper Component Type-1119,150.5,sheets,45.99,20.0,Fitted bulk element batch number 1119 for stress verification
Copper Component Type-1120,150.5,pieces,45.99,20.0,Fitted bulk element batch number 1120 for stress verification
Copper Component Type-1121,150.5,lbs,45.99,20.0,Fitted bulk element batch number 1121 for stress verification
Copper Component Type-1122,150.5,linear ft,45.99,20.0,Fitted bulk element batch number 1122 for stress verification
Copper Component Type-1123,150.5,sq ft,45.99,20.0,Fitted bulk element batch number 1123 for stress verification
Copper Component Type-1124,150.5,rolls,45.99,20.0,Fitted bulk element batch number 1124 for stress verification
Copper Component Type-1125,150.5,sheets,45.99,20.0,Fitted bulk element batch number 1125 for stress verification
Copper Component Type-1126,150.5,pieces,45.99,20.0,Fitted bulk element batch number 1126 for stress verification
Copper Component Type-1127,150.5,lbs,45.99,20.0,Fitted bulk element batch number 1127 for stress verification
Copper Component Type-1128,150.5,linear ft,45.99,20.0,Fitted bulk element batch number 1128 for stress verification
Copper Component Type-1129,150.5,sq ft,45.99,20.0,Fitted bulk element batch number 1129 for stress verification
Copper Component Type-1130,150.5,rolls,45.99,20.0,Fitted bulk element batch number 1130 for stress verification
Copper Component Type-1131,150.5,sheets,45.99,20.0,Fitted bulk element batch number 1131 for stress verification
Copper Component Type-1132,150.5,pieces,45.99,20.0,Fitted bulk element batch number 1132 for stress verification
Copper Component Type-1133,150.5,lbs,45.99,20.0,Fitted bulk element batch number 1133 for stress verification
Copper Component Type-1134,150.5,linear ft,45.99,20.0,Fitted bulk element batch number 1134 for stress verification
Copper Component Type-1135,150.5,sq ft,45.99,20.0,Fitted bulk element batch number 1135 for stress verification
Copper Component Type-1136,150.5,rolls,45.99,20.0,Fitted bulk element batch number 1136 for stress verification
Copper Component Type-1137,150.5,sheets,45.99,20.0,Fitted bulk element batch number 1137 for stress verification
Copper Component Type-1138,150.5,pieces,45.99,20.0,Fitted bulk element batch number 1138 for stress verification
Copper Component Type-1139,150.5,lbs,45.99,20.0,Fitted bulk element batch number 1139 for stress verification
Copper Component Type-1140,150.5,linear ft,45.99,20.0,Fitted bulk element batch number 1140 for stress verification
Copper Component Type-1141,150.5,sq ft,45.99,20.0,Fitted bulk element batch number 1141 for stress verification
Copper Component Type-1142,150.5,rolls,45.99,20.0,Fitted bulk element batch number 1142 for stress verification
Copper Component Type-1143,150.5,sheets,45.99,20.0,Fitted bulk element batch number 1143 for stress verification
Copper Component Type-1144,150.5,pieces,45.99,20.0,Fitted bulk element batch number 1144 for stress verification
Copper Component Type-1145,150.5,lbs,45.99,20.0,Fitted bulk element batch number 1145 for stress verification
Copper Component Type-1146,150.5,linear ft,45.99,20.0,Fitted bulk element batch number 1146 for stress verification
Copper Component Type-1147,150.5,sq ft,45.99,20.0,Fitted bulk element batch number 1147 for stress verification
Copper Component Type-1148,150.5,rolls,45.99,20.0,Fitted bulk element batch number 1148 for stress verification
Copper Component Type-1149,150.5,sheets,45.99,20.0,Fitted bulk element batch number 1149 for stress verification
Copper Component Type-1150,150.5,pieces,45.99,20.0,Fitted bulk element batch number 1150 for stress verification
Copper Component Type-1151,150.5,lbs,45.99,20.0,Fitted bulk element batch number 1151 for stress verification
Copper Component Type-1152,150.5,linear ft,45.99,20.0,Fitted bulk element batch number 1152 for stress verification
Copper Component Type-1153,150.5,sq ft,45.99,20.0,Fitted bulk element batch number 1153 for stress verification
Copper Component Type-1154,150.5,rolls,45.99,20.0,Fitted bulk element batch number 1154 for stress verification
Copper Component Type-1155,150.5,sheets,45.99,20.0,Fitted bulk element batch number 1155 for stress verification
Copper Component Type-1156,150.5,pieces,45.99,20.0,Fitted bulk element batch number 1156 for stress verification
Copper Component Type-1157,150.5,lbs,45.99,20.0,Fitted bulk element batch number 1157 for stress verification
Copper Component Type-1158,150.5,linear ft,45.99,20.0,Fitted bulk element batch number 1158 for stress verification
Copper Component Type-1159,150.5,sq ft,45.99,20.0,Fitted bulk element batch number 1159 for stress verification
Copper Component Type-1160,150.5,rolls,45.99,20.0,Fitted bulk element batch number 1160 for stress verification
Copper Component Type-1161,150.5,sheets,45.99,20.0,Fitted bulk element batch number 1161 for stress verification
Copper Component Type-1162,150.5,pieces,45.99,20.0,Fitted bulk element batch number 1162 for stress verification
Copper Component Type-1163,150.5,lbs,45.99,20.0,Fitted bulk element batch number 1163 for stress verification
Copper Component Type-1164,150.5,linear ft,45.99,20.0,Fitted bulk element batch number 1164 for stress verification
Copper Component Type-1165,150.5,sq ft,45.99,20.0,Fitted bulk element batch number 1165 for stress verification
Copper Component Type-1166,150.5,rolls,45.99,20.0,Fitted bulk element batch number 1166 for stress verification
Copper Component Type-1167,150.5,sheets,45.99,20.0,Fitted bulk element batch number 1167 for stress verification
Copper Component Type-1168,150.5,pieces,45.99,20.0,Fitted bulk element batch number 1168 for stress verification
Copper Component Type-1169,150.5,lbs,45.99,20.0,Fitted bulk element batch number 1169 for stress verification
Copper Component Type-1170,150.5,linear ft,45.99,20.0,Fitted bulk element batch number 1170 for stress verification
Copper Component Type-1171,150.5,sq ft,45.99,20.0,Fitted bulk element batch number 1171 for stress verification
Copper Component Type-1172,150.5,rolls,45.99,20.0,Fitted bulk element batch number 1172 for stress verification
Copper Component Type-1173,150.5,sheets,45.99,20.0,Fitted bulk element batch number 1173 for stress verification
Copper Component Type-1174,150.5,pieces,45.99,20.0,Fitted bulk element batch number 1174 for stress verification
Copper Component Type-1175,150.5,lbs,45.99,20.0,Fitted bulk element batch number 1175 for stress verification
Copper Component Type-1176,150.5,linear ft,45.99,20.0,Fitted bulk element batch number 1176 for stress verification
Copper Component Type-1177,150.5,sq ft,45.99,20.0,Fitted bulk element batch number 1177 for stress verification
Copper Component Type-1178,150.5,rolls,45.99,20.0,Fitted bulk element batch number 1178 for stress verification
Copper Component Type-1179,150.5,sheets,45.99,20.0,Fitted bulk element batch number 1179 for stress verification
Copper Component Type-1180,150.5,pieces,45.99,20.0,Fitted bulk element batch number 1180 for stress verification
Copper Component Type-1181,150.5,lbs,45.99,20.0,Fitted bulk element batch number 1181 for stress verification
Copper Component Type-1182,150.5,linear ft,45.99,20.0,Fitted bulk element batch number 1182 for stress verification
Copper Component Type-1183,150.5,sq ft,45.99,20.0,Fitted bulk element batch number 1183 for stress verification
Copper Component Type-1184,150.5,rolls,45.99,20.0,Fitted bulk element batch number 1184 for stress verification
Copper Component Type-1185,150.5,sheets,45.99,20.0,Fitted bulk element batch number 1185 for stress verification
Copper Component Type-1186,150.5,pieces,45.99,20.0,Fitted bulk element batch number 1186 for stress verification
Copper Component Type-1187,150.5,lbs,45.99,20.0,Fitted bulk element batch number 1187 for stress verification
Copper Component Type-1188,150.5,linear ft,45.99,20.0,Fitted bulk element batch number 1188 for stress verification
Copper Component Type-1189,150.5,sq ft,45.99,20.0,Fitted bulk element batch number 1189 for stress verification
Copper Component Type-1190,150.5,rolls,45.99,20.0,Fitted bulk element batch number 1190 for stress verification
Copper Component Type-1191,150.5,sheets,45.99,20.0,Fitted bulk element batch number 1191 for stress verification
Copper Component Type-1192,150.5,pieces,45.99,20.0,Fitted bulk element batch number 1192 for stress verification
Copper Component Type-1193,150.5,lbs,45.99,20.0,Fitted bulk element batch number 1193 for stress verification
Copper Component Type-1194,150.5,linear ft,45.99,20.0,Fitted bulk element batch number 1194 for stress verification
Copper Component Type-1195,150.5,sq ft,45.99,20.0,Fitted bulk element batch number 1195 for stress verification
Copper Component Type-1196,150.5,rolls,45.99,20.0,Fitted bulk element batch number 1196 for stress verification
Copper Component Type-1197,150.5,sheets,45.99,20.0,Fitted bulk element batch number 1197 for stress verification
Copper Component Type-1198,150.5,pieces,45.99,20.0,Fitted bulk element batch number 1198 for stress verification
Copper Component Type-1199,150.5,lbs,45.99,20.0,Fitted bulk element batch number 1199 for stress verification
Copper Component Type-1200,150.5,linear ft,45.99,20.0,Fitted bulk element batch number 1200 for stress verification
Copper Component Type-1201,150.5,sq ft,45.99,20.0,Fitted bulk element batch number 1201 for stress verification
Copper Component Type-1202,150.5,rolls,45.99,20.0,Fitted bulk element batch number 1202 for stress verification
Copper Component Type-1203,150.5,sheets,45.99,20.0,Fitted bulk element batch number 1203 for stress verification
Copper Component Type-1204,150.5,pieces,45.99,20.0,Fitted bulk element batch number 1204 for stress verification
Copper Component Type-1205,150.5,lbs,45.99,20.0,Fitted bulk element batch number 1205 for stress verification
Copper Component Type-1206,150.5,linear ft,45.99,20.0,Fitted bulk element batch number 1206 for stress verification
Copper Component Type-1207,150.5,sq ft,45.99,20.0,Fitted bulk element batch number 1207 for stress verification
Copper Component Type-1208,150.5,rolls,45.99,20.0,Fitted bulk element batch number 1208 for stress verification
Copper Component Type-1209,150.5,sheets,45.99,20.0,Fitted bulk element batch number 1209 for stress verification
Copper Component Type-1210,150.5,pieces,45.99,20.0,Fitted bulk element batch number 1210 for stress verification
Copper Component Type-1211,150.5,lbs,45.99,20.0,Fitted bulk element batch number 1211 for stress verification
Copper Component Type-1212,150.5,linear ft,45.99,20.0,Fitted bulk element batch number 1212 for stress verification
Copper Component Type-1213,150.5,sq ft,45.99,20.0,Fitted bulk element batch number 1213 for stress verification
Copper Component Type-1214,150.5,rolls,45.99,20.0,Fitted bulk element batch number 1214 for stress verification
Copper Component Type-1215,150.5,sheets,45.99,20.0,Fitted bulk element batch number 1215 for stress verification
Copper Component Type-1216,150.5,pieces,45.99,20.0,Fitted bulk element batch number 1216 for stress verification
Copper Component Type-1217,150.5,lbs,45.99,20.0,Fitted bulk element batch number 1217 for stress verification
Copper Component Type-1218,150.5,linear ft,45.99,20.0,Fitted bulk element batch number 1218 for stress verification
Copper Component Type-1219,150.5,sq ft,45.99,20.0,Fitted bulk element batch number 1219 for stress verification
Copper Component Type-1220,150.5,rolls,45.99,20.0,Fitted bulk element batch number 1220 for stress verification
Copper Component Type-1221,150.5,sheets,45.99,20.0,Fitted bulk element batch number 1221 for stress verification
Copper Component Type-1222,150.5,pieces,45.99,20.0,Fitted bulk element batch number 1222 for stress verification
Copper Component Type-1223,150.5,lbs,45.99,20.0,Fitted bulk element batch number 1223 for stress verification
Copper Component Type-1224,150.5,linear ft,45.99,20.0,Fitted bulk element batch number 1224 for stress verification
Copper Component Type-1225,150.5,sq ft,45.99,20.0,Fitted bulk element batch number 1225 for stress verification
Copper Component Type-1226,150.5,rolls,45.99,20.0,Fitted bulk element batch number 1226 for stress verification
Copper Component Type-1227,150.5,sheets,45.99,20.0,Fitted bulk element batch number 1227 for stress verification
Copper Component Type-1228,150.5,pieces,45.99,20.0,Fitted bulk element batch number 1228 for stress verification
Copper Component Type-1229,150.5,lbs,45.99,20.0,Fitted bulk element batch number 1229 for stress verification
Copper Component Type-1230,150.5,linear ft,45.99,20.0,Fitted bulk element batch number 1230 for stress verification
Copper Component Type-1231,150.5,sq ft,45.99,20.0,Fitted bulk element batch number 1231 for stress verification
Copper Component Type-1232,150.5,rolls,45.99,20.0,Fitted bulk element batch number 1232 for stress verification
Copper Component Type-1233,150.5,sheets,45.99,20.0,Fitted bulk element batch number 1233 for stress verification
Copper Component Type-1234,150.5,pieces,45.99,20.0,Fitted bulk element batch number 1234 for stress verification
Copper Component Type-1235,150.5,lbs,45.99,20.0,Fitted bulk element batch number 1235 for stress verification
Copper Component Type-1236,150.5,linear ft,45.99,20.0,Fitted bulk element batch number 1236 for stress verification
Copper Component Type-1237,150.5,sq ft,45.99,20.0,Fitted bulk element batch number 1237 for stress verification
Copper Component Type-1238,150.5,rolls,45.99,20.0,Fitted bulk element batch number 1238 for stress verification
Copper Component Type-1239,150.5,sheets,45.99,20.0,Fitted bulk element batch number 1239 for stress verification
Copper Component Type-1240,150.5,pieces,45.99,20.0,Fitted bulk element batch number 1240 for stress verification
Copper Component Type-1241,150.5,lbs,45.99,20.0,Fitted bulk element batch number 1241 for stress verification
Copper Component Type-1242,150.5,linear ft,45.99,20.0,Fitted bulk element batch number 1242 for stress verification
Copper Component Type-1243,150.5,sq ft,45.99,20.0,Fitted bulk element batch number 1243 for stress verification
Copper Component Type-1244,150.5,rolls,45.99,20.0,Fitted bulk element batch number 1244 for stress verification
Copper Component Type-1245,150.5,sheets,45.99,20.0,Fitted bulk element batch number 1245 for stress verification
Copper Component Type-1246,150.5,pieces,45.99,20.0,Fitted bulk element batch number 1246 for stress verification
Copper Component Type-1247,150.5,lbs,45.99,20.0,Fitted bulk element batch number 1247 for stress verification
Copper Component Type-1248,150.5,linear ft,45.99,20.0,Fitted bulk element batch number 1248 for stress verification
Copper Component Type-1249,150.5,sq ft,45.99,20.0,Fitted bulk element batch number 1249 for stress verification
Copper Component Type-1250,150.5,rolls,45.99,20.0,Fitted bulk element batch number 1250 for stress verification
Copper Component Type-1251,150.5,sheets,45.99,20.0,Fitted bulk element batch number 1251 for stress verification
Copper Component Type-1252,150.5,pieces,45.99,20.0,Fitted bulk element batch number 1252 for stress verification
Copper Component Type-1253,150.5,lbs,45.99,20.0,Fitted bulk element batch number 1253 for stress verification
Copper Component Type-1254,150.5,linear ft,45.99,20.0,Fitted bulk element batch number 1254 for stress verification
Copper Component Type-1255,150.5,sq ft,45.99,20.0,Fitted bulk element batch number 1255 for stress verification
Copper Component Type-1256,150.5,rolls,45.99,20.0,Fitted bulk element batch number 1256 for stress verification
Copper Component Type-1257,150.5,sheets,45.99,20.0,Fitted bulk element batch number 1257 for stress verification
Copper Component Type-1258,150.5,pieces,45.99,20.0,Fitted bulk element batch number 1258 for stress verification
Copper Component Type-1259,150.5,lbs,45.99,20.0,Fitted bulk element batch number 1259 for stress verification
Copper Component Type-1260,150.5,linear ft,45.99,20.0,Fitted bulk element batch number 1260 for stress verification
Copper Component Type-1261,150.5,sq ft,45.99,20.0,Fitted bulk element batch number 1261 for stress verification
Copper Component Type-1262,150.5,rolls,45.99,20.0,Fitted bulk element batch number 1262 for stress verification
Copper Component Type-1263,150.5,sheets,45.99,20.0,Fitted bulk element batch number 1263 for stress verification
Copper Component Type-1264,150.5,pieces,45.99,20.0,Fitted bulk element batch number 1264 for stress verification
Copper Component Type-1265,150.5,lbs,45.99,20.0,Fitted bulk element batch number 1265 for stress verification
Copper Component Type-1266,150.5,linear ft,45.99,20.0,Fitted bulk element batch number 1266 for stress verification
Copper Component Type-1267,150.5,sq ft,45.99,20.0,Fitted bulk element batch number 1267 for stress verification
Copper Component Type-1268,150.5,rolls,45.99,20.0,Fitted bulk element batch number 1268 for stress verification
Copper Component Type-1269,150.5,sheets,45.99,20.0,Fitted bulk element batch number 1269 for stress verification
Copper Component Type-1270,150.5,pieces,45.99,20.0,Fitted bulk element batch number 1270 for stress verification
Copper Component Type-1271,150.5,lbs,45.99,20.0,Fitted bulk element batch number 1271 for stress verification
Copper Component Type-1272,150.5,linear ft,45.99,20.0,Fitted bulk element batch number 1272 for stress verification
Copper Component Type-1273,150.5,sq ft,45.99,20.0,Fitted bulk element batch number 1273 for stress verification
Copper Component Type-1274,150.5,rolls,45.99,20.0,Fitted bulk element batch number 1274 for stress verification
Copper Component Type-1275,150.5,sheets,45.99,20.0,Fitted bulk element batch number 1275 for stress verification
Copper Component Type-1276,150.5,pieces,45.99,20.0,Fitted bulk element batch number 1276 for stress verification
Copper Component Type-1277,150.5,lbs,45.99,20.0,Fitted bulk element batch number 1277 for stress verification
Copper Component Type-1278,150.5,linear ft,45.99,20.0,Fitted bulk element batch number 1278 for stress verification
Copper Component Type-1279,150.5,sq ft,45.99,20.0,Fitted bulk element batch number 1279 for stress verification
Copper Component Type-1280,150.5,rolls,45.99,20.0,Fitted bulk element batch number 1280 for stress verification
Copper Component Type-1281,150.5,sheets,45.99,20.0,Fitted bulk element batch number 1281 for stress verification
Copper Component Type-1282,150.5,pieces,45.99,20.0,Fitted bulk element batch number 1282 for stress verification
Copper Component Type-1283,150.5,lbs,45.99,20.0,Fitted bulk element batch number 1283 for stress verification
Copper Component Type-1284,150.5,linear ft,45.99,20.0,Fitted bulk element batch number 1284 for stress verification
Copper Component Type-1285,150.5,sq ft,45.99,20.0,Fitted bulk element batch number 1285 for stress verification
Copper Component Type-1286,150.5,rolls,45.99,20.0,Fitted bulk element batch number 1286 for stress verification
Copper Component Type-1287,150.5,sheets,45.99,20.0,Fitted bulk element batch number 1287 for stress verification
Copper Component Type-1288,150.5,pieces,45.99,20.0,Fitted bulk element batch number 1288 for stress verification
Copper Component Type-1289,150.5,lbs,45.99,20.0,Fitted bulk element batch number 1289 for stress verification
Copper Component Type-1290,150.5,linear ft,45.99,20.0,Fitted bulk element batch number 1290 for stress verification
Copper Component Type-1291,150.5,sq ft,45.99,20.0,Fitted bulk element batch number 1291 for stress verification
Copper Component Type-1292,150.5,rolls,45.99,20.0,Fitted bulk element batch number 1292 for stress verification
Copper Component Type-1293,150.5,sheets,45.99,20.0,Fitted bulk element batch number 1293 for stress verification
Copper Component Type-1294,150.5,pieces,45.99,20.0,Fitted bulk element batch number 1294 for stress verification
Copper Component Type-1295,150.5,lbs,45.99,20.0,Fitted bulk element batch number 1295 for stress verification
Copper Component Type-1296,150.5,linear ft,45.99,20.0,Fitted bulk element batch number 1296 for stress verification
Copper Component Type-1297,150.5,sq ft,45.99,20.0,Fitted bulk element batch number 1297 for stress verification
Copper Component Type-1298,150.5,rolls,45.99,20.0,Fitted bulk element batch number 1298 for stress verification
Copper Component Type-1299,150.5,sheets,45.99,20.0,Fitted bulk element batch number 1299 for stress verification
Copper Component Type-1300,150.5,pieces,45.99,20.0,Fitted bulk element batch number 1300 for stress verification
Copper Component Type-1301,150.5,lbs,45.99,20.0,Fitted bulk element batch number 1301 for stress verification
Copper Component Type-1302,150.5,linear ft,45.99,20.0,Fitted bulk element batch number 1302 for stress verification
Copper Component Type-1303,150.5,sq ft,45.99,20.0,Fitted bulk element batch number 1303 for stress verification
Copper Component Type-1304,150.5,rolls,45.99,20.0,Fitted bulk element batch number 1304 for stress verification
Copper Component Type-1305,150.5,sheets,45.99,20.0,Fitted bulk element batch number 1305 for stress verification
Copper Component Type-1306,150.5,pieces,45.99,20.0,Fitted bulk element batch number 1306 for stress verification
Copper Component Type-1307,150.5,lbs,45.99,20.0,Fitted bulk element batch number 1307 for stress verification
Copper Component Type-1308,150.5,linear ft,45.99,20.0,Fitted bulk element batch number 1308 for stress verification
Copper Component Type-1309,150.5,sq ft,45.99,20.0,Fitted bulk element batch number 1309 for stress verification
Copper Component Type-1310,150.5,rolls,45.99,20.0,Fitted bulk element batch number 1310 for stress verification
Copper Component Type-1311,150.5,sheets,45.99,20.0,Fitted bulk element batch number 1311 for stress verification
Copper Component Type-1312,150.5,pieces,45.99,20.0,Fitted bulk element batch number 1312 for stress verification
Copper Component Type-1313,150.5,lbs,45.99,20.0,Fitted bulk element batch number 1313 for stress verification
Copper Component Type-1314,150.5,linear ft,45.99,20.0,Fitted bulk element batch number 1314 for stress verification
Copper Component Type-1315,150.5,sq ft,45.99,20.0,Fitted bulk element batch number 1315 for stress verification
Copper Component Type-1316,150.5,rolls,45.99,20.0,Fitted bulk element batch number 1316 for stress verification
Copper Component Type-1317,150.5,sheets,45.99,20.0,Fitted bulk element batch number 1317 for stress verification
Copper Component Type-1318,150.5,pieces,45.99,20.0,Fitted bulk element batch number 1318 for stress verification
Copper Component Type-1319,150.5,lbs,45.99,20.0,Fitted bulk element batch number 1319 for stress verification
Copper Component Type-1320,150.5,linear ft,45.99,20.0,Fitted bulk element batch number 1320 for stress verification
Copper Component Type-1321,150.5,sq ft,45.99,20.0,Fitted bulk element batch number 1321 for stress verification
Copper Component Type-1322,150.5,rolls,45.99,20.0,Fitted bulk element batch number 1322 for stress verification
Copper Component Type-1323,150.5,sheets,45.99,20.0,Fitted bulk element batch number 1323 for stress verification
Copper Component Type-1324,150.5,pieces,45.99,20.0,Fitted bulk element batch number 1324 for stress verification
Copper Component Type-1325,150.5,lbs,45.99,20.0,Fitted bulk element batch number 1325 for stress verification
Copper Component Type-1326,150.5,linear ft,45.99,20.0,Fitted bulk element batch number 1326 for stress verification
Copper Component Type-1327,150.5,sq ft,45.99,20.0,Fitted bulk element batch number 1327 for stress verification
Copper Component Type-1328,150.5,rolls,45.99,20.0,Fitted bulk element batch number 1328 for stress verification
Copper Component Type-1329,150.5,sheets,45.99,20.0,Fitted bulk element batch number 1329 for stress verification
Copper Component Type-1330,150.5,pieces,45.99,20.0,Fitted bulk element batch number 1330 for stress verification
Copper Component Type-1331,150.5,lbs,45.99,20.0,Fitted bulk element batch number 1331 for stress verification
Copper Component Type-1332,150.5,linear ft,45.99,20.0,Fitted bulk element batch number 1332 for stress verification
Copper Component Type-1333,150.5,sq ft,45.99,20.0,Fitted bulk element batch number 1333 for stress verification
Copper Component Type-1334,150.5,rolls,45.99,20.0,Fitted bulk element batch number 1334 for stress verification
Copper Component Type-1335,150.5,sheets,45.99,20.0,Fitted bulk element batch number 1335 for stress verification
Copper Component Type-1336,150.5,pieces,45.99,20.0,Fitted bulk element batch number 1336 for stress verification
Copper Component Type-1337,150.5,lbs,45.99,20.0,Fitted bulk element batch number 1337 for stress verification
Copper Component Type-1338,150.5,linear ft,45.99,20.0,Fitted bulk element batch number 1338 for stress verification
Copper Component Type-1339,150.5,sq ft,45.99,20.0,Fitted bulk element batch number 1339 for stress verification
Copper Component Type-1340,150.5,rolls,45.99,20.0,Fitted bulk element batch number 1340 for stress verification
Copper Component Type-1341,150.5,sheets,45.99,20.0,Fitted bulk element batch number 1341 for stress verification
Copper Component Type-1342,150.5,pieces,45.99,20.0,Fitted bulk element batch number 1342 for stress verification
Copper Component Type-1343,150.5,lbs,45.99,20.0,Fitted bulk element batch number 1343 for stress verification
Copper Component Type-1344,150.5,linear ft,45.99,20.0,Fitted bulk element batch number 1344 for stress verification
Copper Component Type-1345,150.5,sq ft,45.99,20.0,Fitted bulk element batch number 1345 for stress verification
Copper Component Type-1346,150.5,rolls,45.99,20.0,Fitted bulk element batch number 1346 for stress verification
Copper Component Type-1347,150.5,sheets,45.99,20.0,Fitted bulk element batch number 1347 for stress verification
Copper Component Type-1348,150.5,pieces,45.99,20.0,Fitted bulk element batch number 1348 for stress verification
Copper Component Type-1349,150.5,lbs,45.99,20.0,Fitted bulk element batch number 1349 for stress verification
Copper Component Type-1350,150.5,linear ft,45.99,20.0,Fitted bulk element batch number 1350 for stress verification
Copper Component Type-1351,150.5,sq ft,45.99,20.0,Fitted bulk element batch number 1351 for stress verification
Copper Component Type-1352,150.5,rolls,45.99,20.0,Fitted bulk element batch number 1352 for stress verification
Copper Component Type-1353,150.5,sheets,45.99,20.0,Fitted bulk element batch number 1353 for stress verification
Copper Component Type-1354,150.5,pieces,45.99,20.0,Fitted bulk element batch number 1354 for stress verification
Copper Component Type-1355,150.5,lbs,45.99,20.0,Fitted bulk element batch number 1355 for stress verification
Copper Component Type-1356,150.5,linear ft,45.99,20.0,Fitted bulk element batch number 1356 for stress verification
Copper Component Type-1357,150.5,sq ft,45.99,20.0,Fitted bulk element batch number 1357 for stress verification
Copper Component Type-1358,150.5,rolls,45.99,20.0,Fitted bulk element batch number 1358 for stress verification
Copper Component Type-1359,150.5,sheets,45.99,20.0,Fitted bulk element batch number 1359 for stress verification
Copper Component Type-1360,150.5,pieces,45.99,20.0,Fitted bulk element batch number 1360 for stress verification
Copper Component Type-1361,150.5,lbs,45.99,20.0,Fitted bulk element batch number 1361 for stress verification
Copper Component Type-1362,150.5,linear ft,45.99,20.0,Fitted bulk element batch number 1362 for stress verification
Copper Component Type-1363,150.5,sq ft,45.99,20.0,Fitted bulk element batch number 1363 for stress verification
Copper Component Type-1364,150.5,rolls,45.99,20.0,Fitted bulk element batch number 1364 for stress verification
Copper Component Type-1365,150.5,sheets,45.99,20.0,Fitted bulk element batch number 1365 for stress verification
Copper Component Type-1366,150.5,pieces,45.99,20.0,Fitted bulk element batch number 1366 for stress verification
Copper Component Type-1367,150.5,lbs,45.99,20.0,Fitted bulk element batch number 1367 for stress verification
Copper Component Type-1368,150.5,linear ft,45.99,20.0,Fitted bulk element batch number 1368 for stress verification
Copper Component Type-1369,150.5,sq ft,45.99,20.0,Fitted bulk element batch number 1369 for stress verification
Copper Component Type-1370,150.5,rolls,45.99,20.0,Fitted bulk element batch number 1370 for stress verification
Copper Component Type-1371,150.5,sheets,45.99,20.0,Fitted bulk element batch number 1371 for stress verification
Copper Component Type-1372,150.5,pieces,45.99,20.0,Fitted bulk element batch number 1372 for stress verification
Copper Component Type-1373,150.5,lbs,45.99,20.0,Fitted bulk element batch number 1373 for stress verification
Copper Component Type-1374,150.5,linear ft,45.99,20.0,Fitted bulk element batch number 1374 for stress verification
Copper Component Type-1375,150.5,sq ft,45.99,20.0,Fitted bulk element batch number 1375 for stress verification
Copper Component Type-1376,150.5,rolls,45.99,20.0,Fitted bulk element batch number 1376 for stress verification
Copper Component Type-1377,150.5,sheets,45.99,20.0,Fitted bulk element batch number 1377 for stress verification
Copper Component Type-1378,150.5,pieces,45.99,20.0,Fitted bulk element batch number 1378 for stress verification
Copper Component Type-1379,150.5,lbs,45.99,20.0,Fitted bulk element batch number 1379 for stress verification
Copper Component Type-1380,150.5,linear ft,45.99,20.0,Fitted bulk element batch number 1380 for stress verification
Copper Component Type-1381,150.5,sq ft,45.99,20.0,Fitted bulk element batch number 1381 for stress verification
Copper Component Type-1382,150.5,rolls,45.99,20.0,Fitted bulk element batch number 1382 for stress verification
Copper Component Type-1383,150.5,sheets,45.99,20.0,Fitted bulk element batch number 1383 for stress verification
Copper Component Type-1384,150.5,pieces,45.99,20.0,Fitted bulk element batch number 1384 for stress verification
Copper Component Type-1385,150.5,lbs,45.99,20.0,Fitted bulk element batch number 1385 for stress verification
Copper Component Type-1386,150.5,linear ft,45.99,20.0,Fitted bulk element batch number 1386 for stress verification
Copper Component Type-1387,150.5,sq ft,45.99,20.0,Fitted bulk element batch number 1387 for stress verification
Copper Component Type-1388,150.5,rolls,45.99,20.0,Fitted bulk element batch number 1388 for stress verification
Copper Component Type-1389,150.5,sheets,45.99,20.0,Fitted bulk element batch number 1389 for stress verification
Copper Component Type-1390,150.5,pieces,45.99,20.0,Fitted bulk element batch number 1390 for stress verification
Copper Component Type-1391,150.5,lbs,45.99,20.0,Fitted bulk element batch number 1391 for stress verification
Copper Component Type-1392,150.5,linear ft,45.99,20.0,Fitted bulk element batch number 1392 for stress verification
Copper Component Type-1393,150.5,sq ft,45.99,20.0,Fitted bulk element batch number 1393 for stress verification
Copper Component Type-1394,150.5,rolls,45.99,20.0,Fitted bulk element batch number 1394 for stress verification
Copper Component Type-1395,150.5,sheets,45.99,20.0,Fitted bulk element batch number 1395 for stress verification
Copper Component Type-1396,150.5,pieces,45.99,20.0,Fitted bulk element batch number 1396 for stress verification
Copper Component Type-1397,150.5,lbs,45.99,20.0,Fitted bulk element batch number 1397 for stress verification
Copper Component Type-1398,150.5,linear ft,45.99,20.0,Fitted bulk element batch number 1398 for stress verification
Copper Component Type-1399,150.5,sq ft,45.99,20.0,Fitted bulk element batch number 1399 for stress verification
Copper Component Type-1400,150.5,rolls,45.99,20.0,Fitted bulk element batch number 1400 for stress verification
Copper Component Type-1401,150.5,sheets,45.99,20.0,Fitted bulk element batch number 1401 for stress verification
Copper Component Type-1402,150.5,pieces,45.99,20.0,Fitted bulk element batch number 1402 for stress verification
Copper Component Type-1403,150.5,lbs,45.99,20.0,Fitted bulk element batch number 1403 for stress verification
Copper Component Type-1404,150.5,linear ft,45.99,20.0,Fitted bulk element batch number 1404 for stress verification
Copper Component Type-1405,150.5,sq ft,45.99,20.0,Fitted bulk element batch number 1405 for stress verification
Copper Component Type-1406,150.5,rolls,45.99,20.0,Fitted bulk element batch number 1406 for stress verification
Copper Component Type-1407,150.5,sheets,45.99,20.0,Fitted bulk element batch number 1407 for stress verification
Copper Component Type-1408,150.5,pieces,45.99,20.0,Fitted bulk element batch number 1408 for stress verification
Copper Component Type-1409,150.5,lbs,45.99,20.0,Fitted bulk element batch number 1409 for stress verification
Copper Component Type-1410,150.5,linear ft,45.99,20.0,Fitted bulk element batch number 1410 for stress verification
Copper Component Type-1411,150.5,sq ft,45.99,20.0,Fitted bulk element batch number 1411 for stress verification
Copper Component Type-1412,150.5,rolls,45.99,20.0,Fitted bulk element batch number 1412 for stress verification
Copper Component Type-1413,150.5,sheets,45.99,20.0,Fitted bulk element batch number 1413 for stress verification
Copper Component Type-1414,150.5,pieces,45.99,20.0,Fitted bulk element batch number 1414 for stress verification
Copper Component Type-1415,150.5,lbs,45.99,20.0,Fitted bulk element batch number 1415 for stress verification
Copper Component Type-1416,150.5,linear ft,45.99,20.0,Fitted bulk element batch number 1416 for stress verification
Copper Component Type-1417,150.5,sq ft,45.99,20.0,Fitted bulk element batch number 1417 for stress verification
Copper Component Type-1418,150.5,rolls,45.99,20.0,Fitted bulk element batch number 1418 for stress verification
Copper Component Type-1419,150.5,sheets,45.99,20.0,Fitted bulk element batch number 1419 for stress verification
Copper Component Type-1420,150.5,pieces,45.99,20.0,Fitted bulk element batch number 1420 for stress verification
Copper Component Type-1421,150.5,lbs,45.99,20.0,Fitted bulk element batch number 1421 for stress verification
Copper Component Type-1422,150.5,linear ft,45.99,20.0,Fitted bulk element batch number 1422 for stress verification
Copper Component Type-1423,150.5,sq ft,45.99,20.0,Fitted bulk element batch number 1423 for stress verification
Copper Component Type-1424,150.5,rolls,45.99,20.0,Fitted bulk element batch number 1424 for stress verification
Copper Component Type-1425,150.5,sheets,45.99,20.0,Fitted bulk element batch number 1425 for stress verification
Copper Component Type-1426,150.5,pieces,45.99,20.0,Fitted bulk element batch number 1426 for stress verification
Copper Component Type-1427,150.5,lbs,45.99,20.0,Fitted bulk element batch number 1427 for stress verification
Copper Component Type-1428,150.5,linear ft,45.99,20.0,Fitted bulk element batch number 1428 for stress verification
Copper Component Type-1429,150.5,sq ft,45.99,20.0,Fitted bulk element batch number 1429 for stress verification
Copper Component Type-1430,150.5,rolls,45.99,20.0,Fitted bulk element batch number 1430 for stress verification
Copper Component Type-1431,150.5,sheets,45.99,20.0,Fitted bulk element batch number 1431 for stress verification
Copper Component Type-1432,150.5,pieces,45.99,20.0,Fitted bulk element batch number 1432 for stress verification
Copper Component Type-1433,150.5,lbs,45.99,20.0,Fitted bulk element batch number 1433 for stress verification
Copper Component Type-1434,150.5,linear ft,45.99,20.0,Fitted bulk element batch number 1434 for stress verification
Copper Component Type-1435,150.5,sq ft,45.99,20.0,Fitted bulk element batch number 1435 for stress verification
Copper Component Type-1436,150.5,rolls,45.99,20.0,Fitted bulk element batch number 1436 for stress verification
Copper Component Type-1437,150.5,sheets,45.99,20.0,Fitted bulk element batch number 1437 for stress verification
Copper Component Type-1438,150.5,pieces,45.99,20.0,Fitted bulk element batch number 1438 for stress verification
Copper Component Type-1439,150.5,lbs,45.99,20.0,Fitted bulk element batch number 1439 for stress verification
Copper Component Type-1440,150.5,linear ft,45.99,20.0,Fitted bulk element batch number 1440 for stress verification
Copper Component Type-1441,150.5,sq ft,45.99,20.0,Fitted bulk element batch number 1441 for stress verification
Copper Component Type-1442,150.5,rolls,45.99,20.0,Fitted bulk element batch number 1442 for stress verification
Copper Component Type-1443,150.5,sheets,45.99,20.0,Fitted bulk element batch number 1443 for stress verification
Copper Component Type-1444,150.5,pieces,45.99,20.0,Fitted bulk element batch number 1444 for stress verification
Copper Component Type-1445,150.5,lbs,45.99,20.0,Fitted bulk element batch number 1445 for stress verification
Copper Component Type-1446,150.5,linear ft,45.99,20.0,Fitted bulk element batch number 1446 for stress verification
Copper Component Type-1447,150.5,sq ft,45.99,20.0,Fitted bulk element batch number 1447 for stress verification
Copper Component Type-1448,150.5,rolls,45.99,20.0,Fitted bulk element batch number 1448 for stress verification
Copper Component Type-1449,150.5,sheets,45.99,20.0,Fitted bulk element batch number 1449 for stress verification
Copper Component Type-1450,150.5,pieces,45.99,20.0,Fitted bulk element batch number 1450 for stress verification
Copper Component Type-1451,150.5,lbs,45.99,20.0,Fitted bulk element batch number 1451 for stress verification
Copper Component Type-1452,150.5,linear ft,45.99,20.0,Fitted bulk element batch number 1452 for stress verification
Copper Component Type-1453,150.5,sq ft,45.99,20.0,Fitted bulk element batch number 1453 for stress verification
Copper Component Type-1454,150.5,rolls,45.99,20.0,Fitted bulk element batch number 1454 for stress verification
Copper Component Type-1455,150.5,sheets,45.99,20.0,Fitted bulk element batch number 1455 for stress verification
Copper Component Type-1456,150.5,pieces,45.99,20.0,Fitted bulk element batch number 1456 for stress verification
Copper Component Type-1457,150.5,lbs,45.99,20.0,Fitted bulk element batch number 1457 for stress verification
Copper Component Type-1458,150.5,linear ft,45.99,20.0,Fitted bulk element batch number 1458 for stress verification
Copper Component Type-1459,150.5,sq ft,45.99,20.0,Fitted bulk element batch number 1459 for stress verification
Copper Component Type-1460,150.5,rolls,45.99,20.0,Fitted bulk element batch number 1460 for stress verification
Copper Component Type-1461,150.5,sheets,45.99,20.0,Fitted bulk element batch number 1461 for stress verification
Copper Component Type-1462,150.5,pieces,45.99,20.0,Fitted bulk element batch number 1462 for stress verification
Copper Component Type-1463,150.5,lbs,45.99,20.0,Fitted bulk element batch number 1463 for stress verification
Copper Component Type-1464,150.5,linear ft,45.99,20.0,Fitted bulk element batch number 1464 for stress verification
Copper Component Type-1465,150.5,sq ft,45.99,20.0,Fitted bulk element batch number 1465 for stress verification
Copper Component Type-1466,150.5,rolls,45.99,20.0,Fitted bulk element batch number 1466 for stress verification
Copper Component Type-1467,150.5,sheets,45.99,20.0,Fitted bulk element batch number 1467 for stress verification
Copper Component Type-1468,150.5,pieces,45.99,20.0,Fitted bulk element batch number 1468 for stress verification
Copper Component Type-1469,150.5,lbs,45.99,20.0,Fitted bulk element batch number 1469 for stress verification
Copper Component Type-1470,150.5,linear ft,45.99,20.0,Fitted bulk element batch number 1470 for stress verification
Copper Component Type-1471,150.5,sq ft,45.99,20.0,Fitted bulk element batch number 1471 for stress verification
Copper Component Type-1472,150.5,rolls,45.99,20.0,Fitted bulk element batch number 1472 for stress verification
Copper Component Type-1473,150.5,sheets,45.99,20.0,Fitted bulk element batch number 1473 for stress verification
Copper Component Type-1474,150.5,pieces,45.99,20.0,Fitted bulk element batch number 1474 for stress verification
Copper Component Type-1475,150.5,lbs,45.99,20.0,Fitted bulk element batch number 1475 for stress verification
Copper Component Type-1476,150.5,linear ft,45.99,20.0,Fitted bulk element batch number 1476 for stress verification
Copper Component Type-1477,150.5,sq ft,45.99,20.0,Fitted bulk element batch number 1477 for stress verification
Copper Component Type-1478,150.5,rolls,45.99,20.0,Fitted bulk element batch number 1478 for stress verification
Copper Component Type-1479,150.5,sheets,45.99,20.0,Fitted bulk element batch number 1479 for stress verification
Copper Component Type-1480,150.5,pieces,45.99,20.0,Fitted bulk element batch number 1480 for stress verification
Copper Component Type-1481,150.5,lbs,45.99,20.0,Fitted bulk element batch number 1481 for stress verification
Copper Component Type-1482,150.5,linear ft,45.99,20.0,Fitted bulk element batch number 1482 for stress verification
Copper Component Type-1483,150.5,sq ft,45.99,20.0,Fitted bulk element batch number 1483 for stress verification
Copper Component Type-1484,150.5,rolls,45.99,20.0,Fitted bulk element batch number 1484 for stress verification
Copper Component Type-1485,150.5,sheets,45.99,20.0,Fitted bulk element batch number 1485 for stress verification
Copper Component Type-1486,150.5,pieces,45.99,20.0,Fitted bulk element batch number 1486 for stress verification
Copper Component Type-1487,150.5,lbs,45.99,20.0,Fitted bulk element batch number 1487 for stress verification
Copper Component Type-1488,150.5,linear ft,45.99,20.0,Fitted bulk element batch number 1488 for stress verification
Copper Component Type-1489,150.5,sq ft,45.99,20.0,Fitted bulk element batch number 1489 for stress verification
Copper Component Type-1490,150.5,rolls,45.99,20.0,Fitted bulk element batch number 1490 for stress verification
Copper Component Type-1491,150.5,sheets,45.99,20.0,Fitted bulk element batch number 1491 for stress verification
Copper Component Type-1492,150.5,pieces,45.99,20.0,Fitted bulk element batch number 1492 for stress verification
Copper Component Type-1493,150.5,lbs,45.99,20.0,Fitted bulk element batch number 1493 for stress verification
Copper Component Type-1494,150.5,linear ft,45.99,20.0,Fitted bulk element batch number 1494 for stress verification
Copper Component Type-1495,150.5,sq ft,45.99,20.0,Fitted bulk element batch number 1495 for stress verification
Copper Component Type-1496,150.5,rolls,45.99,20.0,Fitted bulk element batch number 1496 for stress verification
Copper Component Type-1497,150.5,sheets,45.99,20.0,Fitted bulk element batch number 1497 for stress verification
Copper Component Type-1498,150.5,pieces,45.99,20.0,Fitted bulk element batch number 1498 for stress verification
Copper Component Type-1499,150.5,lbs,45.99,20.0,Fitted bulk element batch number 1499 for stress verification
Copper Component Type-1500,150.5,linear ft,45.99,20.0,Fitted bulk element batch number 1500 for stress verification
Copper Component Type-1501,150.5,sq ft,45.99,20.0,Fitted bulk element batch number 1501 for stress verification
Copper Component Type-1502,150.5,rolls,45.99,20.0,Fitted bulk element batch number 1502 for stress verification
Copper Component Type-1503,150.5,sheets,45.99,20.0,Fitted bulk element batch number 1503 for stress verification
Copper Component Type-1504,150.5,pieces,45.99,20.0,Fitted bulk element batch number 1504 for stress verification
Copper Component Type-1505,150.5,lbs,45.99,20.0,Fitted bulk element batch number 1505 for stress verification
Copper Component Type-1506,150.5,linear ft,45.99,20.0,Fitted bulk element batch number 1506 for stress verification
Copper Component Type-1507,150.5,sq ft,45.99,20.0,Fitted bulk element batch number 1507 for stress verification
Copper Component Type-1508,150.5,rolls,45.99,20.0,Fitted bulk element batch number 1508 for stress verification
Copper Component Type-1509,150.5,sheets,45.99,20.0,Fitted bulk element batch number 1509 for stress verification
Copper Component Type-1510,150.5,pieces,45.99,20.0,Fitted bulk element batch number 1510 for stress verification
Copper Component Type-1511,150.5,lbs,45.99,20.0,Fitted bulk element batch number 1511 for stress verification
Copper Component Type-1512,150.5,linear ft,45.99,20.0,Fitted bulk element batch number 1512 for stress verification
Copper Component Type-1513,150.5,sq ft,45.99,20.0,Fitted bulk element batch number 1513 for stress verification
Copper Component Type-1514,150.5,rolls,45.99,20.0,Fitted bulk element batch number 1514 for stress verification
Copper Component Type-1515,150.5,sheets,45.99,20.0,Fitted bulk element batch number 1515 for stress verification
Copper Component Type-1516,150.5,pieces,45.99,20.0,Fitted bulk element batch number 1516 for stress verification
Copper Component Type-1517,150.5,lbs,45.99,20.0,Fitted bulk element batch number 1517 for stress verification
Copper Component Type-1518,150.5,linear ft,45.99,20.0,Fitted bulk element batch number 1518 for stress verification
Copper Component Type-1519,150.5,sq ft,45.99,20.0,Fitted bulk element batch number 1519 for stress verification
Copper Component Type-1520,150.5,rolls,45.99,20.0,Fitted bulk element batch number 1520 for stress verification
Copper Component Type-1521,150.5,sheets,45.99,20.0,Fitted bulk element batch number 1521 for stress verification
Copper Component Type-1522,150.5,pieces,45.99,20.0,Fitted bulk element batch number 1522 for stress verification
Copper Component Type-1523,150.5,lbs,45.99,20.0,Fitted bulk element batch number 1523 for stress verification
Copper Component Type-1524,150.5,linear ft,45.99,20.0,Fitted bulk element batch number 1524 for stress verification
Copper Component Type-1525,150.5,sq ft,45.99,20.0,Fitted bulk element batch number 1525 for stress verification
Copper Component Type-1526,150.5,rolls,45.99,20.0,Fitted bulk element batch number 1526 for stress verification
Copper Component Type-1527,150.5,sheets,45.99,20.0,Fitted bulk element batch number 1527 for stress verification
Copper Component Type-1528,150.5,pieces,45.99,20.0,Fitted bulk element batch number 1528 for stress verification
Copper Component Type-1529,150.5,lbs,45.99,20.0,Fitted bulk element batch number 1529 for stress verification
Copper Component Type-1530,150.5,linear ft,45.99,20.0,Fitted bulk element batch number 1530 for stress verification
Copper Component Type-1531,150.5,sq ft,45.99,20.0,Fitted bulk element batch number 1531 for stress verification
Copper Component Type-1532,150.5,rolls,45.99,20.0,Fitted bulk element batch number 1532 for stress verification
Copper Component Type-1533,150.5,sheets,45.99,20.0,Fitted bulk element batch number 1533 for stress verification
Copper Component Type-1534,150.5,pieces,45.99,20.0,Fitted bulk element batch number 1534 for stress verification
Copper Component Type-1535,150.5,lbs,45.99,20.0,Fitted bulk element batch number 1535 for stress verification
Copper Component Type-1536,150.5,linear ft,45.99,20.0,Fitted bulk element batch number 1536 for stress verification
Copper Component Type-1537,150.5,sq ft,45.99,20.0,Fitted bulk element batch number 1537 for stress verification
Copper Component Type-1538,150.5,rolls,45.99,20.0,Fitted bulk element batch number 1538 for stress verification
Copper Component Type-1539,150.5,sheets,45.99,20.0,Fitted bulk element batch number 1539 for stress verification
Copper Component Type-1540,150.5,pieces,45.99,20.0,Fitted bulk element batch number 1540 for stress verification
Copper Component Type-1541,150.5,lbs,45.99,20.0,Fitted bulk element batch number 1541 for stress verification
Copper Component Type-1542,150.5,linear ft,45.99,20.0,Fitted bulk element batch number 1542 for stress verification
Copper Component Type-1543,150.5,sq ft,45.99,20.0,Fitted bulk element batch number 1543 for stress verification
Copper Component Type-1544,150.5,rolls,45.99,20.0,Fitted bulk element batch number 1544 for stress verification
Copper Component Type-1545,150.5,sheets,45.99,20.0,Fitted bulk element batch number 1545 for stress verification
Copper Component Type-1546,150.5,pieces,45.99,20.0,Fitted bulk element batch number 1546 for stress verification
Copper Component Type-1547,150.5,lbs,45.99,20.0,Fitted bulk element batch number 1547 for stress verification
Copper Component Type-1548,150.5,linear ft,45.99,20.0,Fitted bulk element batch number 1548 for stress verification
Copper Component Type-1549,150.5,sq ft,45.99,20.0,Fitted bulk element batch number 1549 for stress verification
Copper Component Type-1550,150.5,rolls,45.99,20.0,Fitted bulk element batch number 1550 for stress verification
Copper Component Type-1551,150.5,sheets,45.99,20.0,Fitted bulk element batch number 1551 for stress verification
Copper Component Type-1552,150.5,pieces,45.99,20.0,Fitted bulk element batch number 1552 for stress verification
Copper Component Type-1553,150.5,lbs,45.99,20.0,Fitted bulk element batch number 1553 for stress verification
Copper Component Type-1554,150.5,linear ft,45.99,20.0,Fitted bulk element batch number 1554 for stress verification
Copper Component Type-1555,150.5,sq ft,45.99,20.0,Fitted bulk element batch number 1555 for stress verification
Copper Component Type-1556,150.5,rolls,45.99,20.0,Fitted bulk element batch number 1556 for stress verification
Copper Component Type-1557,150.5,sheets,45.99,20.0,Fitted bulk element batch number 1557 for stress verification
Copper Component Type-1558,150.5,pieces,45.99,20.0,Fitted bulk element batch number 1558 for stress verification
Copper Component Type-1559,150.5,lbs,45.99,20.0,Fitted bulk element batch number 1559 for stress verification
Copper Component Type-1560,150.5,linear ft,45.99,20.0,Fitted bulk element batch number 1560 for stress verification
Copper Component Type-1561,150.5,sq ft,45.99,20.0,Fitted bulk element batch number 1561 for stress verification
Copper Component Type-1562,150.5,rolls,45.99,20.0,Fitted bulk element batch number 1562 for stress verification
Copper Component Type-1563,150.5,sheets,45.99,20.0,Fitted bulk element batch number 1563 for stress verification
Copper Component Type-1564,150.5,pieces,45.99,20.0,Fitted bulk element batch number 1564 for stress verification
Copper Component Type-1565,150.5,lbs,45.99,20.0,Fitted bulk element batch number 1565 for stress verification
Copper Component Type-1566,150.5,linear ft,45.99,20.0,Fitted bulk element batch number 1566 for stress verification
Copper Component Type-1567,150.5,sq ft,45.99,20.0,Fitted bulk element batch number 1567 for stress verification
Copper Component Type-1568,150.5,rolls,45.99,20.0,Fitted bulk element batch number 1568 for stress verification
Copper Component Type-1569,150.5,sheets,45.99,20.0,Fitted bulk element batch number 1569 for stress verification
Copper Component Type-1570,150.5,pieces,45.99,20.0,Fitted bulk element batch number 1570 for stress verification
Copper Component Type-1571,150.5,lbs,45.99,20.0,Fitted bulk element batch number 1571 for stress verification
Copper Component Type-1572,150.5,linear ft,45.99,20.0,Fitted bulk element batch number 1572 for stress verification
Copper Component Type-1573,150.5,sq ft,45.99,20.0,Fitted bulk element batch number 1573 for stress verification
Copper Component Type-1574,150.5,rolls,45.99,20.0,Fitted bulk element batch number 1574 for stress verification
Copper Component Type-1575,150.5,sheets,45.99,20.0,Fitted bulk element batch number 1575 for stress verification
Copper Component Type-1576,150.5,pieces,45.99,20.0,Fitted bulk element batch number 1576 for stress verification
Copper Component Type-1577,150.5,lbs,45.99,20.0,Fitted bulk element batch number 1577 for stress verification
Copper Component Type-1578,150.5,linear ft,45.99,20.0,Fitted bulk element batch number 1578 for stress verification
Copper Component Type-1579,150.5,sq ft,45.99,20.0,Fitted bulk element batch number 1579 for stress verification
Copper Component Type-1580,150.5,rolls,45.99,20.0,Fitted bulk element batch number 1580 for stress verification
Copper Component Type-1581,150.5,sheets,45.99,20.0,Fitted bulk element batch number 1581 for stress verification
Copper Component Type-1582,150.5,pieces,45.99,20.0,Fitted bulk element batch number 1582 for stress verification
Copper Component Type-1583,150.5,lbs,45.99,20.0,Fitted bulk element batch number 1583 for stress verification
Copper Component Type-1584,150.5,linear ft,45.99,20.0,Fitted bulk element batch number 1584 for stress verification
Copper Component Type-1585,150.5,sq ft,45.99,20.0,Fitted bulk element batch number 1585 for stress verification
Copper Component Type-1586,150.5,rolls,45.99,20.0,Fitted bulk element batch number 1586 for stress verification
Copper Component Type-1587,150.5,sheets,45.99,20.0,Fitted bulk element batch number 1587 for stress verification
Copper Component Type-1588,150.5,pieces,45.99,20.0,Fitted bulk element batch number 1588 for stress verification
Copper Component Type-1589,150.5,lbs,45.99,20.0,Fitted bulk element batch number 1589 for stress verification
Copper Component Type-1590,150.5,linear ft,45.99,20.0,Fitted bulk element batch number 1590 for stress verification
Copper Component Type-1591,150.5,sq ft,45.99,20.0,Fitted bulk element batch number 1591 for stress verification
Copper Component Type-1592,150.5,rolls,45.99,20.0,Fitted bulk element batch number 1592 for stress verification
Copper Component Type-1593,150.5,sheets,45.99,20.0,Fitted bulk element batch number 1593 for stress verification
Copper Component Type-1594,150.5,pieces,45.99,20.0,Fitted bulk element batch number 1594 for stress verification
Copper Component Type-1595,150.5,lbs,45.99,20.0,Fitted bulk element batch number 1595 for stress verification
Copper Component Type-1596,150.5,linear ft,45.99,20.0,Fitted bulk element batch number 1596 for stress verification
Copper Component Type-1597,150.5,sq ft,45.99,20.0,Fitted bulk element batch number 1597 for stress verification
Copper Component Type-1598,150.5,rolls,45.99,20.0,Fitted bulk element batch number 1598 for stress verification
Copper Component Type-1599,150.5,sheets,45.99,20.0,Fitted bulk element batch number 1599 for stress verification
Copper Component Type-1600,150.5,pieces,45.99,20.0,Fitted bulk element batch number 1600 for stress verification
Copper Component Type-1601,150.5,lbs,45.99,20.0,Fitted bulk element batch number 1601 for stress verification
Copper Component Type-1602,150.5,linear ft,45.99,20.0,Fitted bulk element batch number 1602 for stress verification
Copper Component Type-1603,150.5,sq ft,45.99,20.0,Fitted bulk element batch number 1603 for stress verification
Copper Component Type-1604,150.5,rolls,45.99,20.0,Fitted bulk element batch number 1604 for stress verification
Copper Component Type-1605,150.5,sheets,45.99,20.0,Fitted bulk element batch number 1605 for stress verification
Copper Component Type-1606,150.5,pieces,45.99,20.0,Fitted bulk element batch number 1606 for stress verification
Copper Component Type-1607,150.5,lbs,45.99,20.0,Fitted bulk element batch number 1607 for stress verification
Copper Component Type-1608,150.5,linear ft,45.99,20.0,Fitted bulk element batch number 1608 for stress verification
Copper Component Type-1609,150.5,sq ft,45.99,20.0,Fitted bulk element batch number 1609 for stress verification
Copper Component Type-1610,150.5,rolls,45.99,20.0,Fitted bulk element batch number 1610 for stress verification
Copper Component Type-1611,150.5,sheets,45.99,20.0,Fitted bulk element batch number 1611 for stress verification
Copper Component Type-1612,150.5,pieces,45.99,20.0,Fitted bulk element batch number 1612 for stress verification
Copper Component Type-1613,150.5,lbs,45.99,20.0,Fitted bulk element batch number 1613 for stress verification
Copper Component Type-1614,150.5,linear ft,45.99,20.0,Fitted bulk element batch number 1614 for stress verification
Copper Component Type-1615,150.5,sq ft,45.99,20.0,Fitted bulk element batch number 1615 for stress verification
Copper Component Type-1616,150.5,rolls,45.99,20.0,Fitted bulk element batch number 1616 for stress verification
Copper Component Type-1617,150.5,sheets,45.99,20.0,Fitted bulk element batch number 1617 for stress verification
Copper Component Type-1618,150.5,pieces,45.99,20.0,Fitted bulk element batch number 1618 for stress verification
Copper Component Type-1619,150.5,lbs,45.99,20.0,Fitted bulk element batch number 1619 for stress verification
Copper Component Type-1620,150.5,linear ft,45.99,20.0,Fitted bulk element batch number 1620 for stress verification
Copper Component Type-1621,150.5,sq ft,45.99,20.0,Fitted bulk element batch number 1621 for stress verification
Copper Component Type-1622,150.5,rolls,45.99,20.0,Fitted bulk element batch number 1622 for stress verification
Copper Component Type-1623,150.5,sheets,45.99,20.0,Fitted bulk element batch number 1623 for stress verification
Copper Component Type-1624,150.5,pieces,45.99,20.0,Fitted bulk element batch number 1624 for stress verification
Copper Component Type-1625,150.5,lbs,45.99,20.0,Fitted bulk element batch number 1625 for stress verification
Copper Component Type-1626,150.5,linear ft,45.99,20.0,Fitted bulk element batch number 1626 for stress verification
Copper Component Type-1627,150.5,sq ft,45.99,20.0,Fitted bulk element batch number 1627 for stress verification
Copper Component Type-1628,150.5,rolls,45.99,20.0,Fitted bulk element batch number 1628 for stress verification
Copper Component Type-1629,150.5,sheets,45.99,20.0,Fitted bulk element batch number 1629 for stress verification
Copper Component Type-1630,150.5,pieces,45.99,20.0,Fitted bulk element batch number 1630 for stress verification
Copper Component Type-1631,150.5,lbs,45.99,20.0,Fitted bulk element batch number 1631 for stress verification
Copper Component Type-1632,150.5,linear ft,45.99,20.0,Fitted bulk element batch number 1632 for stress verification
Copper Component Type-1633,150.5,sq ft,45.99,20.0,Fitted bulk element batch number 1633 for stress verification
Copper Component Type-1634,150.5,rolls,45.99,20.0,Fitted bulk element batch number 1634 for stress verification
Copper Component Type-1635,150.5,sheets,45.99,20.0,Fitted bulk element batch number 1635 for stress verification
Copper Component Type-1636,150.5,pieces,45.99,20.0,Fitted bulk element batch number 1636 for stress verification
Copper Component Type-1637,150.5,lbs,45.99,20.0,Fitted bulk element batch number 1637 for stress verification
Copper Component Type-1638,150.5,linear ft,45.99,20.0,Fitted bulk element batch number 1638 for stress verification
Copper Component Type-1639,150.5,sq ft,45.99,20.0,Fitted bulk element batch number 1639 for stress verification
Copper Component Type-1640,150.5,rolls,45.99,20.0,Fitted bulk element batch number 1640 for stress verification
Copper Component Type-1641,150.5,sheets,45.99,20.0,Fitted bulk element batch number 1641 for stress verification
Copper Component Type-1642,150.5,pieces,45.99,20.0,Fitted bulk element batch number 1642 for stress verification
Copper Component Type-1643,150.5,lbs,45.99,20.0,Fitted bulk element batch number 1643 for stress verification
Copper Component Type-1644,150.5,linear ft,45.99,20.0,Fitted bulk element batch number 1644 for stress verification
Copper Component Type-1645,150.5,sq ft,45.99,20.0,Fitted bulk element batch number 1645 for stress verification
Copper Component Type-1646,150.5,rolls,45.99,20.0,Fitted bulk element batch number 1646 for stress verification
Copper Component Type-1647,150.5,sheets,45.99,20.0,Fitted bulk element batch number 1647 for stress verification
Copper Component Type-1648,150.5,pieces,45.99,20.0,Fitted bulk element batch number 1648 for stress verification
Copper Component Type-1649,150.5,lbs,45.99,20.0,Fitted bulk element batch number 1649 for stress verification
Copper Component Type-1650,150.5,linear ft,45.99,20.0,Fitted bulk element batch number 1650 for stress verification
Copper Component Type-1651,150.5,sq ft,45.99,20.0,Fitted bulk element batch number 1651 for stress verification
Copper Component Type-1652,150.5,rolls,45.99,20.0,Fitted bulk element batch number 1652 for stress verification
Copper Component Type-1653,150.5,sheets,45.99,20.0,Fitted bulk element batch number 1653 for stress verification
Copper Component Type-1654,150.5,pieces,45.99,20.0,Fitted bulk element batch number 1654 for stress verification
Copper Component Type-1655,150.5,lbs,45.99,20.0,Fitted bulk element batch number 1655 for stress verification
Copper Component Type-1656,150.5,linear ft,45.99,20.0,Fitted bulk element batch number 1656 for stress verification
Copper Component Type-1657,150.5,sq ft,45.99,20.0,Fitted bulk element batch number 1657 for stress verification
Copper Component Type-1658,150.5,rolls,45.99,20.0,Fitted bulk element batch number 1658 for stress verification
Copper Component Type-1659,150.5,sheets,45.99,20.0,Fitted bulk element batch number 1659 for stress verification
Copper Component Type-1660,150.5,pieces,45.99,20.0,Fitted bulk element batch number 1660 for stress verification
Copper Component Type-1661,150.5,lbs,45.99,20.0,Fitted bulk element batch number 1661 for stress verification
Copper Component Type-1662,150.5,linear ft,45.99,20.0,Fitted bulk element batch number 1662 for stress verification
Copper Component Type-1663,150.5,sq ft,45.99,20.0,Fitted bulk element batch number 1663 for stress verification
Copper Component Type-1664,150.5,rolls,45.99,20.0,Fitted bulk element batch number 1664 for stress verification
Copper Component Type-1665,150.5,sheets,45.99,20.0,Fitted bulk element batch number 1665 for stress verification
Copper Component Type-1666,150.5,pieces,45.99,20.0,Fitted bulk element batch number 1666 for stress verification
Copper Component Type-1667,150.5,lbs,45.99,20.0,Fitted bulk element batch number 1667 for stress verification
Copper Component Type-1668,150.5,linear ft,45.99,20.0,Fitted bulk element batch number 1668 for stress verification
Copper Component Type-1669,150.5,sq ft,45.99,20.0,Fitted bulk element batch number 1669 for stress verification
Copper Component Type-1670,150.5,rolls,45.99,20.0,Fitted bulk element batch number 1670 for stress verification
Copper Component Type-1671,150.5,sheets,45.99,20.0,Fitted bulk element batch number 1671 for stress verification
Copper Component Type-1672,150.5,pieces,45.99,20.0,Fitted bulk element batch number 1672 for stress verification
Copper Component Type-1673,150.5,lbs,45.99,20.0,Fitted bulk element batch number 1673 for stress verification
Copper Component Type-1674,150.5,linear ft,45.99,20.0,Fitted bulk element batch number 1674 for stress verification
Copper Component Type-1675,150.5,sq ft,45.99,20.0,Fitted bulk element batch number 1675 for stress verification
Copper Component Type-1676,150.5,rolls,45.99,20.0,Fitted bulk element batch number 1676 for stress verification
Copper Component Type-1677,150.5,sheets,45.99,20.0,Fitted bulk element batch number 1677 for stress verification
Copper Component Type-1678,150.5,pieces,45.99,20.0,Fitted bulk element batch number 1678 for stress verification
Copper Component Type-1679,150.5,lbs,45.99,20.0,Fitted bulk element batch number 1679 for stress verification
Copper Component Type-1680,150.5,linear ft,45.99,20.0,Fitted bulk element batch number 1680 for stress verification
Copper Component Type-1681,150.5,sq ft,45.99,20.0,Fitted bulk element batch number 1681 for stress verification
Copper Component Type-1682,150.5,rolls,45.99,20.0,Fitted bulk element batch number 1682 for stress verification
Copper Component Type-1683,150.5,sheets,45.99,20.0,Fitted bulk element batch number 1683 for stress verification
Copper Component Type-1684,150.5,pieces,45.99,20.0,Fitted bulk element batch number 1684 for stress verification
Copper Component Type-1685,150.5,lbs,45.99,20.0,Fitted bulk element batch number 1685 for stress verification
Copper Component Type-1686,150.5,linear ft,45.99,20.0,Fitted bulk element batch number 1686 for stress verification
Copper Component Type-1687,150.5,sq ft,45.99,20.0,Fitted bulk element batch number 1687 for stress verification
Copper Component Type-1688,150.5,rolls,45.99,20.0,Fitted bulk element batch number 1688 for stress verification
Copper Component Type-1689,150.5,sheets,45.99,20.0,Fitted bulk element batch number 1689 for stress verification
Copper Component Type-1690,150.5,pieces,45.99,20.0,Fitted bulk element batch number 1690 for stress verification
Copper Component Type-1691,150.5,lbs,45.99,20.0,Fitted bulk element batch number 1691 for stress verification
Copper Component Type-1692,150.5,linear ft,45.99,20.0,Fitted bulk element batch number 1692 for stress verification
Copper Component Type-1693,150.5,sq ft,45.99,20.0,Fitted bulk element batch number 1693 for stress verification
Copper Component Type-1694,150.5,rolls,45.99,20.0,Fitted bulk element batch number 1694 for stress verification
Copper Component Type-1695,150.5,sheets,45.99,20.0,Fitted bulk element batch number 1695 for stress verification
Copper Component Type-1696,150.5,pieces,45.99,20.0,Fitted bulk element batch number 1696 for stress verification
Copper Component Type-1697,150.5,lbs,45.99,20.0,Fitted bulk element batch number 1697 for stress verification
Copper Component Type-1698,150.5,linear ft,45.99,20.0,Fitted bulk element batch number 1698 for stress verification
Copper Component Type-1699,150.5,sq ft,45.99,20.0,Fitted bulk element batch number 1699 for stress verification
Copper Component Type-1700,150.5,rolls,45.99,20.0,Fitted bulk element batch number 1700 for stress verification
Copper Component Type-1701,150.5,sheets,45.99,20.0,Fitted bulk element batch number 1701 for stress verification
Copper Component Type-1702,150.5,pieces,45.99,20.0,Fitted bulk element batch number 1702 for stress verification
Copper Component Type-1703,150.5,lbs,45.99,20.0,Fitted bulk element batch number 1703 for stress verification
Copper Component Type-1704,150.5,linear ft,45.99,20.0,Fitted bulk element batch number 1704 for stress verification
Copper Component Type-1705,150.5,sq ft,45.99,20.0,Fitted bulk element batch number 1705 for stress verification
Copper Component Type-1706,150.5,rolls,45.99,20.0,Fitted bulk element batch number 1706 for stress verification
Copper Component Type-1707,150.5,sheets,45.99,20.0,Fitted bulk element batch number 1707 for stress verification
Copper Component Type-1708,150.5,pieces,45.99,20.0,Fitted bulk element batch number 1708 for stress verification
Copper Component Type-1709,150.5,lbs,45.99,20.0,Fitted bulk element batch number 1709 for stress verification
Copper Component Type-1710,150.5,linear ft,45.99,20.0,Fitted bulk element batch number 1710 for stress verification
Copper Component Type-1711,150.5,sq ft,45.99,20.0,Fitted bulk element batch number 1711 for stress verification
Copper Component Type-1712,150.5,rolls,45.99,20.0,Fitted bulk element batch number 1712 for stress verification
Copper Component Type-1713,150.5,sheets,45.99,20.0,Fitted bulk element batch number 1713 for stress verification
Copper Component Type-1714,150.5,pieces,45.99,20.0,Fitted bulk element batch number 1714 for stress verification
Copper Component Type-1715,150.5,lbs,45.99,20.0,Fitted bulk element batch number 1715 for stress verification
Copper Component Type-1716,150.5,linear ft,45.99,20.0,Fitted bulk element batch number 1716 for stress verification
Copper Component Type-1717,150.5,sq ft,45.99,20.0,Fitted bulk element batch number 1717 for stress verification
Copper Component Type-1718,150.5,rolls,45.99,20.0,Fitted bulk element batch number 1718 for stress verification
Copper Component Type-1719,150.5,sheets,45.99,20.0,Fitted bulk element batch number 1719 for stress verification
Copper Component Type-1720,150.5,pieces,45.99,20.0,Fitted bulk element batch number 1720 for stress verification
Copper Component Type-1721,150.5,lbs,45.99,20.0,Fitted bulk element batch number 1721 for stress verification
Copper Component Type-1722,150.5,linear ft,45.99,20.0,Fitted bulk element batch number 1722 for stress verification
Copper Component Type-1723,150.5,sq ft,45.99,20.0,Fitted bulk element batch number 1723 for stress verification
Copper Component Type-1724,150.5,rolls,45.99,20.0,Fitted bulk element batch number 1724 for stress verification
Copper Component Type-1725,150.5,sheets,45.99,20.0,Fitted bulk element batch number 1725 for stress verification
Copper Component Type-1726,150.5,pieces,45.99,20.0,Fitted bulk element batch number 1726 for stress verification
Copper Component Type-1727,150.5,lbs,45.99,20.0,Fitted bulk element batch number 1727 for stress verification
Copper Component Type-1728,150.5,linear ft,45.99,20.0,Fitted bulk element batch number 1728 for stress verification
Copper Component Type-1729,150.5,sq ft,45.99,20.0,Fitted bulk element batch number 1729 for stress verification
Copper Component Type-1730,150.5,rolls,45.99,20.0,Fitted bulk element batch number 1730 for stress verification
Copper Component Type-1731,150.5,sheets,45.99,20.0,Fitted bulk element batch number 1731 for stress verification
Copper Component Type-1732,150.5,pieces,45.99,20.0,Fitted bulk element batch number 1732 for stress verification
Copper Component Type-1733,150.5,lbs,45.99,20.0,Fitted bulk element batch number 1733 for stress verification
Copper Component Type-1734,150.5,linear ft,45.99,20.0,Fitted bulk element batch number 1734 for stress verification
Copper Component Type-1735,150.5,sq ft,45.99,20.0,Fitted bulk element batch number 1735 for stress verification
Copper Component Type-1736,150.5,rolls,45.99,20.0,Fitted bulk element batch number 1736 for stress verification
Copper Component Type-1737,150.5,sheets,45.99,20.0,Fitted bulk element batch number 1737 for stress verification
Copper Component Type-1738,150.5,pieces,45.99,20.0,Fitted bulk element batch number 1738 for stress verification
Copper Component Type-1739,150.5,lbs,45.99,20.0,Fitted bulk element batch number 1739 for stress verification
Copper Component Type-1740,150.5,linear ft,45.99,20.0,Fitted bulk element batch number 1740 for stress verification
Copper Component Type-1741,150.5,sq ft,45.99,20.0,Fitted bulk element batch number 1741 for stress verification
Copper Component Type-1742,150.5,rolls,45.99,20.0,Fitted bulk element batch number 1742 for stress verification
Copper Component Type-1743,150.5,sheets,45.99,20.0,Fitted bulk element batch number 1743 for stress verification
Copper Component Type-1744,150.5,pieces,45.99,20.0,Fitted bulk element batch number 1744 for stress verification
Copper Component Type-1745,150.5,lbs,45.99,20.0,Fitted bulk element batch number 1745 for stress verification
Copper Component Type-1746,150.5,linear ft,45.99,20.0,Fitted bulk element batch number 1746 for stress verification
Copper Component Type-1747,150.5,sq ft,45.99,20.0,Fitted bulk element batch number 1747 for stress verification
Copper Component Type-1748,150.5,rolls,45.99,20.0,Fitted bulk element batch number 1748 for stress verification
Copper Component Type-1749,150.5,sheets,45.99,20.0,Fitted bulk element batch number 1749 for stress verification
Copper Component Type-1750,150.5,pieces,45.99,20.0,Fitted bulk element batch number 1750 for stress verification
Copper Component Type-1751,150.5,lbs,45.99,20.0,Fitted bulk element batch number 1751 for stress verification
Copper Component Type-1752,150.5,linear ft,45.99,20.0,Fitted bulk element batch number 1752 for stress verification
Copper Component Type-1753,150.5,sq ft,45.99,20.0,Fitted bulk element batch number 1753 for stress verification
Copper Component Type-1754,150.5,rolls,45.99,20.0,Fitted bulk element batch number 1754 for stress verification
Copper Component Type-1755,150.5,sheets,45.99,20.0,Fitted bulk element batch number 1755 for stress verification
Copper Component Type-1756,150.5,pieces,45.99,20.0,Fitted bulk element batch number 1756 for stress verification
Copper Component Type-1757,150.5,lbs,45.99,20.0,Fitted bulk element batch number 1757 for stress verification
Copper Component Type-1758,150.5,linear ft,45.99,20.0,Fitted bulk element batch number 1758 for stress verification
Copper Component Type-1759,150.5,sq ft,45.99,20.0,Fitted bulk element batch number 1759 for stress verification
Copper Component Type-1760,150.5,rolls,45.99,20.0,Fitted bulk element batch number 1760 for stress verification
Copper Component Type-1761,150.5,sheets,45.99,20.0,Fitted bulk element batch number 1761 for stress verification
Copper Component Type-1762,150.5,pieces,45.99,20.0,Fitted bulk element batch number 1762 for stress verification
Copper Component Type-1763,150.5,lbs,45.99,20.0,Fitted bulk element batch number 1763 for stress verification
Copper Component Type-1764,150.5,linear ft,45.99,20.0,Fitted bulk element batch number 1764 for stress verification
Copper Component Type-1765,150.5,sq ft,45.99,20.0,Fitted bulk element batch number 1765 for stress verification
Copper Component Type-1766,150.5,rolls,45.99,20.0,Fitted bulk element batch number 1766 for stress verification
Copper Component Type-1767,150.5,sheets,45.99,20.0,Fitted bulk element batch number 1767 for stress verification
Copper Component Type-1768,150.5,pieces,45.99,20.0,Fitted bulk element batch number 1768 for stress verification
Copper Component Type-1769,150.5,lbs,45.99,20.0,Fitted bulk element batch number 1769 for stress verification
Copper Component Type-1770,150.5,linear ft,45.99,20.0,Fitted bulk element batch number 1770 for stress verification
Copper Component Type-1771,150.5,sq ft,45.99,20.0,Fitted bulk element batch number 1771 for stress verification
Copper Component Type-1772,150.5,rolls,45.99,20.0,Fitted bulk element batch number 1772 for stress verification
Copper Component Type-1773,150.5,sheets,45.99,20.0,Fitted bulk element batch number 1773 for stress verification
Copper Component Type-1774,150.5,pieces,45.99,20.0,Fitted bulk element batch number 1774 for stress verification
Copper Component Type-1775,150.5,lbs,45.99,20.0,Fitted bulk element batch number 1775 for stress verification
Copper Component Type-1776,150.5,linear ft,45.99,20.0,Fitted bulk element batch number 1776 for stress verification
Copper Component Type-1777,150.5,sq ft,45.99,20.0,Fitted bulk element batch number 1777 for stress verification
Copper Component Type-1778,150.5,rolls,45.99,20.0,Fitted bulk element batch number 1778 for stress verification
Copper Component Type-1779,150.5,sheets,45.99,20.0,Fitted bulk element batch number 1779 for stress verification
Copper Component Type-1780,150.5,pieces,45.99,20.0,Fitted bulk element batch number 1780 for stress verification
Copper Component Type-1781,150.5,lbs,45.99,20.0,Fitted bulk element batch number 1781 for stress verification
Copper Component Type-1782,150.5,linear ft,45.99,20.0,Fitted bulk element batch number 1782 for stress verification
Copper Component Type-1783,150.5,sq ft,45.99,20.0,Fitted bulk element batch number 1783 for stress verification
Copper Component Type-1784,150.5,rolls,45.99,20.0,Fitted bulk element batch number 1784 for stress verification
Copper Component Type-1785,150.5,sheets,45.99,20.0,Fitted bulk element batch number 1785 for stress verification
Copper Component Type-1786,150.5,pieces,45.99,20.0,Fitted bulk element batch number 1786 for stress verification
Copper Component Type-1787,150.5,lbs,45.99,20.0,Fitted bulk element batch number 1787 for stress verification
Copper Component Type-1788,150.5,linear ft,45.99,20.0,Fitted bulk element batch number 1788 for stress verification
Copper Component Type-1789,150.5,sq ft,45.99,20.0,Fitted bulk element batch number 1789 for stress verification
Copper Component Type-1790,150.5,rolls,45.99,20.0,Fitted bulk element batch number 1790 for stress verification
Copper Component Type-1791,150.5,sheets,45.99,20.0,Fitted bulk element batch number 1791 for stress verification
Copper Component Type-1792,150.5,pieces,45.99,20.0,Fitted bulk element batch number 1792 for stress verification
Copper Component Type-1793,150.5,lbs,45.99,20.0,Fitted bulk element batch number 1793 for stress verification
Copper Component Type-1794,150.5,linear ft,45.99,20.0,Fitted bulk element batch number 1794 for stress verification
Copper Component Type-1795,150.5,sq ft,45.99,20.0,Fitted bulk element batch number 1795 for stress verification
Copper Component Type-1796,150.5,rolls,45.99,20.0,Fitted bulk element batch number 1796 for stress verification
Copper Component Type-1797,150.5,sheets,45.99,20.0,Fitted bulk element batch number 1797 for stress verification
Copper Component Type-1798,150.5,pieces,45.99,20.0,Fitted bulk element batch number 1798 for stress verification
Copper Component Type-1799,150.5,lbs,45.99,20.0,Fitted bulk element batch number 1799 for stress verification
Copper Component Type-1800,150.5,linear ft,45.99,20.0,Fitted bulk element batch number 1800 for stress verification
Copper Component Type-1801,150.5,sq ft,45.99,20.0,Fitted bulk element batch number 1801 for stress verification
Copper Component Type-1802,150.5,rolls,45.99,20.0,Fitted bulk element batch number 1802 for stress verification
Copper Component Type-1803,150.5,sheets,45.99,20.0,Fitted bulk element batch number 1803 for stress verification
Copper Component Type-1804,150.5,pieces,45.99,20.0,Fitted bulk element batch number 1804 for stress verification
Copper Component Type-1805,150.5,lbs,45.99,20.0,Fitted bulk element batch number 1805 for stress verification
Copper Component Type-1806,150.5,linear ft,45.99,20.0,Fitted bulk element batch number 1806 for stress verification
Copper Component Type-1807,150.5,sq ft,45.99,20.0,Fitted bulk element batch number 1807 for stress verification
Copper Component Type-1808,150.5,rolls,45.99,20.0,Fitted bulk element batch number 1808 for stress verification
Copper Component Type-1809,150.5,sheets,45.99,20.0,Fitted bulk element batch number 1809 for stress verification
Copper Component Type-1810,150.5,pieces,45.99,20.0,Fitted bulk element batch number 1810 for stress verification
Copper Component Type-1811,150.5,lbs,45.99,20.0,Fitted bulk element batch number 1811 for stress verification
Copper Component Type-1812,150.5,linear ft,45.99,20.0,Fitted bulk element batch number 1812 for stress verification
Copper Component Type-1813,150.5,sq ft,45.99,20.0,Fitted bulk element batch number 1813 for stress verification
Copper Component Type-1814,150.5,rolls,45.99,20.0,Fitted bulk element batch number 1814 for stress verification
Copper Component Type-1815,150.5,sheets,45.99,20.0,Fitted bulk element batch number 1815 for stress verification
Copper Component Type-1816,150.5,pieces,45.99,20.0,Fitted bulk element batch number 1816 for stress verification
Copper Component Type-1817,150.5,lbs,45.99,20.0,Fitted bulk element batch number 1817 for stress verification
Copper Component Type-1818,150.5,linear ft,45.99,20.0,Fitted bulk element batch number 1818 for stress verification
Copper Component Type-1819,150.5,sq ft,45.99,20.0,Fitted bulk element batch number 1819 for stress verification
Copper Component Type-1820,150.5,rolls,45.99,20.0,Fitted bulk element batch number 1820 for stress verification
Copper Component Type-1821,150.5,sheets,45.99,20.0,Fitted bulk element batch number 1821 for stress verification
Copper Component Type-1822,150.5,pieces,45.99,20.0,Fitted bulk element batch number 1822 for stress verification
Copper Component Type-1823,150.5,lbs,45.99,20.0,Fitted bulk element batch number 1823 for stress verification
Copper Component Type-1824,150.5,linear ft,45.99,20.0,Fitted bulk element batch number 1824 for stress verification
Copper Component Type-1825,150.5,sq ft,45.99,20.0,Fitted bulk element batch number 1825 for stress verification
Copper Component Type-1826,150.5,rolls,45.99,20.0,Fitted bulk element batch number 1826 for stress verification
Copper Component Type-1827,150.5,sheets,45.99,20.0,Fitted bulk element batch number 1827 for stress verification
Copper Component Type-1828,150.5,pieces,45.99,20.0,Fitted bulk element batch number 1828 for stress verification
Copper Component Type-1829,150.5,lbs,45.99,20.0,Fitted bulk element batch number 1829 for stress verification
Copper Component Type-1830,150.5,linear ft,45.99,20.0,Fitted bulk element batch number 1830 for stress verification
Copper Component Type-1831,150.5,sq ft,45.99,20.0,Fitted bulk element batch number 1831 for stress verification
Copper Component Type-1832,150.5,rolls,45.99,20.0,Fitted bulk element batch number 1832 for stress verification
Copper Component Type-1833,150.5,sheets,45.99,20.0,Fitted bulk element batch number 1833 for stress verification
Copper Component Type-1834,150.5,pieces,45.99,20.0,Fitted bulk element batch number 1834 for stress verification
Copper Component Type-1835,150.5,lbs,45.99,20.0,Fitted bulk element batch number 1835 for stress verification
Copper Component Type-1836,150.5,linear ft,45.99,20.0,Fitted bulk element batch number 1836 for stress verification
Copper Component Type-1837,150.5,sq ft,45.99,20.0,Fitted bulk element batch number 1837 for stress verification
Copper Component Type-1838,150.5,rolls,45.99,20.0,Fitted bulk element batch number 1838 for stress verification
Copper Component Type-1839,150.5,sheets,45.99,20.0,Fitted bulk element batch number 1839 for stress verification
Copper Component Type-1840,150.5,pieces,45.99,20.0,Fitted bulk element batch number 1840 for stress verification
Copper Component Type-1841,150.5,lbs,45.99,20.0,Fitted bulk element batch number 1841 for stress verification
Copper Component Type-1842,150.5,linear ft,45.99,20.0,Fitted bulk element batch number 1842 for stress verification
Copper Component Type-1843,150.5,sq ft,45.99,20.0,Fitted bulk element batch number 1843 for stress verification
Copper Component Type-1844,150.5,rolls,45.99,20.0,Fitted bulk element batch number 1844 for stress verification
Copper Component Type-1845,150.5,sheets,45.99,20.0,Fitted bulk element batch number 1845 for stress verification
Copper Component Type-1846,150.5,pieces,45.99,20.0,Fitted bulk element batch number 1846 for stress verification
Copper Component Type-1847,150.5,lbs,45.99,20.0,Fitted bulk element batch number 1847 for stress verification
Copper Component Type-1848,150.5,linear ft,45.99,20.0,Fitted bulk element batch number 1848 for stress verification
Copper Component Type-1849,150.5,sq ft,45.99,20.0,Fitted bulk element batch number 1849 for stress verification
Copper Component Type-1850,150.5,rolls,45.99,20.0,Fitted bulk element batch number 1850 for stress verification
Copper Component Type-1851,150.5,sheets,45.99,20.0,Fitted bulk element batch number 1851 for stress verification
Copper Component Type-1852,150.5,pieces,45.99,20.0,Fitted bulk element batch number 1852 for stress verification
Copper Component Type-1853,150.5,lbs,45.99,20.0,Fitted bulk element batch number 1853 for stress verification
Copper Component Type-1854,150.5,linear ft,45.99,20.0,Fitted bulk element batch number 1854 for stress verification
Copper Component Type-1855,150.5,sq ft,45.99,20.0,Fitted bulk element batch number 1855 for stress verification
Copper Component Type-1856,150.5,rolls,45.99,20.0,Fitted bulk element batch number 1856 for stress verification
Copper Component Type-1857,150.5,sheets,45.99,20.0,Fitted bulk element batch number 1857 for stress verification
Copper Component Type-1858,150.5,pieces,45.99,20.0,Fitted bulk element batch number 1858 for stress verification
Copper Component Type-1859,150.5,lbs,45.99,20.0,Fitted bulk element batch number 1859 for stress verification
Copper Component Type-1860,150.5,linear ft,45.99,20.0,Fitted bulk element batch number 1860 for stress verification
Copper Component Type-1861,150.5,sq ft,45.99,20.0,Fitted bulk element batch number 1861 for stress verification
Copper Component Type-1862,150.5,rolls,45.99,20.0,Fitted bulk element batch number 1862 for stress verification
Copper Component Type-1863,150.5,sheets,45.99,20.0,Fitted bulk element batch number 1863 for stress verification
Copper Component Type-1864,150.5,pieces,45.99,20.0,Fitted bulk element batch number 1864 for stress verification
Copper Component Type-1865,150.5,lbs,45.99,20.0,Fitted bulk element batch number 1865 for stress verification
Copper Component Type-1866,150.5,linear ft,45.99,20.0,Fitted bulk element batch number 1866 for stress verification
Copper Component Type-1867,150.5,sq ft,45.99,20.0,Fitted bulk element batch number 1867 for stress verification
Copper Component Type-1868,150.5,rolls,45.99,20.0,Fitted bulk element batch number 1868 for stress verification
Copper Component Type-1869,150.5,sheets,45.99,20.0,Fitted bulk element batch number 1869 for stress verification
Copper Component Type-1870,150.5,pieces,45.99,20.0,Fitted bulk element batch number 1870 for stress verification
Copper Component Type-1871,150.5,lbs,45.99,20.0,Fitted bulk element batch number 1871 for stress verification
Copper Component Type-1872,150.5,linear ft,45.99,20.0,Fitted bulk element batch number 1872 for stress verification
Copper Component Type-1873,150.5,sq ft,45.99,20.0,Fitted bulk element batch number 1873 for stress verification
Copper Component Type-1874,150.5,rolls,45.99,20.0,Fitted bulk element batch number 1874 for stress verification
Copper Component Type-1875,150.5,sheets,45.99,20.0,Fitted bulk element batch number 1875 for stress verification
Copper Component Type-1876,150.5,pieces,45.99,20.0,Fitted bulk element batch number 1876 for stress verification
Copper Component Type-1877,150.5,lbs,45.99,20.0,Fitted bulk element batch number 1877 for stress verification
Copper Component Type-1878,150.5,linear ft,45.99,20.0,Fitted bulk element batch number 1878 for stress verification
Copper Component Type-1879,150.5,sq ft,45.99,20.0,Fitted bulk element batch number 1879 for stress verification
Copper Component Type-1880,150.5,rolls,45.99,20.0,Fitted bulk element batch number 1880 for stress verification
Copper Component Type-1881,150.5,sheets,45.99,20.0,Fitted bulk element batch number 1881 for stress verification
Copper Component Type-1882,150.5,pieces,45.99,20.0,Fitted bulk element batch number 1882 for stress verification
Copper Component Type-1883,150.5,lbs,45.99,20.0,Fitted bulk element batch number 1883 for stress verification
Copper Component Type-1884,150.5,linear ft,45.99,20.0,Fitted bulk element batch number 1884 for stress verification
Copper Component Type-1885,150.5,sq ft,45.99,20.0,Fitted bulk element batch number 1885 for stress verification
Copper Component Type-1886,150.5,rolls,45.99,20.0,Fitted bulk element batch number 1886 for stress verification
Copper Component Type-1887,150.5,sheets,45.99,20.0,Fitted bulk element batch number 1887 for stress verification
Copper Component Type-1888,150.5,pieces,45.99,20.0,Fitted bulk element batch number 1888 for stress verification
Copper Component Type-1889,150.5,lbs,45.99,20.0,Fitted bulk element batch number 1889 for stress verification
Copper Component Type-1890,150.5,linear ft,45.99,20.0,Fitted bulk element batch number 1890 for stress verification
Copper Component Type-1891,150.5,sq ft,45.99,20.0,Fitted bulk element batch number 1891 for stress verification
Copper Component Type-1892,150.5,rolls,45.99,20.0,Fitted bulk element batch number 1892 for stress verification
Copper Component Type-1893,150.5,sheets,45.99,20.0,Fitted bulk element batch number 1893 for stress verification
Copper Component Type-1894,150.5,pieces,45.99,20.0,Fitted bulk element batch number 1894 for stress verification
Copper Component Type-1895,150.5,lbs,45.99,20.0,Fitted bulk element batch number 1895 for stress verification
Copper Component Type-1896,150.5,linear ft,45.99,20.0,Fitted bulk element batch number 1896 for stress verification
Copper Component Type-1897,150.5,sq ft,45.99,20.0,Fitted bulk element batch number 1897 for stress verification
Copper Component Type-1898,150.5,rolls,45.99,20.0,Fitted bulk element batch number 1898 for stress verification
Copper Component Type-1899,150.5,sheets,45.99,20.0,Fitted bulk element batch number 1899 for stress verification
Copper Component Type-1900,150.5,pieces,45.99,20.0,Fitted bulk element batch number 1900 for stress verification
Copper Component Type-1901,150.5,lbs,45.99,20.0,Fitted bulk element batch number 1901 for stress verification
Copper Component Type-1902,150.5,linear ft,45.99,20.0,Fitted bulk element batch number 1902 for stress verification
Copper Component Type-1903,150.5,sq ft,45.99,20.0,Fitted bulk element batch number 1903 for stress verification
Copper Component Type-1904,150.5,rolls,45.99,20.0,Fitted bulk element batch number 1904 for stress verification
Copper Component Type-1905,150.5,sheets,45.99,20.0,Fitted bulk element batch number 1905 for stress verification
Copper Component Type-1906,150.5,pieces,45.99,20.0,Fitted bulk element batch number 1906 for stress verification
Copper Component Type-1907,150.5,lbs,45.99,20.0,Fitted bulk element batch number 1907 for stress verification
Copper Component Type-1908,150.5,linear ft,45.99,20.0,Fitted bulk element batch number 1908 for stress verification
Copper Component Type-1909,150.5,sq ft,45.99,20.0,Fitted bulk element batch number 1909 for stress verification
Copper Component Type-1910,150.5,rolls,45.99,20.0,Fitted bulk element batch number 1910 for stress verification
Copper Component Type-1911,150.5,sheets,45.99,20.0,Fitted bulk element batch number 1911 for stress verification
Copper Component Type-1912,150.5,pieces,45.99,20.0,Fitted bulk element batch number 1912 for stress verification
Copper Component Type-1913,150.5,lbs,45.99,20.0,Fitted bulk element batch number 1913 for stress verification
Copper Component Type-1914,150.5,linear ft,45.99,20.0,Fitted bulk element batch number 1914 for stress verification
Copper Component Type-1915,150.5,sq ft,45.99,20.0,Fitted bulk element batch number 1915 for stress verification
Copper Component Type-1916,150.5,rolls,45.99,20.0,Fitted bulk element batch number 1916 for stress verification
Copper Component Type-1917,150.5,sheets,45.99,20.0,Fitted bulk element batch number 1917 for stress verification
Copper Component Type-1918,150.5,pieces,45.99,20.0,Fitted bulk element batch number 1918 for stress verification
Copper Component Type-1919,150.5,lbs,45.99,20.0,Fitted bulk element batch number 1919 for stress verification
Copper Component Type-1920,150.5,linear ft,45.99,20.0,Fitted bulk element batch number 1920 for stress verification
Copper Component Type-1921,150.5,sq ft,45.99,20.0,Fitted bulk element batch number 1921 for stress verification
Copper Component Type-1922,150.5,rolls,45.99,20.0,Fitted bulk element batch number 1922 for stress verification
Copper Component Type-1923,150.5,sheets,45.99,20.0,Fitted bulk element batch number 1923 for stress verification
Copper Component Type-1924,150.5,pieces,45.99,20.0,Fitted bulk element batch number 1924 for stress verification
Copper Component Type-1925,150.5,lbs,45.99,20.0,Fitted bulk element batch number 1925 for stress verification
Copper Component Type-1926,150.5,linear ft,45.99,20.0,Fitted bulk element batch number 1926 for stress verification
Copper Component Type-1927,150.5,sq ft,45.99,20.0,Fitted bulk element batch number 1927 for stress verification
Copper Component Type-1928,150.5,rolls,45.99,20.0,Fitted bulk element batch number 1928 for stress verification
Copper Component Type-1929,150.5,sheets,45.99,20.0,Fitted bulk element batch number 1929 for stress verification
Copper Component Type-1930,150.5,pieces,45.99,20.0,Fitted bulk element batch number 1930 for stress verification
Copper Component Type-1931,150.5,lbs,45.99,20.0,Fitted bulk element batch number 1931 for stress verification
Copper Component Type-1932,150.5,linear ft,45.99,20.0,Fitted bulk element batch number 1932 for stress verification
Copper Component Type-1933,150.5,sq ft,45.99,20.0,Fitted bulk element batch number 1933 for stress verification
Copper Component Type-1934,150.5,rolls,45.99,20.0,Fitted bulk element batch number 1934 for stress verification
Copper Component Type-1935,150.5,sheets,45.99,20.0,Fitted bulk element batch number 1935 for stress verification
Copper Component Type-1936,150.5,pieces,45.99,20.0,Fitted bulk element batch number 1936 for stress verification
Copper Component Type-1937,150.5,lbs,45.99,20.0,Fitted bulk element batch number 1937 for stress verification
Copper Component Type-1938,150.5,linear ft,45.99,20.0,Fitted bulk element batch number 1938 for stress verification
Copper Component Type-1939,150.5,sq ft,45.99,20.0,Fitted bulk element batch number 1939 for stress verification
Copper Component Type-1940,150.5,rolls,45.99,20.0,Fitted bulk element batch number 1940 for stress verification
Copper Component Type-1941,150.5,sheets,45.99,20.0,Fitted bulk element batch number 1941 for stress verification
Copper Component Type-1942,150.5,pieces,45.99,20.0,Fitted bulk element batch number 1942 for stress verification
Copper Component Type-1943,150.5,lbs,45.99,20.0,Fitted bulk element batch number 1943 for stress verification
Copper Component Type-1944,150.5,linear ft,45.99,20.0,Fitted bulk element batch number 1944 for stress verification
Copper Component Type-1945,150.5,sq ft,45.99,20.0,Fitted bulk element batch number 1945 for stress verification
Copper Component Type-1946,150.5,rolls,45.99,20.0,Fitted bulk element batch number 1946 for stress verification
Copper Component Type-1947,150.5,sheets,45.99,20.0,Fitted bulk element batch number 1947 for stress verification
Copper Component Type-1948,150.5,pieces,45.99,20.0,Fitted bulk element batch number 1948 for stress verification
Copper Component Type-1949,150.5,lbs,45.99,20.0,Fitted bulk element batch number 1949 for stress verification
Copper Component Type-1950,150.5,linear ft,45.99,20.0,Fitted bulk element batch number 1950 for stress verification
Copper Component Type-1951,150.5,sq ft,45.99,20.0,Fitted bulk element batch number 1951 for stress verification
Copper Component Type-1952,150.5,rolls,45.99,20.0,Fitted bulk element batch number 1952 for stress verification
Copper Component Type-1953,150.5,sheets,45.99,20.0,Fitted bulk element batch number 1953 for stress verification
Copper Component Type-1954,150.5,pieces,45.99,20.0,Fitted bulk element batch number 1954 for stress verification
Copper Component Type-1955,150.5,lbs,45.99,20.0,Fitted bulk element batch number 1955 for stress verification
Copper Component Type-1956,150.5,linear ft,45.99,20.0,Fitted bulk element batch number 1956 for stress verification
Copper Component Type-1957,150.5,sq ft,45.99,20.0,Fitted bulk element batch number 1957 for stress verification
Copper Component Type-1958,150.5,rolls,45.99,20.0,Fitted bulk element batch number 1958 for stress verification
Copper Component Type-1959,150.5,sheets,45.99,20.0,Fitted bulk element batch number 1959 for stress verification
Copper Component Type-1960,150.5,pieces,45.99,20.0,Fitted bulk element batch number 1960 for stress verification
Copper Component Type-1961,150.5,lbs,45.99,20.0,Fitted bulk element batch number 1961 for stress verification
Copper Component Type-1962,150.5,linear ft,45.99,20.0,Fitted bulk element batch number 1962 for stress verification
Copper Component Type-1963,150.5,sq ft,45.99,20.0,Fitted bulk element batch number 1963 for stress verification
Copper Component Type-1964,150.5,rolls,45.99,20.0,Fitted bulk element batch number 1964 for stress verification
Copper Component Type-1965,150.5,sheets,45.99,20.0,Fitted bulk element batch number 1965 for stress verification
Copper Component Type-1966,150.5,pieces,45.99,20.0,Fitted bulk element batch number 1966 for stress verification
Copper Component Type-1967,150.5,lbs,45.99,20.0,Fitted bulk element batch number 1967 for stress verification
Copper Component Type-1968,150.5,linear ft,45.99,20.0,Fitted bulk element batch number 1968 for stress verification
Copper Component Type-1969,150.5,sq ft,45.99,20.0,Fitted bulk element batch number 1969 for stress verification
Copper Component Type-1970,150.5,rolls,45.99,20.0,Fitted bulk element batch number 1970 for stress verification
Copper Component Type-1971,150.5,sheets,45.99,20.0,Fitted bulk element batch number 1971 for stress verification
Copper Component Type-1972,150.5,pieces,45.99,20.0,Fitted bulk element batch number 1972 for stress verification
Copper Component Type-1973,150.5,lbs,45.99,20.0,Fitted bulk element batch number 1973 for stress verification
Copper Component Type-1974,150.5,linear ft,45.99,20.0,Fitted bulk element batch number 1974 for stress verification
Copper Component Type-1975,150.5,sq ft,45.99,20.0,Fitted bulk element batch number 1975 for stress verification
Copper Component Type-1976,150.5,rolls,45.99,20.0,Fitted bulk element batch number 1976 for stress verification
Copper Component Type-1977,150.5,sheets,45.99,20.0,Fitted bulk element batch number 1977 for stress verification
Copper Component Type-1978,150.5,pieces,45.99,20.0,Fitted bulk element batch number 1978 for stress verification
Copper Component Type-1979,150.5,lbs,45.99,20.0,Fitted bulk element batch number 1979 for stress verification
Copper Component Type-1980,150.5,linear ft,45.99,20.0,Fitted bulk element batch number 1980 for stress verification
Copper Component Type-1981,150.5,sq ft,45.99,20.0,Fitted bulk element batch number 1981 for stress verification
Copper Component Type-1982,150.5,rolls,45.99,20.0,Fitted bulk element batch number 1982 for stress verification
Copper Component Type-1983,150.5,sheets,45.99,20.0,Fitted bulk element batch number 1983 for stress verification
Copper Component Type-1984,150.5,pieces,45.99,20.0,Fitted bulk element batch number 1984 for stress verification
Copper Component Type-1985,150.5,lbs,45.99,20.0,Fitted bulk element batch number 1985 for stress verification
Copper Component Type-1986,150.5,linear ft,45.99,20.0,Fitted bulk element batch number 1986 for stress verification
Copper Component Type-1987,150.5,sq ft,45.99,20.0,Fitted bulk element batch number 1987 for stress verification
Copper Component Type-1988,150.5,rolls,45.99,20.0,Fitted bulk element batch number 1988 for stress verification
Copper Component Type-1989,150.5,sheets,45.99,20.0,Fitted bulk element batch number 1989 for stress verification
Copper Component Type-1990,150.5,pieces,45.99,20.0,Fitted bulk element batch number 1990 for stress verification
Copper Component Type-1991,150.5,lbs,45.99,20.0,Fitted bulk element batch number 1991 for stress verification
Copper Component Type-1992,150.5,linear ft,45.99,20.0,Fitted bulk element batch number 1992 for stress verification
Copper Component Type-1993,150.5,sq ft,45.99,20.0,Fitted bulk element batch number 1993 for stress verification
Copper Component Type-1994,150.5,rolls,45.99,20.0,Fitted bulk element batch number 1994 for stress verification
Copper Component Type-1995,150.5,sheets,45.99,20.0,Fitted bulk element batch number 1995 for stress verification
Copper Component Type-1996,150.5,pieces,45.99,20.0,Fitted bulk element batch number 1996 for stress verification
Copper Component Type-1997,150.5,lbs,45.99,20.0,Fitted bulk element batch number 1997 for stress verification
Copper Component Type-1998,150.5,linear ft,45.99,20.0,Fitted bulk element batch number 1998 for stress verification
Copper Component Type-1999,150.5,sq ft,45.99,20.0,Fitted bulk element batch number 1999 for stress verification
Copper Component Type-2000,150.5,rolls,45.99,20.0,Fitted bulk element batch number 2000 for stress verification
Copper Component Type-2001,150.5,sheets,45.99,20.0,Fitted bulk element batch number 2001 for stress verification
Copper Component Type-2002,150.5,pieces,45.99,20.0,Fitted bulk element batch number 2002 for stress verification
Copper Component Type-2003,150.5,lbs,45.99,20.0,Fitted bulk element batch number 2003 for stress verification
Copper Component Type-2004,150.5,linear ft,45.99,20.0,Fitted bulk element batch number 2004 for stress verification
Copper Component Type-2005,150.5,sq ft,45.99,20.0,Fitted bulk element batch number 2005 for stress verification
Copper Component Type-2006,150.5,rolls,45.99,20.0,Fitted bulk element batch number 2006 for stress verification
Copper Component Type-2007,150.5,sheets,45.99,20.0,Fitted bulk element batch number 2007 for stress verification
Copper Component Type-2008,150.5,pieces,45.99,20.0,Fitted bulk element batch number 2008 for stress verification
Copper Component Type-2009,150.5,lbs,45.99,20.0,Fitted bulk element batch number 2009 for stress verification
Copper Component Type-2010,150.5,linear ft,45.99,20.0,Fitted bulk element batch number 2010 for stress verification
Copper Component Type-2011,150.5,sq ft,45.99,20.0,Fitted bulk element batch number 2011 for stress verification
Copper Component Type-2012,150.5,rolls,45.99,20.0,Fitted bulk element batch number 2012 for stress verification
Copper Component Type-2013,150.5,sheets,45.99,20.0,Fitted bulk element batch number 2013 for stress verification
Copper Component Type-2014,150.5,pieces,45.99,20.0,Fitted bulk element batch number 2014 for stress verification
Copper Component Type-2015,150.5,lbs,45.99,20.0,Fitted bulk element batch number 2015 for stress verification
Copper Component Type-2016,150.5,linear ft,45.99,20.0,Fitted bulk element batch number 2016 for stress verification
Copper Component Type-2017,150.5,sq ft,45.99,20.0,Fitted bulk element batch number 2017 for stress verification
Copper Component Type-2018,150.5,rolls,45.99,20.0,Fitted bulk element batch number 2018 for stress verification
Copper Component Type-2019,150.5,sheets,45.99,20.0,Fitted bulk element batch number 2019 for stress verification
Copper Component Type-2020,150.5,pieces,45.99,20.0,Fitted bulk element batch number 2020 for stress verification
Copper Component Type-2021,150.5,lbs,45.99,20.0,Fitted bulk element batch number 2021 for stress verification
Copper Component Type-2022,150.5,linear ft,45.99,20.0,Fitted bulk element batch number 2022 for stress verification
Copper Component Type-2023,150.5,sq ft,45.99,20.0,Fitted bulk element batch number 2023 for stress verification
Copper Component Type-2024,150.5,rolls,45.99,20.0,Fitted bulk element batch number 2024 for stress verification
Copper Component Type-2025,150.5,sheets,45.99,20.0,Fitted bulk element batch number 2025 for stress verification
Copper Component Type-2026,150.5,pieces,45.99,20.0,Fitted bulk element batch number 2026 for stress verification
Copper Component Type-2027,150.5,lbs,45.99,20.0,Fitted bulk element batch number 2027 for stress verification
Copper Component Type-2028,150.5,linear ft,45.99,20.0,Fitted bulk element batch number 2028 for stress verification
Copper Component Type-2029,150.5,sq ft,45.99,20.0,Fitted bulk element batch number 2029 for stress verification
Copper Component Type-2030,150.5,rolls,45.99,20.0,Fitted bulk element batch number 2030 for stress verification
Copper Component Type-2031,150.5,sheets,45.99,20.0,Fitted bulk element batch number 2031 for stress verification
Copper Component Type-2032,150.5,pieces,45.99,20.0,Fitted bulk element batch number 2032 for stress verification
Copper Component Type-2033,150.5,lbs,45.99,20.0,Fitted bulk element batch number 2033 for stress verification
Copper Component Type-2034,150.5,linear ft,45.99,20.0,Fitted bulk element batch number 2034 for stress verification
Copper Component Type-2035,150.5,sq ft,45.99,20.0,Fitted bulk element batch number 2035 for stress verification
Copper Component Type-2036,150.5,rolls,45.99,20.0,Fitted bulk element batch number 2036 for stress verification
Copper Component Type-2037,150.5,sheets,45.99,20.0,Fitted bulk element batch number 2037 for stress verification
Copper Component Type-2038,150.5,pieces,45.99,20.0,Fitted bulk element batch number 2038 for stress verification
Copper Component Type-2039,150.5,lbs,45.99,20.0,Fitted bulk element batch number 2039 for stress verification
Copper Component Type-2040,150.5,linear ft,45.99,20.0,Fitted bulk element batch number 2040 for stress verification
Copper Component Type-2041,150.5,sq ft,45.99,20.0,Fitted bulk element batch number 2041 for stress verification
Copper Component Type-2042,150.5,rolls,45.99,20.0,Fitted bulk element batch number 2042 for stress verification
Copper Component Type-2043,150.5,sheets,45.99,20.0,Fitted bulk element batch number 2043 for stress verification
Copper Component Type-2044,150.5,pieces,45.99,20.0,Fitted bulk element batch number 2044 for stress verification
Copper Component Type-2045,150.5,lbs,45.99,20.0,Fitted bulk element batch number 2045 for stress verification
Copper Component Type-2046,150.5,linear ft,45.99,20.0,Fitted bulk element batch number 2046 for stress verification
Copper Component Type-2047,150.5,sq ft,45.99,20.0,Fitted bulk element batch number 2047 for stress verification
Copper Component Type-2048,150.5,rolls,45.99,20.0,Fitted bulk element batch number 2048 for stress verification
Copper Component Type-2049,150.5,sheets,45.99,20.0,Fitted bulk element batch number 2049 for stress verification
Copper Component Type-2050,150.5,pieces,45.99,20.0,Fitted bulk element batch number 2050 for stress verification
Copper Component Type-2051,150.5,lbs,45.99,20.0,Fitted bulk element batch number 2051 for stress verification
Copper Component Type-2052,150.5,linear ft,45.99,20.0,Fitted bulk element batch number 2052 for stress verification
Copper Component Type-2053,150.5,sq ft,45.99,20.0,Fitted bulk element batch number 2053 for stress verification
Copper Component Type-2054,150.5,rolls,45.99,20.0,Fitted bulk element batch number 2054 for stress verification
Copper Component Type-2055,150.5,sheets,45.99,20.0,Fitted bulk element batch number 2055 for stress verification
Copper Component Type-2056,150.5,pieces,45.99,20.0,Fitted bulk element batch number 2056 for stress verification
Copper Component Type-2057,150.5,lbs,45.99,20.0,Fitted bulk element batch number 2057 for stress verification
Copper Component Type-2058,150.5,linear ft,45.99,20.0,Fitted bulk element batch number 2058 for stress verification
Copper Component Type-2059,150.5,sq ft,45.99,20.0,Fitted bulk element batch number 2059 for stress verification
Copper Component Type-2060,150.5,rolls,45.99,20.0,Fitted bulk element batch number 2060 for stress verification
Copper Component Type-2061,150.5,sheets,45.99,20.0,Fitted bulk element batch number 2061 for stress verification
Copper Component Type-2062,150.5,pieces,45.99,20.0,Fitted bulk element batch number 2062 for stress verification
Copper Component Type-2063,150.5,lbs,45.99,20.0,Fitted bulk element batch number 2063 for stress verification
Copper Component Type-2064,150.5,linear ft,45.99,20.0,Fitted bulk element batch number 2064 for stress verification
Copper Component Type-2065,150.5,sq ft,45.99,20.0,Fitted bulk element batch number 2065 for stress verification
Copper Component Type-2066,150.5,rolls,45.99,20.0,Fitted bulk element batch number 2066 for stress verification
Copper Component Type-2067,150.5,sheets,45.99,20.0,Fitted bulk element batch number 2067 for stress verification
Copper Component Type-2068,150.5,pieces,45.99,20.0,Fitted bulk element batch number 2068 for stress verification
Copper Component Type-2069,150.5,lbs,45.99,20.0,Fitted bulk element batch number 2069 for stress verification
Copper Component Type-2070,150.5,linear ft,45.99,20.0,Fitted bulk element batch number 2070 for stress verification
Copper Component Type-2071,150.5,sq ft,45.99,20.0,Fitted bulk element batch number 2071 for stress verification
Copper Component Type-2072,150.5,rolls,45.99,20.0,Fitted bulk element batch number 2072 for stress verification
Copper Component Type-2073,150.5,sheets,45.99,20.0,Fitted bulk element batch number 2073 for stress verification
Copper Component Type-2074,150.5,pieces,45.99,20.0,Fitted bulk element batch number 2074 for stress verification
Copper Component Type-2075,150.5,lbs,45.99,20.0,Fitted bulk element batch number 2075 for stress verification
Copper Component Type-2076,150.5,linear ft,45.99,20.0,Fitted bulk element batch number 2076 for stress verification
Copper Component Type-2077,150.5,sq ft,45.99,20.0,Fitted bulk element batch number 2077 for stress verification
Copper Component Type-2078,150.5,rolls,45.99,20.0,Fitted bulk element batch number 2078 for stress verification
Copper Component Type-2079,150.5,sheets,45.99,20.0,Fitted bulk element batch number 2079 for stress verification
Copper Component Type-2080,150.5,pieces,45.99,20.0,Fitted bulk element batch number 2080 for stress verification
Copper Component Type-2081,150.5,lbs,45.99,20.0,Fitted bulk element batch number 2081 for stress verification
Copper Component Type-2082,150.5,linear ft,45.99,20.0,Fitted bulk element batch number 2082 for stress verification
Copper Component Type-2083,150.5,sq ft,45.99,20.0,Fitted bulk element batch number 2083 for stress verification
Copper Component Type-2084,150.5,rolls,45.99,20.0,Fitted bulk element batch number 2084 for stress verification
Copper Component Type-2085,150.5,sheets,45.99,20.0,Fitted bulk element batch number 2085 for stress verification
Copper Component Type-2086,150.5,pieces,45.99,20.0,Fitted bulk element batch number 2086 for stress verification
Copper Component Type-2087,150.5,lbs,45.99,20.0,Fitted bulk element batch number 2087 for stress verification
Copper Component Type-2088,150.5,linear ft,45.99,20.0,Fitted bulk element batch number 2088 for stress verification
Copper Component Type-2089,150.5,sq ft,45.99,20.0,Fitted bulk element batch number 2089 for stress verification
Copper Component Type-2090,150.5,rolls,45.99,20.0,Fitted bulk element batch number 2090 for stress verification
Copper Component Type-2091,150.5,sheets,45.99,20.0,Fitted bulk element batch number 2091 for stress verification
Copper Component Type-2092,150.5,pieces,45.99,20.0,Fitted bulk element batch number 2092 for stress verification
Copper Component Type-2093,150.5,lbs,45.99,20.0,Fitted bulk element batch number 2093 for stress verification
Copper Component Type-2094,150.5,linear ft,45.99,20.0,Fitted bulk element batch number 2094 for stress verification
Copper Component Type-2095,150.5,sq ft,45.99,20.0,Fitted bulk element batch number 2095 for stress verification
Copper Component Type-2096,150.5,rolls,45.99,20.0,Fitted bulk element batch number 2096 for stress verification
Copper Component Type-2097,150.5,sheets,45.99,20.0,Fitted bulk element batch number 2097 for stress verification
Copper Component Type-2098,150.5,pieces,45.99,20.0,Fitted bulk element batch number 2098 for stress verification
Copper Component Type-2099,150.5,lbs,45.99,20.0,Fitted bulk element batch number 2099 for stress verification
Copper Component Type-2100,150.5,linear ft,45.99,20.0,Fitted bulk element batch number 2100 for stress verification
Copper Component Type-2101,150.5,sq ft,45.99,20.0,Fitted bulk element batch number 2101 for stress verification
Copper Component Type-2102,150.5,rolls,45.99,20.0,Fitted bulk element batch number 2102 for stress verification
Copper Component Type-2103,150.5,sheets,45.99,20.0,Fitted bulk element batch number 2103 for stress verification
Copper Component Type-2104,150.5,pieces,45.99,20.0,Fitted bulk element batch number 2104 for stress verification
Copper Component Type-2105,150.5,lbs,45.99,20.0,Fitted bulk element batch number 2105 for stress verification
Copper Component Type-2106,150.5,linear ft,45.99,20.0,Fitted bulk element batch number 2106 for stress verification
Copper Component Type-2107,150.5,sq ft,45.99,20.0,Fitted bulk element batch number 2107 for stress verification
Copper Component Type-2108,150.5,rolls,45.99,20.0,Fitted bulk element batch number 2108 for stress verification
Copper Component Type-2109,150.5,sheets,45.99,20.0,Fitted bulk element batch number 2109 for stress verification
Copper Component Type-2110,150.5,pieces,45.99,20.0,Fitted bulk element batch number 2110 for stress verification
Copper Component Type-2111,150.5,lbs,45.99,20.0,Fitted bulk element batch number 2111 for stress verification
Copper Component Type-2112,150.5,linear ft,45.99,20.0,Fitted bulk element batch number 2112 for stress verification
Copper Component Type-2113,150.5,sq ft,45.99,20.0,Fitted bulk element batch number 2113 for stress verification
Copper Component Type-2114,150.5,rolls,45.99,20.0,Fitted bulk element batch number 2114 for stress verification
Copper Component Type-2115,150.5,sheets,45.99,20.0,Fitted bulk element batch number 2115 for stress verification
Copper Component Type-2116,150.5,pieces,45.99,20.0,Fitted bulk element batch number 2116 for stress verification
Copper Component Type-2117,150.5,lbs,45.99,20.0,Fitted bulk element batch number 2117 for stress verification
Copper Component Type-2118,150.5,linear ft,45.99,20.0,Fitted bulk element batch number 2118 for stress verification
Copper Component Type-2119,150.5,sq ft,45.99,20.0,Fitted bulk element batch number 2119 for stress verification
Copper Component Type-2120,150.5,rolls,45.99,20.0,Fitted bulk element batch number 2120 for stress verification
Copper Component Type-2121,150.5,sheets,45.99,20.0,Fitted bulk element batch number 2121 for stress verification
Copper Component Type-2122,150.5,pieces,45.99,20.0,Fitted bulk element batch number 2122 for stress verification
Copper Component Type-2123,150.5,lbs,45.99,20.0,Fitted bulk element batch number 2123 for stress verification
Copper Component Type-2124,150.5,linear ft,45.99,20.0,Fitted bulk element batch number 2124 for stress verification
Copper Component Type-2125,150.5,sq ft,45.99,20.0,Fitted bulk element batch number 2125 for stress verification
Copper Component Type-2126,150.5,rolls,45.99,20.0,Fitted bulk element batch number 2126 for stress verification
Copper Component Type-2127,150.5,sheets,45.99,20.0,Fitted bulk element batch number 2127 for stress verification
Copper Component Type-2128,150.5,pieces,45.99,20.0,Fitted bulk element batch number 2128 for stress verification
Copper Component Type-2129,150.5,lbs,45.99,20.0,Fitted bulk element batch number 2129 for stress verification
Copper Component Type-2130,150.5,linear ft,45.99,20.0,Fitted bulk element batch number 2130 for stress verification
Copper Component Type-2131,150.5,sq ft,45.99,20.0,Fitted bulk element batch number 2131 for stress verification
Copper Component Type-2132,150.5,rolls,45.99,20.0,Fitted bulk element batch number 2132 for stress verification
Copper Component Type-2133,150.5,sheets,45.99,20.0,Fitted bulk element batch number 2133 for stress verification
Copper Component Type-2134,150.5,pieces,45.99,20.0,Fitted bulk element batch number 2134 for stress verification
Copper Component Type-2135,150.5,lbs,45.99,20.0,Fitted bulk element batch number 2135 for stress verification
Copper Component Type-2136,150.5,linear ft,45.99,20.0,Fitted bulk element batch number 2136 for stress verification
Copper Component Type-2137,150.5,sq ft,45.99,20.0,Fitted bulk element batch number 2137 for stress verification
Copper Component Type-2138,150.5,rolls,45.99,20.0,Fitted bulk element batch number 2138 for stress verification
Copper Component Type-2139,150.5,sheets,45.99,20.0,Fitted bulk element batch number 2139 for stress verification
Copper Component Type-2140,150.5,pieces,45.99,20.0,Fitted bulk element batch number 2140 for stress verification
Copper Component Type-2141,150.5,lbs,45.99,20.0,Fitted bulk element batch number 2141 for stress verification
Copper Component Type-2142,150.5,linear ft,45.99,20.0,Fitted bulk element batch number 2142 for stress verification
Copper Component Type-2143,150.5,sq ft,45.99,20.0,Fitted bulk element batch number 2143 for stress verification
Copper Component Type-2144,150.5,rolls,45.99,20.0,Fitted bulk element batch number 2144 for stress verification
Copper Component Type-2145,150.5,sheets,45.99,20.0,Fitted bulk element batch number 2145 for stress verification
Copper Component Type-2146,150.5,pieces,45.99,20.0,Fitted bulk element batch number 2146 for stress verification
Copper Component Type-2147,150.5,lbs,45.99,20.0,Fitted bulk element batch number 2147 for stress verification
Copper Component Type-2148,150.5,linear ft,45.99,20.0,Fitted bulk element batch number 2148 for stress verification
Copper Component Type-2149,150.5,sq ft,45.99,20.0,Fitted bulk element batch number 2149 for stress verification
Copper Component Type-2150,150.5,rolls,45.99,20.0,Fitted bulk element batch number 2150 for stress verification
Copper Component Type-2151,150.5,sheets,45.99,20.0,Fitted bulk element batch number 2151 for stress verification
Copper Component Type-2152,150.5,pieces,45.99,20.0,Fitted bulk element batch number 2152 for stress verification
Copper Component Type-2153,150.5,lbs,45.99,20.0,Fitted bulk element batch number 2153 for stress verification
Copper Component Type-2154,150.5,linear ft,45.99,20.0,Fitted bulk element batch number 2154 for stress verification
Copper Component Type-2155,150.5,sq ft,45.99,20.0,Fitted bulk element batch number 2155 for stress verification
Copper Component Type-2156,150.5,rolls,45.99,20.0,Fitted bulk element batch number 2156 for stress verification
Copper Component Type-2157,150.5,sheets,45.99,20.0,Fitted bulk element batch number 2157 for stress verification
Copper Component Type-2158,150.5,pieces,45.99,20.0,Fitted bulk element batch number 2158 for stress verification
Copper Component Type-2159,150.5,lbs,45.99,20.0,Fitted bulk element batch number 2159 for stress verification
Copper Component Type-2160,150.5,linear ft,45.99,20.0,Fitted bulk element batch number 2160 for stress verification
Copper Component Type-2161,150.5,sq ft,45.99,20.0,Fitted bulk element batch number 2161 for stress verification
Copper Component Type-2162,150.5,rolls,45.99,20.0,Fitted bulk element batch number 2162 for stress verification
Copper Component Type-2163,150.5,sheets,45.99,20.0,Fitted bulk element batch number 2163 for stress verification
Copper Component Type-2164,150.5,pieces,45.99,20.0,Fitted bulk element batch number 2164 for stress verification
Copper Component Type-2165,150.5,lbs,45.99,20.0,Fitted bulk element batch number 2165 for stress verification
Copper Component Type-2166,150.5,linear ft,45.99,20.0,Fitted bulk element batch number 2166 for stress verification
Copper Component Type-2167,150.5,sq ft,45.99,20.0,Fitted bulk element batch number 2167 for stress verification
Copper Component Type-2168,150.5,rolls,45.99,20.0,Fitted bulk element batch number 2168 for stress verification
Copper Component Type-2169,150.5,sheets,45.99,20.0,Fitted bulk element batch number 2169 for stress verification
Copper Component Type-2170,150.5,pieces,45.99,20.0,Fitted bulk element batch number 2170 for stress verification
Copper Component Type-2171,150.5,lbs,45.99,20.0,Fitted bulk element batch number 2171 for stress verification
Copper Component Type-2172,150.5,linear ft,45.99,20.0,Fitted bulk element batch number 2172 for stress verification
Copper Component Type-2173,150.5,sq ft,45.99,20.0,Fitted bulk element batch number 2173 for stress verification
Copper Component Type-2174,150.5,rolls,45.99,20.0,Fitted bulk element batch number 2174 for stress verification
Copper Component Type-2175,150.5,sheets,45.99,20.0,Fitted bulk element batch number 2175 for stress verification
Copper Component Type-2176,150.5,pieces,45.99,20.0,Fitted bulk element batch number 2176 for stress verification
Copper Component Type-2177,150.5,lbs,45.99,20.0,Fitted bulk element batch number 2177 for stress verification
Copper Component Type-2178,150.5,linear ft,45.99,20.0,Fitted bulk element batch number 2178 for stress verification
Copper Component Type-2179,150.5,sq ft,45.99,20.0,Fitted bulk element batch number 2179 for stress verification
Copper Component Type-2180,150.5,rolls,45.99,20.0,Fitted bulk element batch number 2180 for stress verification
Copper Component Type-2181,150.5,sheets,45.99,20.0,Fitted bulk element batch number 2181 for stress verification
Copper Component Type-2182,150.5,pieces,45.99,20.0,Fitted bulk element batch number 2182 for stress verification
Copper Component Type-2183,150.5,lbs,45.99,20.0,Fitted bulk element batch number 2183 for stress verification
Copper Component Type-2184,150.5,linear ft,45.99,20.0,Fitted bulk element batch number 2184 for stress verification
Copper Component Type-2185,150.5,sq ft,45.99,20.0,Fitted bulk element batch number 2185 for stress verification
Copper Component Type-2186,150.5,rolls,45.99,20.0,Fitted bulk element batch number 2186 for stress verification
Copper Component Type-2187,150.5,sheets,45.99,20.0,Fitted bulk element batch number 2187 for stress verification
Copper Component Type-2188,150.5,pieces,45.99,20.0,Fitted bulk element batch number 2188 for stress verification
Copper Component Type-2189,150.5,lbs,45.99,20.0,Fitted bulk element batch number 2189 for stress verification
Copper Component Type-2190,150.5,linear ft,45.99,20.0,Fitted bulk element batch number 2190 for stress verification
Copper Component Type-2191,150.5,sq ft,45.99,20.0,Fitted bulk element batch number 2191 for stress verification
Copper Component Type-2192,150.5,rolls,45.99,20.0,Fitted bulk element batch number 2192 for stress verification
Copper Component Type-2193,150.5,sheets,45.99,20.0,Fitted bulk element batch number 2193 for stress verification
Copper Component Type-2194,150.5,pieces,45.99,20.0,Fitted bulk element batch number 2194 for stress verification
Copper Component Type-2195,150.5,lbs,45.99,20.0,Fitted bulk element batch number 2195 for stress verification
Copper Component Type-2196,150.5,linear ft,45.99,20.0,Fitted bulk element batch number 2196 for stress verification
Copper Component Type-2197,150.5,sq ft,45.99,20.0,Fitted bulk element batch number 2197 for stress verification
Copper Component Type-2198,150.5,rolls,45.99,20.0,Fitted bulk element batch number 2198 for stress verification
Copper Component Type-2199,150.5,sheets,45.99,20.0,Fitted bulk element batch number 2199 for stress verification
Copper Component Type-2200,150.5,pieces,45.99,20.0,Fitted bulk element batch number 2200 for stress verification
Copper Component Type-2201,150.5,lbs,45.99,20.0,Fitted bulk element batch number 2201 for stress verification
Copper Component Type-2202,150.5,linear ft,45.99,20.0,Fitted bulk element batch number 2202 for stress verification
Copper Component Type-2203,150.5,sq ft,45.99,20.0,Fitted bulk element batch number 2203 for stress verification
Copper Component Type-2204,150.5,rolls,45.99,20.0,Fitted bulk element batch number 2204 for stress verification
Copper Component Type-2205,150.5,sheets,45.99,20.0,Fitted bulk element batch number 2205 for stress verification
Copper Component Type-2206,150.5,pieces,45.99,20.0,Fitted bulk element batch number 2206 for stress verification
Copper Component Type-2207,150.5,lbs,45.99,20.0,Fitted bulk element batch number 2207 for stress verification
Copper Component Type-2208,150.5,linear ft,45.99,20.0,Fitted bulk element batch number 2208 for stress verification
Copper Component Type-2209,150.5,sq ft,45.99,20.0,Fitted bulk element batch number 2209 for stress verification
Copper Component Type-2210,150.5,rolls,45.99,20.0,Fitted bulk element batch number 2210 for stress verification
Copper Component Type-2211,150.5,sheets,45.99,20.0,Fitted bulk element batch number 2211 for stress verification
Copper Component Type-2212,150.5,pieces,45.99,20.0,Fitted bulk element batch number 2212 for stress verification
Copper Component Type-2213,150.5,lbs,45.99,20.0,Fitted bulk element batch number 2213 for stress verification
Copper Component Type-2214,150.5,linear ft,45.99,20.0,Fitted bulk element batch number 2214 for stress verification
Copper Component Type-2215,150.5,sq ft,45.99,20.0,Fitted bulk element batch number 2215 for stress verification
Copper Component Type-2216,150.5,rolls,45.99,20.0,Fitted bulk element batch number 2216 for stress verification
Copper Component Type-2217,150.5,sheets,45.99,20.0,Fitted bulk element batch number 2217 for stress verification
Copper Component Type-2218,150.5,pieces,45.99,20.0,Fitted bulk element batch number 2218 for stress verification
Copper Component Type-2219,150.5,lbs,45.99,20.0,Fitted bulk element batch number 2219 for stress verification
Copper Component Type-2220,150.5,linear ft,45.99,20.0,Fitted bulk element batch number 2220 for stress verification
Copper Component Type-2221,150.5,sq ft,45.99,20.0,Fitted bulk element batch number 2221 for stress verification
Copper Component Type-2222,150.5,rolls,45.99,20.0,Fitted bulk element batch number 2222 for stress verification
Copper Component Type-2223,150.5,sheets,45.99,20.0,Fitted bulk element batch number 2223 for stress verification
Copper Component Type-2224,150.5,pieces,45.99,20.0,Fitted bulk element batch number 2224 for stress verification
Copper Component Type-2225,150.5,lbs,45.99,20.0,Fitted bulk element batch number 2225 for stress verification
Copper Component Type-2226,150.5,linear ft,45.99,20.0,Fitted bulk element batch number 2226 for stress verification
Copper Component Type-2227,150.5,sq ft,45.99,20.0,Fitted bulk element batch number 2227 for stress verification
Copper Component Type-2228,150.5,rolls,45.99,20.0,Fitted bulk element batch number 2228 for stress verification
Copper Component Type-2229,150.5,sheets,45.99,20.0,Fitted bulk element batch number 2229 for stress verification
Copper Component Type-2230,150.5,pieces,45.99,20.0,Fitted bulk element batch number 2230 for stress verification
Copper Component Type-2231,150.5,lbs,45.99,20.0,Fitted bulk element batch number 2231 for stress verification
Copper Component Type-2232,150.5,linear ft,45.99,20.0,Fitted bulk element batch number 2232 for stress verification
Copper Component Type-2233,150.5,sq ft,45.99,20.0,Fitted bulk element batch number 2233 for stress verification
Copper Component Type-2234,150.5,rolls,45.99,20.0,Fitted bulk element batch number 2234 for stress verification
Copper Component Type-2235,150.5,sheets,45.99,20.0,Fitted bulk element batch number 2235 for stress verification
Copper Component Type-2236,150.5,pieces,45.99,20.0,Fitted bulk element batch number 2236 for stress verification
Copper Component Type-2237,150.5,lbs,45.99,20.0,Fitted bulk element batch number 2237 for stress verification
Copper Component Type-2238,150.5,linear ft,45.99,20.0,Fitted bulk element batch number 2238 for stress verification
Copper Component Type-2239,150.5,sq ft,45.99,20.0,Fitted bulk element batch number 2239 for stress verification
Copper Component Type-2240,150.5,rolls,45.99,20.0,Fitted bulk element batch number 2240 for stress verification
Copper Component Type-2241,150.5,sheets,45.99,20.0,Fitted bulk element batch number 2241 for stress verification
Copper Component Type-2242,150.5,pieces,45.99,20.0,Fitted bulk element batch number 2242 for stress verification
Copper Component Type-2243,150.5,lbs,45.99,20.0,Fitted bulk element batch number 2243 for stress verification
Copper Component Type-2244,150.5,linear ft,45.99,20.0,Fitted bulk element batch number 2244 for stress verification
Copper Component Type-2245,150.5,sq ft,45.99,20.0,Fitted bulk element batch number 2245 for stress verification
Copper Component Type-2246,150.5,rolls,45.99,20.0,Fitted bulk element batch number 2246 for stress verification
Copper Component Type-2247,150.5,sheets,45.99,20.0,Fitted bulk element batch number 2247 for stress verification
Copper Component Type-2248,150.5,pieces,45.99,20.0,Fitted bulk element batch number 2248 for stress verification
Copper Component Type-2249,150.5,lbs,45.99,20.0,Fitted bulk element batch number 2249 for stress verification
Copper Component Type-2250,150.5,linear ft,45.99,20.0,Fitted bulk element batch number 2250 for stress verification
Copper Component Type-2251,150.5,sq ft,45.99,20.0,Fitted bulk element batch number 2251 for stress verification
Copper Component Type-2252,150.5,rolls,45.99,20.0,Fitted bulk element batch number 2252 for stress verification
Copper Component Type-2253,150.5,sheets,45.99,20.0,Fitted bulk element batch number 2253 for stress verification
Copper Component Type-2254,150.5,pieces,45.99,20.0,Fitted bulk element batch number 2254 for stress verification
Copper Component Type-2255,150.5,lbs,45.99,20.0,Fitted bulk element batch number 2255 for stress verification
Copper Component Type-2256,150.5,linear ft,45.99,20.0,Fitted bulk element batch number 2256 for stress verification
Copper Component Type-2257,150.5,sq ft,45.99,20.0,Fitted bulk element batch number 2257 for stress verification
Copper Component Type-2258,150.5,rolls,45.99,20.0,Fitted bulk element batch number 2258 for stress verification
Copper Component Type-2259,150.5,sheets,45.99,20.0,Fitted bulk element batch number 2259 for stress verification
Copper Component Type-2260,150.5,pieces,45.99,20.0,Fitted bulk element batch number 2260 for stress verification
Copper Component Type-2261,150.5,lbs,45.99,20.0,Fitted bulk element batch number 2261 for stress verification
Copper Component Type-2262,150.5,linear ft,45.99,20.0,Fitted bulk element batch number 2262 for stress verification
Copper Component Type-2263,150.5,sq ft,45.99,20.0,Fitted bulk element batch number 2263 for stress verification
Copper Component Type-2264,150.5,rolls,45.99,20.0,Fitted bulk element batch number 2264 for stress verification
Copper Component Type-2265,150.5,sheets,45.99,20.0,Fitted bulk element batch number 2265 for stress verification
Copper Component Type-2266,150.5,pieces,45.99,20.0,Fitted bulk element batch number 2266 for stress verification
Copper Component Type-2267,150.5,lbs,45.99,20.0,Fitted bulk element batch number 2267 for stress verification
Copper Component Type-2268,150.5,linear ft,45.99,20.0,Fitted bulk element batch number 2268 for stress verification
Copper Component Type-2269,150.5,sq ft,45.99,20.0,Fitted bulk element batch number 2269 for stress verification
Copper Component Type-2270,150.5,rolls,45.99,20.0,Fitted bulk element batch number 2270 for stress verification
Copper Component Type-2271,150.5,sheets,45.99,20.0,Fitted bulk element batch number 2271 for stress verification
Copper Component Type-2272,150.5,pieces,45.99,20.0,Fitted bulk element batch number 2272 for stress verification
Copper Component Type-2273,150.5,lbs,45.99,20.0,Fitted bulk element batch number 2273 for stress verification
Copper Component Type-2274,150.5,linear ft,45.99,20.0,Fitted bulk element batch number 2274 for stress verification
Copper Component Type-2275,150.5,sq ft,45.99,20.0,Fitted bulk element batch number 2275 for stress verification
Copper Component Type-2276,150.5,rolls,45.99,20.0,Fitted bulk element batch number 2276 for stress verification
Copper Component Type-2277,150.5,sheets,45.99,20.0,Fitted bulk element batch number 2277 for stress verification
Copper Component Type-2278,150.5,pieces,45.99,20.0,Fitted bulk element batch number 2278 for stress verification
Copper Component Type-2279,150.5,lbs,45.99,20.0,Fitted bulk element batch number 2279 for stress verification
Copper Component Type-2280,150.5,linear ft,45.99,20.0,Fitted bulk element batch number 2280 for stress verification
Copper Component Type-2281,150.5,sq ft,45.99,20.0,Fitted bulk element batch number 2281 for stress verification
Copper Component Type-2282,150.5,rolls,45.99,20.0,Fitted bulk element batch number 2282 for stress verification
Copper Component Type-2283,150.5,sheets,45.99,20.0,Fitted bulk element batch number 2283 for stress verification
Copper Component Type-2284,150.5,pieces,45.99,20.0,Fitted bulk element batch number 2284 for stress verification
Copper Component Type-2285,150.5,lbs,45.99,20.0,Fitted bulk element batch number 2285 for stress verification
Copper Component Type-2286,150.5,linear ft,45.99,20.0,Fitted bulk element batch number 2286 for stress verification
Copper Component Type-2287,150.5,sq ft,45.99,20.0,Fitted bulk element batch number 2287 for stress verification
Copper Component Type-2288,150.5,rolls,45.99,20.0,Fitted bulk element batch number 2288 for stress verification
Copper Component Type-2289,150.5,sheets,45.99,20.0,Fitted bulk element batch number 2289 for stress verification
Copper Component Type-2290,150.5,pieces,45.99,20.0,Fitted bulk element batch number 2290 for stress verification
Copper Component Type-2291,150.5,lbs,45.99,20.0,Fitted bulk element batch number 2291 for stress verification
Copper Component Type-2292,150.5,linear ft,45.99,20.0,Fitted bulk element batch number 2292 for stress verification
Copper Component Type-2293,150.5,sq ft,45.99,20.0,Fitted bulk element batch number 2293 for stress verification
Copper Component Type-2294,150.5,rolls,45.99,20.0,Fitted bulk element batch number 2294 for stress verification
Copper Component Type-2295,150.5,sheets,45.99,20.0,Fitted bulk element batch number 2295 for stress verification
Copper Component Type-2296,150.5,pieces,45.99,20.0,Fitted bulk element batch number 2296 for stress verification
Copper Component Type-2297,150.5,lbs,45.99,20.0,Fitted bulk element batch number 2297 for stress verification
Copper Component Type-2298,150.5,linear ft,45.99,20.0,Fitted bulk element batch number 2298 for stress verification
Copper Component Type-2299,150.5,sq ft,45.99,20.0,Fitted bulk element batch number 2299 for stress verification
Copper Component Type-2300,150.5,rolls,45.99,20.0,Fitted bulk element batch number 2300 for stress verification
Copper Component Type-2301,150.5,sheets,45.99,20.0,Fitted bulk element batch number 2301 for stress verification
Copper Component Type-2302,150.5,pieces,45.99,20.0,Fitted bulk element batch number 2302 for stress verification
Copper Component Type-2303,150.5,lbs,45.99,20.0,Fitted bulk element batch number 2303 for stress verification
Copper Component Type-2304,150.5,linear ft,45.99,20.0,Fitted bulk element batch number 2304 for stress verification
Copper Component Type-2305,150.5,sq ft,45.99,20.0,Fitted bulk element batch number 2305 for stress verification
Copper Component Type-2306,150.5,rolls,45.99,20.0,Fitted bulk element batch number 2306 for stress verification
Copper Component Type-2307,150.5,sheets,45.99,20.0,Fitted bulk element batch number 2307 for stress verification
Copper Component Type-2308,150.5,pieces,45.99,20.0,Fitted bulk element batch number 2308 for stress verification
Copper Component Type-2309,150.5,lbs,45.99,20.0,Fitted bulk element batch number 2309 for stress verification
Copper Component Type-2310,150.5,linear ft,45.99,20.0,Fitted bulk element batch number 2310 for stress verification
Copper Component Type-2311,150.5,sq ft,45.99,20.0,Fitted bulk element batch number 2311 for stress verification
Copper Component Type-2312,150.5,rolls,45.99,20.0,Fitted bulk element batch number 2312 for stress verification
Copper Component Type-2313,150.5,sheets,45.99,20.0,Fitted bulk element batch number 2313 for stress verification
Copper Component Type-2314,150.5,pieces,45.99,20.0,Fitted bulk element batch number 2314 for stress verification
Copper Component Type-2315,150.5,lbs,45.99,20.0,Fitted bulk element batch number 2315 for stress verification
Copper Component Type-2316,150.5,linear ft,45.99,20.0,Fitted bulk element batch number 2316 for stress verification
Copper Component Type-2317,150.5,sq ft,45.99,20.0,Fitted bulk element batch number 2317 for stress verification
Copper Component Type-2318,150.5,rolls,45.99,20.0,Fitted bulk element batch number 2318 for stress verification
Copper Component Type-2319,150.5,sheets,45.99,20.0,Fitted bulk element batch number 2319 for stress verification
Copper Component Type-2320,150.5,pieces,45.99,20.0,Fitted bulk element batch number 2320 for stress verification
Copper Component Type-2321,150.5,lbs,45.99,20.0,Fitted bulk element batch number 2321 for stress verification
Copper Component Type-2322,150.5,linear ft,45.99,20.0,Fitted bulk element batch number 2322 for stress verification
Copper Component Type-2323,150.5,sq ft,45.99,20.0,Fitted bulk element batch number 2323 for stress verification
Copper Component Type-2324,150.5,rolls,45.99,20.0,Fitted bulk element batch number 2324 for stress verification
Copper Component Type-2325,150.5,sheets,45.99,20.0,Fitted bulk element batch number 2325 for stress verification
Copper Component Type-2326,150.5,pieces,45.99,20.0,Fitted bulk element batch number 2326 for stress verification
Copper Component Type-2327,150.5,lbs,45.99,20.0,Fitted bulk element batch number 2327 for stress verification
Copper Component Type-2328,150.5,linear ft,45.99,20.0,Fitted bulk element batch number 2328 for stress verification
Copper Component Type-2329,150.5,sq ft,45.99,20.0,Fitted bulk element batch number 2329 for stress verification
Copper Component Type-2330,150.5,rolls,45.99,20.0,Fitted bulk element batch number 2330 for stress verification
Copper Component Type-2331,150.5,sheets,45.99,20.0,Fitted bulk element batch number 2331 for stress verification
Copper Component Type-2332,150.5,pieces,45.99,20.0,Fitted bulk element batch number 2332 for stress verification
Copper Component Type-2333,150.5,lbs,45.99,20.0,Fitted bulk element batch number 2333 for stress verification
Copper Component Type-2334,150.5,linear ft,45.99,20.0,Fitted bulk element batch number 2334 for stress verification
Copper Component Type-2335,150.5,sq ft,45.99,20.0,Fitted bulk element batch number 2335 for stress verification
Copper Component Type-2336,150.5,rolls,45.99,20.0,Fitted bulk element batch number 2336 for stress verification
Copper Component Type-2337,150.5,sheets,45.99,20.0,Fitted bulk element batch number 2337 for stress verification
Copper Component Type-2338,150.5,pieces,45.99,20.0,Fitted bulk element batch number 2338 for stress verification
Copper Component Type-2339,150.5,lbs,45.99,20.0,Fitted bulk element batch number 2339 for stress verification
Copper Component Type-2340,150.5,linear ft,45.99,20.0,Fitted bulk element batch number 2340 for stress verification
Copper Component Type-2341,150.5,sq ft,45.99,20.0,Fitted bulk element batch number 2341 for stress verification
Copper Component Type-2342,150.5,rolls,45.99,20.0,Fitted bulk element batch number 2342 for stress verification
Copper Component Type-2343,150.5,sheets,45.99,20.0,Fitted bulk element batch number 2343 for stress verification
Copper Component Type-2344,150.5,pieces,45.99,20.0,Fitted bulk element batch number 2344 for stress verification
Copper Component Type-2345,150.5,lbs,45.99,20.0,Fitted bulk element batch number 2345 for stress verification
Copper Component Type-2346,150.5,linear ft,45.99,20.0,Fitted bulk element batch number 2346 for stress verification
Copper Component Type-2347,150.5,sq ft,45.99,20.0,Fitted bulk element batch number 2347 for stress verification
Copper Component Type-2348,150.5,rolls,45.99,20.0,Fitted bulk element batch number 2348 for stress verification
Copper Component Type-2349,150.5,sheets,45.99,20.0,Fitted bulk element batch number 2349 for stress verification
Copper Component Type-2350,150.5,pieces,45.99,20.0,Fitted bulk element batch number 2350 for stress verification
Copper Component Type-2351,150.5,lbs,45.99,20.0,Fitted bulk element batch number 2351 for stress verification
Copper Component Type-2352,150.5,linear ft,45.99,20.0,Fitted bulk element batch number 2352 for stress verification
Copper Component Type-2353,150.5,sq ft,45.99,20.0,Fitted bulk element batch number 2353 for stress verification
Copper Component Type-2354,150.5,rolls,45.99,20.0,Fitted bulk element batch number 2354 for stress verification
Copper Component Type-2355,150.5,sheets,45.99,20.0,Fitted bulk element batch number 2355 for stress verification
Copper Component Type-2356,150.5,pieces,45.99,20.0,Fitted bulk element batch number 2356 for stress verification
Copper Component Type-2357,150.5,lbs,45.99,20.0,Fitted bulk element batch number 2357 for stress verification
Copper Component Type-2358,150.5,linear ft,45.99,20.0,Fitted bulk element batch number 2358 for stress verification
Copper Component Type-2359,150.5,sq ft,45.99,20.0,Fitted bulk element batch number 2359 for stress verification
Copper Component Type-2360,150.5,rolls,45.99,20.0,Fitted bulk element batch number 2360 for stress verification
Copper Component Type-2361,150.5,sheets,45.99,20.0,Fitted bulk element batch number 2361 for stress verification
Copper Component Type-2362,150.5,pieces,45.99,20.0,Fitted bulk element batch number 2362 for stress verification
Copper Component Type-2363,150.5,lbs,45.99,20.0,Fitted bulk element batch number 2363 for stress verification
Copper Component Type-2364,150.5,linear ft,45.99,20.0,Fitted bulk element batch number 2364 for stress verification
Copper Component Type-2365,150.5,sq ft,45.99,20.0,Fitted bulk element batch number 2365 for stress verification
Copper Component Type-2366,150.5,rolls,45.99,20.0,Fitted bulk element batch number 2366 for stress verification
Copper Component Type-2367,150.5,sheets,45.99,20.0,Fitted bulk element batch number 2367 for stress verification
Copper Component Type-2368,150.5,pieces,45.99,20.0,Fitted bulk element batch number 2368 for stress verification
Copper Component Type-2369,150.5,lbs,45.99,20.0,Fitted bulk element batch number 2369 for stress verification
Copper Component Type-2370,150.5,linear ft,45.99,20.0,Fitted bulk element batch number 2370 for stress verification
Copper Component Type-2371,150.5,sq ft,45.99,20.0,Fitted bulk element batch number 2371 for stress verification
Copper Component Type-2372,150.5,rolls,45.99,20.0,Fitted bulk element batch number 2372 for stress verification
Copper Component Type-2373,150.5,sheets,45.99,20.0,Fitted bulk element batch number 2373 for stress verification
Copper Component Type-2374,150.5,pieces,45.99,20.0,Fitted bulk element batch number 2374 for stress verification
Copper Component Type-2375,150.5,lbs,45.99,20.0,Fitted bulk element batch number 2375 for stress verification
Copper Component Type-2376,150.5,linear ft,45.99,20.0,Fitted bulk element batch number 2376 for stress verification
Copper Component Type-2377,150.5,sq ft,45.99,20.0,Fitted bulk element batch number 2377 for stress verification
Copper Component Type-2378,150.5,rolls,45.99,20.0,Fitted bulk element batch number 2378 for stress verification
Copper Component Type-2379,150.5,sheets,45.99,20.0,Fitted bulk element batch number 2379 for stress verification
Copper Component Type-2380,150.5,pieces,45.99,20.0,Fitted bulk element batch number 2380 for stress verification
Copper Component Type-2381,150.5,lbs,45.99,20.0,Fitted bulk element batch number 2381 for stress verification
Copper Component Type-2382,150.5,linear ft,45.99,20.0,Fitted bulk element batch number 2382 for stress verification
Copper Component Type-2383,150.5,sq ft,45.99,20.0,Fitted bulk element batch number 2383 for stress verification
Copper Component Type-2384,150.5,rolls,45.99,20.0,Fitted bulk element batch number 2384 for stress verification
Copper Component Type-2385,150.5,sheets,45.99,20.0,Fitted bulk element batch number 2385 for stress verification
Copper Component Type-2386,150.5,pieces,45.99,20.0,Fitted bulk element batch number 2386 for stress verification
Copper Component Type-2387,150.5,lbs,45.99,20.0,Fitted bulk element batch number 2387 for stress verification
Copper Component Type-2388,150.5,linear ft,45.99,20.0,Fitted bulk element batch number 2388 for stress verification
Copper Component Type-2389,150.5,sq ft,45.99,20.0,Fitted bulk element batch number 2389 for stress verification
Copper Component Type-2390,150.5,rolls,45.99,20.0,Fitted bulk element batch number 2390 for stress verification
Copper Component Type-2391,150.5,sheets,45.99,20.0,Fitted bulk element batch number 2391 for stress verification
Copper Component Type-2392,150.5,pieces,45.99,20.0,Fitted bulk element batch number 2392 for stress verification
Copper Component Type-2393,150.5,lbs,45.99,20.0,Fitted bulk element batch number 2393 for stress verification
Copper Component Type-2394,150.5,linear ft,45.99,20.0,Fitted bulk element batch number 2394 for stress verification
Copper Component Type-2395,150.5,sq ft,45.99,20.0,Fitted bulk element batch number 2395 for stress verification
Copper Component Type-2396,150.5,rolls,45.99,20.0,Fitted bulk element batch number 2396 for stress verification
Copper Component Type-2397,150.5,sheets,45.99,20.0,Fitted bulk element batch number 2397 for stress verification
Copper Component Type-2398,150.5,pieces,45.99,20.0,Fitted bulk element batch number 2398 for stress verification
Copper Component Type-2399,150.5,lbs,45.99,20.0,Fitted bulk element batch number 2399 for stress verification
Copper Component Type-2400,150.5,linear ft,45.99,20.0,Fitted bulk element batch number 2400 for stress verification
Copper Component Type-2401,150.5,sq ft,45.99,20.0,Fitted bulk element batch number 2401 for stress verification
Copper Component Type-2402,150.5,rolls,45.99,20.0,Fitted bulk element batch number 2402 for stress verification
Copper Component Type-2403,150.5,sheets,45.99,20.0,Fitted bulk element batch number 2403 for stress verification
Copper Component Type-2404,150.5,pieces,45.99,20.0,Fitted bulk element batch number 2404 for stress verification
Copper Component Type-2405,150.5,lbs,45.99,20.0,Fitted bulk element batch number 2405 for stress verification
Copper Component Type-2406,150.5,linear ft,45.99,20.0,Fitted bulk element batch number 2406 for stress verification
Copper Component Type-2407,150.5,sq ft,45.99,20.0,Fitted bulk element batch number 2407 for stress verification
Copper Component Type-2408,150.5,rolls,45.99,20.0,Fitted bulk element batch number 2408 for stress verification
Copper Component Type-2409,150.5,sheets,45.99,20.0,Fitted bulk element batch number 2409 for stress verification
Copper Component Type-2410,150.5,pieces,45.99,20.0,Fitted bulk element batch number 2410 for stress verification
Copper Component Type-2411,150.5,lbs,45.99,20.0,Fitted bulk element batch number 2411 for stress verification
Copper Component Type-2412,150.5,linear ft,45.99,20.0,Fitted bulk element batch number 2412 for stress verification
Copper Component Type-2413,150.5,sq ft,45.99,20.0,Fitted bulk element batch number 2413 for stress verification
Copper Component Type-2414,150.5,rolls,45.99,20.0,Fitted bulk element batch number 2414 for stress verification
Copper Component Type-2415,150.5,sheets,45.99,20.0,Fitted bulk element batch number 2415 for stress verification
Copper Component Type-2416,150.5,pieces,45.99,20.0,Fitted bulk element batch number 2416 for stress verification
Copper Component Type-2417,150.5,lbs,45.99,20.0,Fitted bulk element batch number 2417 for stress verification
Copper Component Type-2418,150.5,linear ft,45.99,20.0,Fitted bulk element batch number 2418 for stress verification
Copper Component Type-2419,150.5,sq ft,45.99,20.0,Fitted bulk element batch number 2419 for stress verification
Copper Component Type-2420,150.5,rolls,45.99,20.0,Fitted bulk element batch number 2420 for stress verification
Copper Component Type-2421,150.5,sheets,45.99,20.0,Fitted bulk element batch number 2421 for stress verification
Copper Component Type-2422,150.5,pieces,45.99,20.0,Fitted bulk element batch number 2422 for stress verification
Copper Component Type-2423,150.5,lbs,45.99,20.0,Fitted bulk element batch number 2423 for stress verification
Copper Component Type-2424,150.5,linear ft,45.99,20.0,Fitted bulk element batch number 2424 for stress verification
Copper Component Type-2425,150.5,sq ft,45.99,20.0,Fitted bulk element batch number 2425 for stress verification
Copper Component Type-2426,150.5,rolls,45.99,20.0,Fitted bulk element batch number 2426 for stress verification
Copper Component Type-2427,150.5,sheets,45.99,20.0,Fitted bulk element batch number 2427 for stress verification
Copper Component Type-2428,150.5,pieces,45.99,20.0,Fitted bulk element batch number 2428 for stress verification
Copper Component Type-2429,150.5,lbs,45.99,20.0,Fitted bulk element batch number 2429 for stress verification
Copper Component Type-2430,150.5,linear ft,45.99,20.0,Fitted bulk element batch number 2430 for stress verification
Copper Component Type-2431,150.5,sq ft,45.99,20.0,Fitted bulk element batch number 2431 for stress verification
Copper Component Type-2432,150.5,rolls,45.99,20.0,Fitted bulk element batch number 2432 for stress verification
Copper Component Type-2433,150.5,sheets,45.99,20.0,Fitted bulk element batch number 2433 for stress verification
Copper Component Type-2434,150.5,pieces,45.99,20.0,Fitted bulk element batch number 2434 for stress verification
Copper Component Type-2435,150.5,lbs,45.99,20.0,Fitted bulk element batch number 2435 for stress verification
Copper Component Type-2436,150.5,linear ft,45.99,20.0,Fitted bulk element batch number 2436 for stress verification
Copper Component Type-2437,150.5,sq ft,45.99,20.0,Fitted bulk element batch number 2437 for stress verification
Copper Component Type-2438,150.5,rolls,45.99,20.0,Fitted bulk element batch number 2438 for stress verification
Copper Component Type-2439,150.5,sheets,45.99,20.0,Fitted bulk element batch number 2439 for stress verification
Copper Component Type-2440,150.5,pieces,45.99,20.0,Fitted bulk element batch number 2440 for stress verification
Copper Component Type-2441,150.5,lbs,45.99,20.0,Fitted bulk element batch number 2441 for stress verification
Copper Component Type-2442,150.5,linear ft,45.99,20.0,Fitted bulk element batch number 2442 for stress verification
Copper Component Type-2443,150.5,sq ft,45.99,20.0,Fitted bulk element batch number 2443 for stress verification
Copper Component Type-2444,150.5,rolls,45.99,20.0,Fitted bulk element batch number 2444 for stress verification
Copper Component Type-2445,150.5,sheets,45.99,20.0,Fitted bulk element batch number 2445 for stress verification
Copper Component Type-2446,150.5,pieces,45.99,20.0,Fitted bulk element batch number 2446 for stress verification
Copper Component Type-2447,150.5,lbs,45.99,20.0,Fitted bulk element batch number 2447 for stress verification
Copper Component Type-2448,150.5,linear ft,45.99,20.0,Fitted bulk element batch number 2448 for stress verification
Copper Component Type-2449,150.5,sq ft,45.99,20.0,Fitted bulk element batch number 2449 for stress verification
Copper Component Type-2450,150.5,rolls,45.99,20.0,Fitted bulk element batch number 2450 for stress verification
Copper Component Type-2451,150.5,sheets,45.99,20.0,Fitted bulk element batch number 2451 for stress verification
Copper Component Type-2452,150.5,pieces,45.99,20.0,Fitted bulk element batch number 2452 for stress verification
Copper Component Type-2453,150.5,lbs,45.99,20.0,Fitted bulk element batch number 2453 for stress verification
Copper Component Type-2454,150.5,linear ft,45.99,20.0,Fitted bulk element batch number 2454 for stress verification
Copper Component Type-2455,150.5,sq ft,45.99,20.0,Fitted bulk element batch number 2455 for stress verification
Copper Component Type-2456,150.5,rolls,45.99,20.0,Fitted bulk element batch number 2456 for stress verification
Copper Component Type-2457,150.5,sheets,45.99,20.0,Fitted bulk element batch number 2457 for stress verification
Copper Component Type-2458,150.5,pieces,45.99,20.0,Fitted bulk element batch number 2458 for stress verification
Copper Component Type-2459,150.5,lbs,45.99,20.0,Fitted bulk element batch number 2459 for stress verification
Copper Component Type-2460,150.5,linear ft,45.99,20.0,Fitted bulk element batch number 2460 for stress verification
Copper Component Type-2461,150.5,sq ft,45.99,20.0,Fitted bulk element batch number 2461 for stress verification
Copper Component Type-2462,150.5,rolls,45.99,20.0,Fitted bulk element batch number 2462 for stress verification
Copper Component Type-2463,150.5,sheets,45.99,20.0,Fitted bulk element batch number 2463 for stress verification
Copper Component Type-2464,150.5,pieces,45.99,20.0,Fitted bulk element batch number 2464 for stress verification
Copper Component Type-2465,150.5,lbs,45.99,20.0,Fitted bulk element batch number 2465 for stress verification
Copper Component Type-2466,150.5,linear ft,45.99,20.0,Fitted bulk element batch number 2466 for stress verification
Copper Component Type-2467,150.5,sq ft,45.99,20.0,Fitted bulk element batch number 2467 for stress verification
Copper Component Type-2468,150.5,rolls,45.99,20.0,Fitted bulk element batch number 2468 for stress verification
Copper Component Type-2469,150.5,sheets,45.99,20.0,Fitted bulk element batch number 2469 for stress verification
Copper Component Type-2470,150.5,pieces,45.99,20.0,Fitted bulk element batch number 2470 for stress verification
Copper Component Type-2471,150.5,lbs,45.99,20.0,Fitted bulk element batch number 2471 for stress verification
Copper Component Type-2472,150.5,linear ft,45.99,20.0,Fitted bulk element batch number 2472 for stress verification
Copper Component Type-2473,150.5,sq ft,45.99,20.0,Fitted bulk element batch number 2473 for stress verification
Copper Component Type-2474,150.5,rolls,45.99,20.0,Fitted bulk element batch number 2474 for stress verification
Copper Component Type-2475,150.5,sheets,45.99,20.0,Fitted bulk element batch number 2475 for stress verification
Copper Component Type-2476,150.5,pieces,45.99,20.0,Fitted bulk element batch number 2476 for stress verification
Copper Component Type-2477,150.5,lbs,45.99,20.0,Fitted bulk element batch number 2477 for stress verification
Copper Component Type-2478,150.5,linear ft,45.99,20.0,Fitted bulk element batch number 2478 for stress verification
Copper Component Type-2479,150.5,sq ft,45.99,20.0,Fitted bulk element batch number 2479 for stress verification
Copper Component Type-2480,150.5,rolls,45.99,20.0,Fitted bulk element batch number 2480 for stress verification
Copper Component Type-2481,150.5,sheets,45.99,20.0,Fitted bulk element batch number 2481 for stress verification
Copper Component Type-2482,150.5,pieces,45.99,20.0,Fitted bulk element batch number 2482 for stress verification
Copper Component Type-2483,150.5,lbs,45.99,20.0,Fitted bulk element batch number 2483 for stress verification
Copper Component Type-2484,150.5,linear ft,45.99,20.0,Fitted bulk element batch number 2484 for stress verification
Copper Component Type-2485,150.5,sq ft,45.99,20.0,Fitted bulk element batch number 2485 for stress verification
Copper Component Type-2486,150.5,rolls,45.99,20.0,Fitted bulk element batch number 2486 for stress verification
Copper Component Type-2487,150.5,sheets,45.99,20.0,Fitted bulk element batch number 2487 for stress verification
Copper Component Type-2488,150.5,pieces,45.99,20.0,Fitted bulk element batch number 2488 for stress verification
Copper Component Type-2489,150.5,lbs,45.99,20.0,Fitted bulk element batch number 2489 for stress verification
Copper Component Type-2490,150.5,linear ft,45.99,20.0,Fitted bulk element batch number 2490 for stress verification
Copper Component Type-2491,150.5,sq ft,45.99,20.0,Fitted bulk element batch number 2491 for stress verification
Copper Component Type-2492,150.5,rolls,45.99,20.0,Fitted bulk element batch number 2492 for stress verification
Copper Component Type-2493,150.5,sheets,45.99,20.0,Fitted bulk element batch number 2493 for stress verification
Copper Component Type-2494,150.5,pieces,45.99,20.0,Fitted bulk element batch number 2494 for stress verification
Copper Component Type-2495,150.5,lbs,45.99,20.0,Fitted bulk element batch number 2495 for stress verification
Copper Component Type-2496,150.5,linear ft,45.99,20.0,Fitted bulk element batch number 2496 for stress verification
Copper Component Type-2497,150.5,sq ft,45.99,20.0,Fitted bulk element batch number 2497 for stress verification
Copper Component Type-2498,150.5,rolls,45.99,20.0,Fitted bulk element batch number 2498 for stress verification
Copper Component Type-2499,150.5,sheets,45.99,20.0,Fitted bulk element batch number 2499 for stress verification
Copper Component Type-2500,150.5,pieces,45.99,20.0,Fitted bulk element batch number 2500 for stress verification
Copper Component Type-2501,150.5,lbs,45.99,20.0,Fitted bulk element batch number 2501 for stress verification
Copper Component Type-2502,150.5,linear ft,45.99,20.0,Fitted bulk element batch number 2502 for stress verification
Copper Component Type-2503,150.5,sq ft,45.99,20.0,Fitted bulk element batch number 2503 for stress verification
Copper Component Type-2504,150.5,rolls,45.99,20.0,Fitted bulk element batch number 2504 for stress verification
Copper Component Type-2505,150.5,sheets,45.99,20.0,Fitted bulk element batch number 2505 for stress verification
Copper Component Type-2506,150.5,pieces,45.99,20.0,Fitted bulk element batch number 2506 for stress verification
Copper Component Type-2507,150.5,lbs,45.99,20.0,Fitted bulk element batch number 2507 for stress verification
Copper Component Type-2508,150.5,linear ft,45.99,20.0,Fitted bulk element batch number 2508 for stress verification
Copper Component Type-2509,150.5,sq ft,45.99,20.0,Fitted bulk element batch number 2509 for stress verification
Copper Component Type-2510,150.5,rolls,45.99,20.0,Fitted bulk element batch number 2510 for stress verification
Copper Component Type-2511,150.5,sheets,45.99,20.0,Fitted bulk element batch number 2511 for stress verification
Copper Component Type-2512,150.5,pieces,45.99,20.0,Fitted bulk element batch number 2512 for stress verification
Copper Component Type-2513,150.5,lbs,45.99,20.0,Fitted bulk element batch number 2513 for stress verification
Copper Component Type-2514,150.5,linear ft,45.99,20.0,Fitted bulk element batch number 2514 for stress verification
Copper Component Type-2515,150.5,sq ft,45.99,20.0,Fitted bulk element batch number 2515 for stress verification
Copper Component Type-2516,150.5,rolls,45.99,20.0,Fitted bulk element batch number 2516 for stress verification
Copper Component Type-2517,150.5,sheets,45.99,20.0,Fitted bulk element batch number 2517 for stress verification
Copper Component Type-2518,150.5,pieces,45.99,20.0,Fitted bulk element batch number 2518 for stress verification
Copper Component Type-2519,150.5,lbs,45.99,20.0,Fitted bulk element batch number 2519 for stress verification
Copper Component Type-2520,150.5,linear ft,45.99,20.0,Fitted bulk element batch number 2520 for stress verification
Copper Component Type-2521,150.5,sq ft,45.99,20.0,Fitted bulk element batch number 2521 for stress verification
Copper Component Type-2522,150.5,rolls,45.99,20.0,Fitted bulk element batch number 2522 for stress verification
Copper Component Type-2523,150.5,sheets,45.99,20.0,Fitted bulk element batch number 2523 for stress verification
Copper Component Type-2524,150.5,pieces,45.99,20.0,Fitted bulk element batch number 2524 for stress verification
Copper Component Type-2525,150.5,lbs,45.99,20.0,Fitted bulk element batch number 2525 for stress verification
Copper Component Type-2526,150.5,linear ft,45.99,20.0,Fitted bulk element batch number 2526 for stress verification
Copper Component Type-2527,150.5,sq ft,45.99,20.0,Fitted bulk element batch number 2527 for stress verification
Copper Component Type-2528,150.5,rolls,45.99,20.0,Fitted bulk element batch number 2528 for stress verification
Copper Component Type-2529,150.5,sheets,45.99,20.0,Fitted bulk element batch number 2529 for stress verification
Copper Component Type-2530,150.5,pieces,45.99,20.0,Fitted bulk element batch number 2530 for stress verification
Copper Component Type-2531,150.5,lbs,45.99,20.0,Fitted bulk element batch number 2531 for stress verification
Copper Component Type-2532,150.5,linear ft,45.99,20.0,Fitted bulk element batch number 2532 for stress verification
Copper Component Type-2533,150.5,sq ft,45.99,20.0,Fitted bulk element batch number 2533 for stress verification
Copper Component Type-2534,150.5,rolls,45.99,20.0,Fitted bulk element batch number 2534 for stress verification
Copper Component Type-2535,150.5,sheets,45.99,20.0,Fitted bulk element batch number 2535 for stress verification
Copper Component Type-2536,150.5,pieces,45.99,20.0,Fitted bulk element batch number 2536 for stress verification
Copper Component Type-2537,150.5,lbs,45.99,20.0,Fitted bulk element batch number 2537 for stress verification
Copper Component Type-2538,150.5,linear ft,45.99,20.0,Fitted bulk element batch number 2538 for stress verification
Copper Component Type-2539,150.5,sq ft,45.99,20.0,Fitted bulk element batch number 2539 for stress verification
Copper Component Type-2540,150.5,rolls,45.99,20.0,Fitted bulk element batch number 2540 for stress verification
Copper Component Type-2541,150.5,sheets,45.99,20.0,Fitted bulk element batch number 2541 for stress verification
Copper Component Type-2542,150.5,pieces,45.99,20.0,Fitted bulk element batch number 2542 for stress verification
Copper Component Type-2543,150.5,lbs,45.99,20.0,Fitted bulk element batch number 2543 for stress verification
Copper Component Type-2544,150.5,linear ft,45.99,20.0,Fitted bulk element batch number 2544 for stress verification
Copper Component Type-2545,150.5,sq ft,45.99,20.0,Fitted bulk element batch number 2545 for stress verification
Copper Component Type-2546,150.5,rolls,45.99,20.0,Fitted bulk element batch number 2546 for stress verification
Copper Component Type-2547,150.5,sheets,45.99,20.0,Fitted bulk element batch number 2547 for stress verification
Copper Component Type-2548,150.5,pieces,45.99,20.0,Fitted bulk element batch number 2548 for stress verification
Copper Component Type-2549,150.5,lbs,45.99,20.0,Fitted bulk element batch number 2549 for stress verification
Copper Component Type-2550,150.5,linear ft,45.99,20.0,Fitted bulk element batch number 2550 for stress verification
Copper Component Type-2551,150.5,sq ft,45.99,20.0,Fitted bulk element batch number 2551 for stress verification
Copper Component Type-2552,150.5,rolls,45.99,20.0,Fitted bulk element batch number 2552 for stress verification
Copper Component Type-2553,150.5,sheets,45.99,20.0,Fitted bulk element batch number 2553 for stress verification
Copper Component Type-2554,150.5,pieces,45.99,20.0,Fitted bulk element batch number 2554 for stress verification
Copper Component Type-2555,150.5,lbs,45.99,20.0,Fitted bulk element batch number 2555 for stress verification
Copper Component Type-2556,150.5,linear ft,45.99,20.0,Fitted bulk element batch number 2556 for stress verification
Copper Component Type-2557,150.5,sq ft,45.99,20.0,Fitted bulk element batch number 2557 for stress verification
Copper Component Type-2558,150.5,rolls,45.99,20.0,Fitted bulk element batch number 2558 for stress verification
Copper Component Type-2559,150.5,sheets,45.99,20.0,Fitted bulk element batch number 2559 for stress verification
Copper Component Type-2560,150.5,pieces,45.99,20.0,Fitted bulk element batch number 2560 for stress verification
Copper Component Type-2561,150.5,lbs,45.99,20.0,Fitted bulk element batch number 2561 for stress verification
Copper Component Type-2562,150.5,linear ft,45.99,20.0,Fitted bulk element batch number 2562 for stress verification
Copper Component Type-2563,150.5,sq ft,45.99,20.0,Fitted bulk element batch number 2563 for stress verification
Copper Component Type-2564,150.5,rolls,45.99,20.0,Fitted bulk element batch number 2564 for stress verification
Copper Component Type-2565,150.5,sheets,45.99,20.0,Fitted bulk element batch number 2565 for stress verification
Copper Component Type-2566,150.5,pieces,45.99,20.0,Fitted bulk element batch number 2566 for stress verification
Copper Component Type-2567,150.5,lbs,45.99,20.0,Fitted bulk element batch number 2567 for stress verification
Copper Component Type-2568,150.5,linear ft,45.99,20.0,Fitted bulk element batch number 2568 for stress verification
Copper Component Type-2569,150.5,sq ft,45.99,20.0,Fitted bulk element batch number 2569 for stress verification
Copper Component Type-2570,150.5,rolls,45.99,20.0,Fitted bulk element batch number 2570 for stress verification
Copper Component Type-2571,150.5,sheets,45.99,20.0,Fitted bulk element batch number 2571 for stress verification
Copper Component Type-2572,150.5,pieces,45.99,20.0,Fitted bulk element batch number 2572 for stress verification
Copper Component Type-2573,150.5,lbs,45.99,20.0,Fitted bulk element batch number 2573 for stress verification
Copper Component Type-2574,150.5,linear ft,45.99,20.0,Fitted bulk element batch number 2574 for stress verification
Copper Component Type-2575,150.5,sq ft,45.99,20.0,Fitted bulk element batch number 2575 for stress verification
Copper Component Type-2576,150.5,rolls,45.99,20.0,Fitted bulk element batch number 2576 for stress verification
Copper Component Type-2577,150.5,sheets,45.99,20.0,Fitted bulk element batch number 2577 for stress verification
Copper Component Type-2578,150.5,pieces,45.99,20.0,Fitted bulk element batch number 2578 for stress verification
Copper Component Type-2579,150.5,lbs,45.99,20.0,Fitted bulk element batch number 2579 for stress verification
Copper Component Type-2580,150.5,linear ft,45.99,20.0,Fitted bulk element batch number 2580 for stress verification
Copper Component Type-2581,150.5,sq ft,45.99,20.0,Fitted bulk element batch number 2581 for stress verification
Copper Component Type-2582,150.5,rolls,45.99,20.0,Fitted bulk element batch number 2582 for stress verification
Copper Component Type-2583,150.5,sheets,45.99,20.0,Fitted bulk element batch number 2583 for stress verification
Copper Component Type-2584,150.5,pieces,45.99,20.0,Fitted bulk element batch number 2584 for stress verification
Copper Component Type-2585,150.5,lbs,45.99,20.0,Fitted bulk element batch number 2585 for stress verification
Copper Component Type-2586,150.5,linear ft,45.99,20.0,Fitted bulk element batch number 2586 for stress verification
Copper Component Type-2587,150.5,sq ft,45.99,20.0,Fitted bulk element batch number 2587 for stress verification
Copper Component Type-2588,150.5,rolls,45.99,20.0,Fitted bulk element batch number 2588 for stress verification
Copper Component Type-2589,150.5,sheets,45.99,20.0,Fitted bulk element batch number 2589 for stress verification
Copper Component Type-2590,150.5,pieces,45.99,20.0,Fitted bulk element batch number 2590 for stress verification
Copper Component Type-2591,150.5,lbs,45.99,20.0,Fitted bulk element batch number 2591 for stress verification
Copper Component Type-2592,150.5,linear ft,45.99,20.0,Fitted bulk element batch number 2592 for stress verification
Copper Component Type-2593,150.5,sq ft,45.99,20.0,Fitted bulk element batch number 2593 for stress verification
Copper Component Type-2594,150.5,rolls,45.99,20.0,Fitted bulk element batch number 2594 for stress verification
Copper Component Type-2595,150.5,sheets,45.99,20.0,Fitted bulk element batch number 2595 for stress verification
Copper Component Type-2596,150.5,pieces,45.99,20.0,Fitted bulk element batch number 2596 for stress verification
Copper Component Type-2597,150.5,lbs,45.99,20.0,Fitted bulk element batch number 2597 for stress verification
Copper Component Type-2598,150.5,linear ft,45.99,20.0,Fitted bulk element batch number 2598 for stress verification
Copper Component Type-2599,150.5,sq ft,45.99,20.0,Fitted bulk element batch number 2599 for stress verification
Copper Component Type-2600,150.5,rolls,45.99,20.0,Fitted bulk element batch number 2600 for stress verification
Copper Component Type-2601,150.5,sheets,45.99,20.0,Fitted bulk element batch number 2601 for stress verification
Copper Component Type-2602,150.5,pieces,45.99,20.0,Fitted bulk element batch number 2602 for stress verification
Copper Component Type-2603,150.5,lbs,45.99,20.0,Fitted bulk element batch number 2603 for stress verification
Copper Component Type-2604,150.5,linear ft,45.99,20.0,Fitted bulk element batch number 2604 for stress verification
Copper Component Type-2605,150.5,sq ft,45.99,20.0,Fitted bulk element batch number 2605 for stress verification
Copper Component Type-2606,150.5,rolls,45.99,20.0,Fitted bulk element batch number 2606 for stress verification
Copper Component Type-2607,150.5,sheets,45.99,20.0,Fitted bulk element batch number 2607 for stress verification
Copper Component Type-2608,150.5,pieces,45.99,20.0,Fitted bulk element batch number 2608 for stress verification
Copper Component Type-2609,150.5,lbs,45.99,20.0,Fitted bulk element batch number 2609 for stress verification
Copper Component Type-2610,150.5,linear ft,45.99,20.0,Fitted bulk element batch number 2610 for stress verification
Copper Component Type-2611,150.5,sq ft,45.99,20.0,Fitted bulk element batch number 2611 for stress verification
Copper Component Type-2612,150.5,rolls,45.99,20.0,Fitted bulk element batch number 2612 for stress verification
Copper Component Type-2613,150.5,sheets,45.99,20.0,Fitted bulk element batch number 2613 for stress verification
Copper Component Type-2614,150.5,pieces,45.99,20.0,Fitted bulk element batch number 2614 for stress verification
Copper Component Type-2615,150.5,lbs,45.99,20.0,Fitted bulk element batch number 2615 for stress verification
Copper Component Type-2616,150.5,linear ft,45.99,20.0,Fitted bulk element batch number 2616 for stress verification
Copper Component Type-2617,150.5,sq ft,45.99,20.0,Fitted bulk element batch number 2617 for stress verification
Copper Component Type-2618,150.5,rolls,45.99,20.0,Fitted bulk element batch number 2618 for stress verification
Copper Component Type-2619,150.5,sheets,45.99,20.0,Fitted bulk element batch number 2619 for stress verification
Copper Component Type-2620,150.5,pieces,45.99,20.0,Fitted bulk element batch number 2620 for stress verification
Copper Component Type-2621,150.5,lbs,45.99,20.0,Fitted bulk element batch number 2621 for stress verification
Copper Component Type-2622,150.5,linear ft,45.99,20.0,Fitted bulk element batch number 2622 for stress verification
Copper Component Type-2623,150.5,sq ft,45.99,20.0,Fitted bulk element batch number 2623 for stress verification
Copper Component Type-2624,150.5,rolls,45.99,20.0,Fitted bulk element batch number 2624 for stress verification
Copper Component Type-2625,150.5,sheets,45.99,20.0,Fitted bulk element batch number 2625 for stress verification
Copper Component Type-2626,150.5,pieces,45.99,20.0,Fitted bulk element batch number 2626 for stress verification
Copper Component Type-2627,150.5,lbs,45.99,20.0,Fitted bulk element batch number 2627 for stress verification
Copper Component Type-2628,150.5,linear ft,45.99,20.0,Fitted bulk element batch number 2628 for stress verification
Copper Component Type-2629,150.5,sq ft,45.99,20.0,Fitted bulk element batch number 2629 for stress verification
Copper Component Type-2630,150.5,rolls,45.99,20.0,Fitted bulk element batch number 2630 for stress verification
Copper Component Type-2631,150.5,sheets,45.99,20.0,Fitted bulk element batch number 2631 for stress verification
Copper Component Type-2632,150.5,pieces,45.99,20.0,Fitted bulk element batch number 2632 for stress verification
Copper Component Type-2633,150.5,lbs,45.99,20.0,Fitted bulk element batch number 2633 for stress verification
Copper Component Type-2634,150.5,linear ft,45.99,20.0,Fitted bulk element batch number 2634 for stress verification
Copper Component Type-2635,150.5,sq ft,45.99,20.0,Fitted bulk element batch number 2635 for stress verification
Copper Component Type-2636,150.5,rolls,45.99,20.0,Fitted bulk element batch number 2636 for stress verification
Copper Component Type-2637,150.5,sheets,45.99,20.0,Fitted bulk element batch number 2637 for stress verification
Copper Component Type-2638,150.5,pieces,45.99,20.0,Fitted bulk element batch number 2638 for stress verification
Copper Component Type-2639,150.5,lbs,45.99,20.0,Fitted bulk element batch number 2639 for stress verification
Copper Component Type-2640,150.5,linear ft,45.99,20.0,Fitted bulk element batch number 2640 for stress verification
Copper Component Type-2641,150.5,sq ft,45.99,20.0,Fitted bulk element batch number 2641 for stress verification
Copper Component Type-2642,150.5,rolls,45.99,20.0,Fitted bulk element batch number 2642 for stress verification
Copper Component Type-2643,150.5,sheets,45.99,20.0,Fitted bulk element batch number 2643 for stress verification
Copper Component Type-2644,150.5,pieces,45.99,20.0,Fitted bulk element batch number 2644 for stress verification
Copper Component Type-2645,150.5,lbs,45.99,20.0,Fitted bulk element batch number 2645 for stress verification
Copper Component Type-2646,150.5,linear ft,45.99,20.0,Fitted bulk element batch number 2646 for stress verification
Copper Component Type-2647,150.5,sq ft,45.99,20.0,Fitted bulk element batch number 2647 for stress verification
Copper Component Type-2648,150.5,rolls,45.99,20.0,Fitted bulk element batch number 2648 for stress verification
Copper Component Type-2649,150.5,sheets,45.99,20.0,Fitted bulk element batch number 2649 for stress verification
Copper Component Type-2650,150.5,pieces,45.99,20.0,Fitted bulk element batch number 2650 for stress verification
Copper Component Type-2651,150.5,lbs,45.99,20.0,Fitted bulk element batch number 2651 for stress verification
Copper Component Type-2652,150.5,linear ft,45.99,20.0,Fitted bulk element batch number 2652 for stress verification
Copper Component Type-2653,150.5,sq ft,45.99,20.0,Fitted bulk element batch number 2653 for stress verification
Copper Component Type-2654,150.5,rolls,45.99,20.0,Fitted bulk element batch number 2654 for stress verification
Copper Component Type-2655,150.5,sheets,45.99,20.0,Fitted bulk element batch number 2655 for stress verification
Copper Component Type-2656,150.5,pieces,45.99,20.0,Fitted bulk element batch number 2656 for stress verification
Copper Component Type-2657,150.5,lbs,45.99,20.0,Fitted bulk element batch number 2657 for stress verification
Copper Component Type-2658,150.5,linear ft,45.99,20.0,Fitted bulk element batch number 2658 for stress verification
Copper Component Type-2659,150.5,sq ft,45.99,20.0,Fitted bulk element batch number 2659 for stress verification
Copper Component Type-2660,150.5,rolls,45.99,20.0,Fitted bulk element batch number 2660 for stress verification
Copper Component Type-2661,150.5,sheets,45.99,20.0,Fitted bulk element batch number 2661 for stress verification
Copper Component Type-2662,150.5,pieces,45.99,20.0,Fitted bulk element batch number 2662 for stress verification
Copper Component Type-2663,150.5,lbs,45.99,20.0,Fitted bulk element batch number 2663 for stress verification
Copper Component Type-2664,150.5,linear ft,45.99,20.0,Fitted bulk element batch number 2664 for stress verification
Copper Component Type-2665,150.5,sq ft,45.99,20.0,Fitted bulk element batch number 2665 for stress verification
Copper Component Type-2666,150.5,rolls,45.99,20.0,Fitted bulk element batch number 2666 for stress verification
Copper Component Type-2667,150.5,sheets,45.99,20.0,Fitted bulk element batch number 2667 for stress verification
Copper Component Type-2668,150.5,pieces,45.99,20.0,Fitted bulk element batch number 2668 for stress verification
Copper Component Type-2669,150.5,lbs,45.99,20.0,Fitted bulk element batch number 2669 for stress verification
Copper Component Type-2670,150.5,linear ft,45.99,20.0,Fitted bulk element batch number 2670 for stress verification
Copper Component Type-2671,150.5,sq ft,45.99,20.0,Fitted bulk element batch number 2671 for stress verification
Copper Component Type-2672,150.5,rolls,45.99,20.0,Fitted bulk element batch number 2672 for stress verification
Copper Component Type-2673,150.5,sheets,45.99,20.0,Fitted bulk element batch number 2673 for stress verification
Copper Component Type-2674,150.5,pieces,45.99,20.0,Fitted bulk element batch number 2674 for stress verification
Copper Component Type-2675,150.5,lbs,45.99,20.0,Fitted bulk element batch number 2675 for stress verification
Copper Component Type-2676,150.5,linear ft,45.99,20.0,Fitted bulk element batch number 2676 for stress verification
Copper Component Type-2677,150.5,sq ft,45.99,20.0,Fitted bulk element batch number 2677 for stress verification
Copper Component Type-2678,150.5,rolls,45.99,20.0,Fitted bulk element batch number 2678 for stress verification
Copper Component Type-2679,150.5,sheets,45.99,20.0,Fitted bulk element batch number 2679 for stress verification
Copper Component Type-2680,150.5,pieces,45.99,20.0,Fitted bulk element batch number 2680 for stress verification
Copper Component Type-2681,150.5,lbs,45.99,20.0,Fitted bulk element batch number 2681 for stress verification
Copper Component Type-2682,150.5,linear ft,45.99,20.0,Fitted bulk element batch number 2682 for stress verification
Copper Component Type-2683,150.5,sq ft,45.99,20.0,Fitted bulk element batch number 2683 for stress verification
Copper Component Type-2684,150.5,rolls,45.99,20.0,Fitted bulk element batch number 2684 for stress verification
Copper Component Type-2685,150.5,sheets,45.99,20.0,Fitted bulk element batch number 2685 for stress verification
Copper Component Type-2686,150.5,pieces,45.99,20.0,Fitted bulk element batch number 2686 for stress verification
Copper Component Type-2687,150.5,lbs,45.99,20.0,Fitted bulk element batch number 2687 for stress verification
Copper Component Type-2688,150.5,linear ft,45.99,20.0,Fitted bulk element batch number 2688 for stress verification
Copper Component Type-2689,150.5,sq ft,45.99,20.0,Fitted bulk element batch number 2689 for stress verification
Copper Component Type-2690,150.5,rolls,45.99,20.0,Fitted bulk element batch number 2690 for stress verification
Copper Component Type-2691,150.5,sheets,45.99,20.0,Fitted bulk element batch number 2691 for stress verification
Copper Component Type-2692,150.5,pieces,45.99,20.0,Fitted bulk element batch number 2692 for stress verification
Copper Component Type-2693,150.5,lbs,45.99,20.0,Fitted bulk element batch number 2693 for stress verification
Copper Component Type-2694,150.5,linear ft,45.99,20.0,Fitted bulk element batch number 2694 for stress verification
Copper Component Type-2695,150.5,sq ft,45.99,20.0,Fitted bulk element batch number 2695 for stress verification
Copper Component Type-2696,150.5,rolls,45.99,20.0,Fitted bulk element batch number 2696 for stress verification
Copper Component Type-2697,150.5,sheets,45.99,20.0,Fitted bulk element batch number 2697 for stress verification
Copper Component Type-2698,150.5,pieces,45.99,20.0,Fitted bulk element batch number 2698 for stress verification
Copper Component Type-2699,150.5,lbs,45.99,20.0,Fitted bulk element batch number 2699 for stress verification
Copper Component Type-2700,150.5,linear ft,45.99,20.0,Fitted bulk element batch number 2700 for stress verification
Copper Component Type-2701,150.5,sq ft,45.99,20.0,Fitted bulk element batch number 2701 for stress verification
Copper Component Type-2702,150.5,rolls,45.99,20.0,Fitted bulk element batch number 2702 for stress verification
Copper Component Type-2703,150.5,sheets,45.99,20.0,Fitted bulk element batch number 2703 for stress verification
Copper Component Type-2704,150.5,pieces,45.99,20.0,Fitted bulk element batch number 2704 for stress verification
Copper Component Type-2705,150.5,lbs,45.99,20.0,Fitted bulk element batch number 2705 for stress verification
Copper Component Type-2706,150.5,linear ft,45.99,20.0,Fitted bulk element batch number 2706 for stress verification
Copper Component Type-2707,150.5,sq ft,45.99,20.0,Fitted bulk element batch number 2707 for stress verification
Copper Component Type-2708,150.5,rolls,45.99,20.0,Fitted bulk element batch number 2708 for stress verification
Copper Component Type-2709,150.5,sheets,45.99,20.0,Fitted bulk element batch number 2709 for stress verification
Copper Component Type-2710,150.5,pieces,45.99,20.0,Fitted bulk element batch number 2710 for stress verification
Copper Component Type-2711,150.5,lbs,45.99,20.0,Fitted bulk element batch number 2711 for stress verification
Copper Component Type-2712,150.5,linear ft,45.99,20.0,Fitted bulk element batch number 2712 for stress verification
Copper Component Type-2713,150.5,sq ft,45.99,20.0,Fitted bulk element batch number 2713 for stress verification
Copper Component Type-2714,150.5,rolls,45.99,20.0,Fitted bulk element batch number 2714 for stress verification
Copper Component Type-2715,150.5,sheets,45.99,20.0,Fitted bulk element batch number 2715 for stress verification
Copper Component Type-2716,150.5,pieces,45.99,20.0,Fitted bulk element batch number 2716 for stress verification
Copper Component Type-2717,150.5,lbs,45.99,20.0,Fitted bulk element batch number 2717 for stress verification
Copper Component Type-2718,150.5,linear ft,45.99,20.0,Fitted bulk element batch number 2718 for stress verification
Copper Component Type-2719,150.5,sq ft,45.99,20.0,Fitted bulk element batch number 2719 for stress verification
Copper Component Type-2720,150.5,rolls,45.99,20.0,Fitted bulk element batch number 2720 for stress verification
Copper Component Type-2721,150.5,sheets,45.99,20.0,Fitted bulk element batch number 2721 for stress verification
Copper Component Type-2722,150.5,pieces,45.99,20.0,Fitted bulk element batch number 2722 for stress verification
Copper Component Type-2723,150.5,lbs,45.99,20.0,Fitted bulk element batch number 2723 for stress verification
Copper Component Type-2724,150.5,linear ft,45.99,20.0,Fitted bulk element batch number 2724 for stress verification
Copper Component Type-2725,150.5,sq ft,45.99,20.0,Fitted bulk element batch number 2725 for stress verification
Copper Component Type-2726,150.5,rolls,45.99,20.0,Fitted bulk element batch number 2726 for stress verification
Copper Component Type-2727,150.5,sheets,45.99,20.0,Fitted bulk element batch number 2727 for stress verification
Copper Component Type-2728,150.5,pieces,45.99,20.0,Fitted bulk element batch number 2728 for stress verification
Copper Component Type-2729,150.5,lbs,45.99,20.0,Fitted bulk element batch number 2729 for stress verification
Copper Component Type-2730,150.5,linear ft,45.99,20.0,Fitted bulk element batch number 2730 for stress verification
Copper Component Type-2731,150.5,sq ft,45.99,20.0,Fitted bulk element batch number 2731 for stress verification
Copper Component Type-2732,150.5,rolls,45.99,20.0,Fitted bulk element batch number 2732 for stress verification
Copper Component Type-2733,150.5,sheets,45.99,20.0,Fitted bulk element batch number 2733 for stress verification
Copper Component Type-2734,150.5,pieces,45.99,20.0,Fitted bulk element batch number 2734 for stress verification
Copper Component Type-2735,150.5,lbs,45.99,20.0,Fitted bulk element batch number 2735 for stress verification
Copper Component Type-2736,150.5,linear ft,45.99,20.0,Fitted bulk element batch number 2736 for stress verification
Copper Component Type-2737,150.5,sq ft,45.99,20.0,Fitted bulk element batch number 2737 for stress verification
Copper Component Type-2738,150.5,rolls,45.99,20.0,Fitted bulk element batch number 2738 for stress verification
Copper Component Type-2739,150.5,sheets,45.99,20.0,Fitted bulk element batch number 2739 for stress verification
Copper Component Type-2740,150.5,pieces,45.99,20.0,Fitted bulk element batch number 2740 for stress verification
Copper Component Type-2741,150.5,lbs,45.99,20.0,Fitted bulk element batch number 2741 for stress verification
Copper Component Type-2742,150.5,linear ft,45.99,20.0,Fitted bulk element batch number 2742 for stress verification
Copper Component Type-2743,150.5,sq ft,45.99,20.0,Fitted bulk element batch number 2743 for stress verification
Copper Component Type-2744,150.5,rolls,45.99,20.0,Fitted bulk element batch number 2744 for stress verification
Copper Component Type-2745,150.5,sheets,45.99,20.0,Fitted bulk element batch number 2745 for stress verification
Copper Component Type-2746,150.5,pieces,45.99,20.0,Fitted bulk element batch number 2746 for stress verification
Copper Component Type-2747,150.5,lbs,45.99,20.0,Fitted bulk element batch number 2747 for stress verification
Copper Component Type-2748,150.5,linear ft,45.99,20.0,Fitted bulk element batch number 2748 for stress verification
Copper Component Type-2749,150.5,sq ft,45.99,20.0,Fitted bulk element batch number 2749 for stress verification
Copper Component Type-2750,150.5,rolls,45.99,20.0,Fitted bulk element batch number 2750 for stress verification
Copper Component Type-2751,150.5,sheets,45.99,20.0,Fitted bulk element batch number 2751 for stress verification
Copper Component Type-2752,150.5,pieces,45.99,20.0,Fitted bulk element batch number 2752 for stress verification
Copper Component Type-2753,150.5,lbs,45.99,20.0,Fitted bulk element batch number 2753 for stress verification
Copper Component Type-2754,150.5,linear ft,45.99,20.0,Fitted bulk element batch number 2754 for stress verification
Copper Component Type-2755,150.5,sq ft,45.99,20.0,Fitted bulk element batch number 2755 for stress verification
Copper Component Type-2756,150.5,rolls,45.99,20.0,Fitted bulk element batch number 2756 for stress verification
Copper Component Type-2757,150.5,sheets,45.99,20.0,Fitted bulk element batch number 2757 for stress verification
Copper Component Type-2758,150.5,pieces,45.99,20.0,Fitted bulk element batch number 2758 for stress verification
Copper Component Type-2759,150.5,lbs,45.99,20.0,Fitted bulk element batch number 2759 for stress verification
Copper Component Type-2760,150.5,linear ft,45.99,20.0,Fitted bulk element batch number 2760 for stress verification
Copper Component Type-2761,150.5,sq ft,45.99,20.0,Fitted bulk element batch number 2761 for stress verification
Copper Component Type-2762,150.5,rolls,45.99,20.0,Fitted bulk element batch number 2762 for stress verification
Copper Component Type-2763,150.5,sheets,45.99,20.0,Fitted bulk element batch number 2763 for stress verification
Copper Component Type-2764,150.5,pieces,45.99,20.0,Fitted bulk element batch number 2764 for stress verification
Copper Component Type-2765,150.5,lbs,45.99,20.0,Fitted bulk element batch number 2765 for stress verification
Copper Component Type-2766,150.5,linear ft,45.99,20.0,Fitted bulk element batch number 2766 for stress verification
Copper Component Type-2767,150.5,sq ft,45.99,20.0,Fitted bulk element batch number 2767 for stress verification
Copper Component Type-2768,150.5,rolls,45.99,20.0,Fitted bulk element batch number 2768 for stress verification
Copper Component Type-2769,150.5,sheets,45.99,20.0,Fitted bulk element batch number 2769 for stress verification
Copper Component Type-2770,150.5,pieces,45.99,20.0,Fitted bulk element batch number 2770 for stress verification
Copper Component Type-2771,150.5,lbs,45.99,20.0,Fitted bulk element batch number 2771 for stress verification
Copper Component Type-2772,150.5,linear ft,45.99,20.0,Fitted bulk element batch number 2772 for stress verification
Copper Component Type-2773,150.5,sq ft,45.99,20.0,Fitted bulk element batch number 2773 for stress verification
Copper Component Type-2774,150.5,rolls,45.99,20.0,Fitted bulk element batch number 2774 for stress verification
Copper Component Type-2775,150.5,sheets,45.99,20.0,Fitted bulk element batch number 2775 for stress verification
Copper Component Type-2776,150.5,pieces,45.99,20.0,Fitted bulk element batch number 2776 for stress verification
Copper Component Type-2777,150.5,lbs,45.99,20.0,Fitted bulk element batch number 2777 for stress verification
Copper Component Type-2778,150.5,linear ft,45.99,20.0,Fitted bulk element batch number 2778 for stress verification
Copper Component Type-2779,150.5,sq ft,45.99,20.0,Fitted bulk element batch number 2779 for stress verification
Copper Component Type-2780,150.5,rolls,45.99,20.0,Fitted bulk element batch number 2780 for stress verification
Copper Component Type-2781,150.5,sheets,45.99,20.0,Fitted bulk element batch number 2781 for stress verification
Copper Component Type-2782,150.5,pieces,45.99,20.0,Fitted bulk element batch number 2782 for stress verification
Copper Component Type-2783,150.5,lbs,45.99,20.0,Fitted bulk element batch number 2783 for stress verification
Copper Component Type-2784,150.5,linear ft,45.99,20.0,Fitted bulk element batch number 2784 for stress verification
Copper Component Type-2785,150.5,sq ft,45.99,20.0,Fitted bulk element batch number 2785 for stress verification
Copper Component Type-2786,150.5,rolls,45.99,20.0,Fitted bulk element batch number 2786 for stress verification
Copper Component Type-2787,150.5,sheets,45.99,20.0,Fitted bulk element batch number 2787 for stress verification
Copper Component Type-2788,150.5,pieces,45.99,20.0,Fitted bulk element batch number 2788 for stress verification
Copper Component Type-2789,150.5,lbs,45.99,20.0,Fitted bulk element batch number 2789 for stress verification
Copper Component Type-2790,150.5,linear ft,45.99,20.0,Fitted bulk element batch number 2790 for stress verification
Copper Component Type-2791,150.5,sq ft,45.99,20.0,Fitted bulk element batch number 2791 for stress verification
Copper Component Type-2792,150.5,rolls,45.99,20.0,Fitted bulk element batch number 2792 for stress verification
Copper Component Type-2793,150.5,sheets,45.99,20.0,Fitted bulk element batch number 2793 for stress verification
Copper Component Type-2794,150.5,pieces,45.99,20.0,Fitted bulk element batch number 2794 for stress verification
Copper Component Type-2795,150.5,lbs,45.99,20.0,Fitted bulk element batch number 2795 for stress verification
Copper Component Type-2796,150.5,linear ft,45.99,20.0,Fitted bulk element batch number 2796 for stress verification
Copper Component Type-2797,150.5,sq ft,45.99,20.0,Fitted bulk element batch number 2797 for stress verification
Copper Component Type-2798,150.5,rolls,45.99,20.0,Fitted bulk element batch number 2798 for stress verification
Copper Component Type-2799,150.5,sheets,45.99,20.0,Fitted bulk element batch number 2799 for stress verification
Copper Component Type-2800,150.5,pieces,45.99,20.0,Fitted bulk element batch number 2800 for stress verification
Copper Component Type-2801,150.5,lbs,45.99,20.0,Fitted bulk element batch number 2801 for stress verification
Copper Component Type-2802,150.5,linear ft,45.99,20.0,Fitted bulk element batch number 2802 for stress verification
Copper Component Type-2803,150.5,sq ft,45.99,20.0,Fitted bulk element batch number 2803 for stress verification
Copper Component Type-2804,150.5,rolls,45.99,20.0,Fitted bulk element batch number 2804 for stress verification
Copper Component Type-2805,150.5,sheets,45.99,20.0,Fitted bulk element batch number 2805 for stress verification
Copper Component Type-2806,150.5,pieces,45.99,20.0,Fitted bulk element batch number 2806 for stress verification
Copper Component Type-2807,150.5,lbs,45.99,20.0,Fitted bulk element batch number 2807 for stress verification
Copper Component Type-2808,150.5,linear ft,45.99,20.0,Fitted bulk element batch number 2808 for stress verification
Copper Component Type-2809,150.5,sq ft,45.99,20.0,Fitted bulk element batch number 2809 for stress verification
Copper Component Type-2810,150.5,rolls,45.99,20.0,Fitted bulk element batch number 2810 for stress verification
Copper Component Type-2811,150.5,sheets,45.99,20.0,Fitted bulk element batch number 2811 for stress verification
Copper Component Type-2812,150.5,pieces,45.99,20.0,Fitted bulk element batch number 2812 for stress verification
Copper Component Type-2813,150.5,lbs,45.99,20.0,Fitted bulk element batch number 2813 for stress verification
Copper Component Type-2814,150.5,linear ft,45.99,20.0,Fitted bulk element batch number 2814 for stress verification
Copper Component Type-2815,150.5,sq ft,45.99,20.0,Fitted bulk element batch number 2815 for stress verification
Copper Component Type-2816,150.5,rolls,45.99,20.0,Fitted bulk element batch number 2816 for stress verification
Copper Component Type-2817,150.5,sheets,45.99,20.0,Fitted bulk element batch number 2817 for stress verification
Copper Component Type-2818,150.5,pieces,45.99,20.0,Fitted bulk element batch number 2818 for stress verification
Copper Component Type-2819,150.5,lbs,45.99,20.0,Fitted bulk element batch number 2819 for stress verification
Copper Component Type-2820,150.5,linear ft,45.99,20.0,Fitted bulk element batch number 2820 for stress verification
Copper Component Type-2821,150.5,sq ft,45.99,20.0,Fitted bulk element batch number 2821 for stress verification
Copper Component Type-2822,150.5,rolls,45.99,20.0,Fitted bulk element batch number 2822 for stress verification
Copper Component Type-2823,150.5,sheets,45.99,20.0,Fitted bulk element batch number 2823 for stress verification
Copper Component Type-2824,150.5,pieces,45.99,20.0,Fitted bulk element batch number 2824 for stress verification
Copper Component Type-2825,150.5,lbs,45.99,20.0,Fitted bulk element batch number 2825 for stress verification
Copper Component Type-2826,150.5,linear ft,45.99,20.0,Fitted bulk element batch number 2826 for stress verification
Copper Component Type-2827,150.5,sq ft,45.99,20.0,Fitted bulk element batch number 2827 for stress verification
Copper Component Type-2828,150.5,rolls,45.99,20.0,Fitted bulk element batch number 2828 for stress verification
Copper Component Type-2829,150.5,sheets,45.99,20.0,Fitted bulk element batch number 2829 for stress verification
Copper Component Type-2830,150.5,pieces,45.99,20.0,Fitted bulk element batch number 2830 for stress verification
Copper Component Type-2831,150.5,lbs,45.99,20.0,Fitted bulk element batch number 2831 for stress verification
Copper Component Type-2832,150.5,linear ft,45.99,20.0,Fitted bulk element batch number 2832 for stress verification
Copper Component Type-2833,150.5,sq ft,45.99,20.0,Fitted bulk element batch number 2833 for stress verification
Copper Component Type-2834,150.5,rolls,45.99,20.0,Fitted bulk element batch number 2834 for stress verification
Copper Component Type-2835,150.5,sheets,45.99,20.0,Fitted bulk element batch number 2835 for stress verification
Copper Component Type-2836,150.5,pieces,45.99,20.0,Fitted bulk element batch number 2836 for stress verification
Copper Component Type-2837,150.5,lbs,45.99,20.0,Fitted bulk element batch number 2837 for stress verification
Copper Component Type-2838,150.5,linear ft,45.99,20.0,Fitted bulk element batch number 2838 for stress verification
Copper Component Type-2839,150.5,sq ft,45.99,20.0,Fitted bulk element batch number 2839 for stress verification
Copper Component Type-2840,150.5,rolls,45.99,20.0,Fitted bulk element batch number 2840 for stress verification
Copper Component Type-2841,150.5,sheets,45.99,20.0,Fitted bulk element batch number 2841 for stress verification
Copper Component Type-2842,150.5,pieces,45.99,20.0,Fitted bulk element batch number 2842 for stress verification
Copper Component Type-2843,150.5,lbs,45.99,20.0,Fitted bulk element batch number 2843 for stress verification
Copper Component Type-2844,150.5,linear ft,45.99,20.0,Fitted bulk element batch number 2844 for stress verification
Copper Component Type-2845,150.5,sq ft,45.99,20.0,Fitted bulk element batch number 2845 for stress verification
Copper Component Type-2846,150.5,rolls,45.99,20.0,Fitted bulk element batch number 2846 for stress verification
Copper Component Type-2847,150.5,sheets,45.99,20.0,Fitted bulk element batch number 2847 for stress verification
Copper Component Type-2848,150.5,pieces,45.99,20.0,Fitted bulk element batch number 2848 for stress verification
Copper Component Type-2849,150.5,lbs,45.99,20.0,Fitted bulk element batch number 2849 for stress verification
Copper Component Type-2850,150.5,linear ft,45.99,20.0,Fitted bulk element batch number 2850 for stress verification
Copper Component Type-2851,150.5,sq ft,45.99,20.0,Fitted bulk element batch number 2851 for stress verification
Copper Component Type-2852,150.5,rolls,45.99,20.0,Fitted bulk element batch number 2852 for stress verification
Copper Component Type-2853,150.5,sheets,45.99,20.0,Fitted bulk element batch number 2853 for stress verification
Copper Component Type-2854,150.5,pieces,45.99,20.0,Fitted bulk element batch number 2854 for stress verification
Copper Component Type-2855,150.5,lbs,45.99,20.0,Fitted bulk element batch number 2855 for stress verification
Copper Component Type-2856,150.5,linear ft,45.99,20.0,Fitted bulk element batch number 2856 for stress verification
Copper Component Type-2857,150.5,sq ft,45.99,20.0,Fitted bulk element batch number 2857 for stress verification
Copper Component Type-2858,150.5,rolls,45.99,20.0,Fitted bulk element batch number 2858 for stress verification
Copper Component Type-2859,150.5,sheets,45.99,20.0,Fitted bulk element batch number 2859 for stress verification
Copper Component Type-2860,150.5,pieces,45.99,20.0,Fitted bulk element batch number 2860 for stress verification
Copper Component Type-2861,150.5,lbs,45.99,20.0,Fitted bulk element batch number 2861 for stress verification
Copper Component Type-2862,150.5,linear ft,45.99,20.0,Fitted bulk element batch number 2862 for stress verification
Copper Component Type-2863,150.5,sq ft,45.99,20.0,Fitted bulk element batch number 2863 for stress verification
Copper Component Type-2864,150.5,rolls,45.99,20.0,Fitted bulk element batch number 2864 for stress verification
Copper Component Type-2865,150.5,sheets,45.99,20.0,Fitted bulk element batch number 2865 for stress verification
Copper Component Type-2866,150.5,pieces,45.99,20.0,Fitted bulk element batch number 2866 for stress verification
Copper Component Type-2867,150.5,lbs,45.99,20.0,Fitted bulk element batch number 2867 for stress verification
Copper Component Type-2868,150.5,linear ft,45.99,20.0,Fitted bulk element batch number 2868 for stress verification
Copper Component Type-2869,150.5,sq ft,45.99,20.0,Fitted bulk element batch number 2869 for stress verification
Copper Component Type-2870,150.5,rolls,45.99,20.0,Fitted bulk element batch number 2870 for stress verification
Copper Component Type-2871,150.5,sheets,45.99,20.0,Fitted bulk element batch number 2871 for stress verification
Copper Component Type-2872,150.5,pieces,45.99,20.0,Fitted bulk element batch number 2872 for stress verification
Copper Component Type-2873,150.5,lbs,45.99,20.0,Fitted bulk element batch number 2873 for stress verification
Copper Component Type-2874,150.5,linear ft,45.99,20.0,Fitted bulk element batch number 2874 for stress verification
Copper Component Type-2875,150.5,sq ft,45.99,20.0,Fitted bulk element batch number 2875 for stress verification
Copper Component Type-2876,150.5,rolls,45.99,20.0,Fitted bulk element batch number 2876 for stress verification
Copper Component Type-2877,150.5,sheets,45.99,20.0,Fitted bulk element batch number 2877 for stress verification
Copper Component Type-2878,150.5,pieces,45.99,20.0,Fitted bulk element batch number 2878 for stress verification
Copper Component Type-2879,150.5,lbs,45.99,20.0,Fitted bulk element batch number 2879 for stress verification
Copper Component Type-2880,150.5,linear ft,45.99,20.0,Fitted bulk element batch number 2880 for stress verification
Copper Component Type-2881,150.5,sq ft,45.99,20.0,Fitted bulk element batch number 2881 for stress verification
Copper Component Type-2882,150.5,rolls,45.99,20.0,Fitted bulk element batch number 2882 for stress verification
Copper Component Type-2883,150.5,sheets,45.99,20.0,Fitted bulk element batch number 2883 for stress verification
Copper Component Type-2884,150.5,pieces,45.99,20.0,Fitted bulk element batch number 2884 for stress verification
Copper Component Type-2885,150.5,lbs,45.99,20.0,Fitted bulk element batch number 2885 for stress verification
Copper Component Type-2886,150.5,linear ft,45.99,20.0,Fitted bulk element batch number 2886 for stress verification
Copper Component Type-2887,150.5,sq ft,45.99,20.0,Fitted bulk element batch number 2887 for stress verification
Copper Component Type-2888,150.5,rolls,45.99,20.0,Fitted bulk element batch number 2888 for stress verification
Copper Component Type-2889,150.5,sheets,45.99,20.0,Fitted bulk element batch number 2889 for stress verification
Copper Component Type-2890,150.5,pieces,45.99,20.0,Fitted bulk element batch number 2890 for stress verification
Copper Component Type-2891,150.5,lbs,45.99,20.0,Fitted bulk element batch number 2891 for stress verification
Copper Component Type-2892,150.5,linear ft,45.99,20.0,Fitted bulk element batch number 2892 for stress verification
Copper Component Type-2893,150.5,sq ft,45.99,20.0,Fitted bulk element batch number 2893 for stress verification
Copper Component Type-2894,150.5,rolls,45.99,20.0,Fitted bulk element batch number 2894 for stress verification
Copper Component Type-2895,150.5,sheets,45.99,20.0,Fitted bulk element batch number 2895 for stress verification
Copper Component Type-2896,150.5,pieces,45.99,20.0,Fitted bulk element batch number 2896 for stress verification
Copper Component Type-2897,150.5,lbs,45.99,20.0,Fitted bulk element batch number 2897 for stress verification
Copper Component Type-2898,150.5,linear ft,45.99,20.0,Fitted bulk element batch number 2898 for stress verification
Copper Component Type-2899,150.5,sq ft,45.99,20.0,Fitted bulk element batch number 2899 for stress verification
Copper Component Type-2900,150.5,rolls,45.99,20.0,Fitted bulk element batch number 2900 for stress verification
Copper Component Type-2901,150.5,sheets,45.99,20.0,Fitted bulk element batch number 2901 for stress verification
Copper Component Type-2902,150.5,pieces,45.99,20.0,Fitted bulk element batch number 2902 for stress verification
Copper Component Type-2903,150.5,lbs,45.99,20.0,Fitted bulk element batch number 2903 for stress verification
Copper Component Type-2904,150.5,linear ft,45.99,20.0,Fitted bulk element batch number 2904 for stress verification
Copper Component Type-2905,150.5,sq ft,45.99,20.0,Fitted bulk element batch number 2905 for stress verification
Copper Component Type-2906,150.5,rolls,45.99,20.0,Fitted bulk element batch number 2906 for stress verification
Copper Component Type-2907,150.5,sheets,45.99,20.0,Fitted bulk element batch number 2907 for stress verification
Copper Component Type-2908,150.5,pieces,45.99,20.0,Fitted bulk element batch number 2908 for stress verification
Copper Component Type-2909,150.5,lbs,45.99,20.0,Fitted bulk element batch number 2909 for stress verification
Copper Component Type-2910,150.5,linear ft,45.99,20.0,Fitted bulk element batch number 2910 for stress verification
Copper Component Type-2911,150.5,sq ft,45.99,20.0,Fitted bulk element batch number 2911 for stress verification
Copper Component Type-2912,150.5,rolls,45.99,20.0,Fitted bulk element batch number 2912 for stress verification
Copper Component Type-2913,150.5,sheets,45.99,20.0,Fitted bulk element batch number 2913 for stress verification
Copper Component Type-2914,150.5,pieces,45.99,20.0,Fitted bulk element batch number 2914 for stress verification
Copper Component Type-2915,150.5,lbs,45.99,20.0,Fitted bulk element batch number 2915 for stress verification
Copper Component Type-2916,150.5,linear ft,45.99,20.0,Fitted bulk element batch number 2916 for stress verification
Copper Component Type-2917,150.5,sq ft,45.99,20.0,Fitted bulk element batch number 2917 for stress verification
Copper Component Type-2918,150.5,rolls,45.99,20.0,Fitted bulk element batch number 2918 for stress verification
Copper Component Type-2919,150.5,sheets,45.99,20.0,Fitted bulk element batch number 2919 for stress verification
Copper Component Type-2920,150.5,pieces,45.99,20.0,Fitted bulk element batch number 2920 for stress verification
Copper Component Type-2921,150.5,lbs,45.99,20.0,Fitted bulk element batch number 2921 for stress verification
Copper Component Type-2922,150.5,linear ft,45.99,20.0,Fitted bulk element batch number 2922 for stress verification
Copper Component Type-2923,150.5,sq ft,45.99,20.0,Fitted bulk element batch number 2923 for stress verification
Copper Component Type-2924,150.5,rolls,45.99,20.0,Fitted bulk element batch number 2924 for stress verification
Copper Component Type-2925,150.5,sheets,45.99,20.0,Fitted bulk element batch number 2925 for stress verification
Copper Component Type-2926,150.5,pieces,45.99,20.0,Fitted bulk element batch number 2926 for stress verification
Copper Component Type-2927,150.5,lbs,45.99,20.0,Fitted bulk element batch number 2927 for stress verification
Copper Component Type-2928,150.5,linear ft,45.99,20.0,Fitted bulk element batch number 2928 for stress verification
Copper Component Type-2929,150.5,sq ft,45.99,20.0,Fitted bulk element batch number 2929 for stress verification
Copper Component Type-2930,150.5,rolls,45.99,20.0,Fitted bulk element batch number 2930 for stress verification
Copper Component Type-2931,150.5,sheets,45.99,20.0,Fitted bulk element batch number 2931 for stress verification
Copper Component Type-2932,150.5,pieces,45.99,20.0,Fitted bulk element batch number 2932 for stress verification
Copper Component Type-2933,150.5,lbs,45.99,20.0,Fitted bulk element batch number 2933 for stress verification
Copper Component Type-2934,150.5,linear ft,45.99,20.0,Fitted bulk element batch number 2934 for stress verification
Copper Component Type-2935,150.5,sq ft,45.99,20.0,Fitted bulk element batch number 2935 for stress verification
Copper Component Type-2936,150.5,rolls,45.99,20.0,Fitted bulk element batch number 2936 for stress verification
Copper Component Type-2937,150.5,sheets,45.99,20.0,Fitted bulk element batch number 2937 for stress verification
Copper Component Type-2938,150.5,pieces,45.99,20.0,Fitted bulk element batch number 2938 for stress verification
Copper Component Type-2939,150.5,lbs,45.99,20.0,Fitted bulk element batch number 2939 for stress verification
Copper Component Type-2940,150.5,linear ft,45.99,20.0,Fitted bulk element batch number 2940 for stress verification
Copper Component Type-2941,150.5,sq ft,45.99,20.0,Fitted bulk element batch number 2941 for stress verification
Copper Component Type-2942,150.5,rolls,45.99,20.0,Fitted bulk element batch number 2942 for stress verification
Copper Component Type-2943,150.5,sheets,45.99,20.0,Fitted bulk element batch number 2943 for stress verification
Copper Component Type-2944,150.5,pieces,45.99,20.0,Fitted bulk element batch number 2944 for stress verification
Copper Component Type-2945,150.5,lbs,45.99,20.0,Fitted bulk element batch number 2945 for stress verification
Copper Component Type-2946,150.5,linear ft,45.99,20.0,Fitted bulk element batch number 2946 for stress verification
Copper Component Type-2947,150.5,sq ft,45.99,20.0,Fitted bulk element batch number 2947 for stress verification
Copper Component Type-2948,150.5,rolls,45.99,20.0,Fitted bulk element batch number 2948 for stress verification
Copper Component Type-2949,150.5,sheets,45.99,20.0,Fitted bulk element batch number 2949 for stress verification
Copper Component Type-2950,150.5,pieces,45.99,20.0,Fitted bulk element batch number 2950 for stress verification
Copper Component Type-2951,150.5,lbs,45.99,20.0,Fitted bulk element batch number 2951 for stress verification
Copper Component Type-2952,150.5,linear ft,45.99,20.0,Fitted bulk element batch number 2952 for stress verification
Copper Component Type-2953,150.5,sq ft,45.99,20.0,Fitted bulk element batch number 2953 for stress verification
Copper Component Type-2954,150.5,rolls,45.99,20.0,Fitted bulk element batch number 2954 for stress verification
Copper Component Type-2955,150.5,sheets,45.99,20.0,Fitted bulk element batch number 2955 for stress verification
Copper Component Type-2956,150.5,pieces,45.99,20.0,Fitted bulk element batch number 2956 for stress verification
Copper Component Type-2957,150.5,lbs,45.99,20.0,Fitted bulk element batch number 2957 for stress verification
Copper Component Type-2958,150.5,linear ft,45.99,20.0,Fitted bulk element batch number 2958 for stress verification
Copper Component Type-2959,150.5,sq ft,45.99,20.0,Fitted bulk element batch number 2959 for stress verification
Copper Component Type-2960,150.5,rolls,45.99,20.0,Fitted bulk element batch number 2960 for stress verification
Copper Component Type-2961,150.5,sheets,45.99,20.0,Fitted bulk element batch number 2961 for stress verification
Copper Component Type-2962,150.5,pieces,45.99,20.0,Fitted bulk element batch number 2962 for stress verification
Copper Component Type-2963,150.5,lbs,45.99,20.0,Fitted bulk element batch number 2963 for stress verification
Copper Component Type-2964,150.5,linear ft,45.99,20.0,Fitted bulk element batch number 2964 for stress verification
Copper Component Type-2965,150.5,sq ft,45.99,20.0,Fitted bulk element batch number 2965 for stress verification
Copper Component Type-2966,150.5,rolls,45.99,20.0,Fitted bulk element batch number 2966 for stress verification
Copper Component Type-2967,150.5,sheets,45.99,20.0,Fitted bulk element batch number 2967 for stress verification
Copper Component Type-2968,150.5,pieces,45.99,20.0,Fitted bulk element batch number 2968 for stress verification
Copper Component Type-2969,150.5,lbs,45.99,20.0,Fitted bulk element batch number 2969 for stress verification
Copper Component Type-2970,150.5,linear ft,45.99,20.0,Fitted bulk element batch number 2970 for stress verification
Copper Component Type-2971,150.5,sq ft,45.99,20.0,Fitted bulk element batch number 2971 for stress verification
Copper Component Type-2972,150.5,rolls,45.99,20.0,Fitted bulk element batch number 2972 for stress verification
Copper Component Type-2973,150.5,sheets,45.99,20.0,Fitted bulk element batch number 2973 for stress verification
Copper Component Type-2974,150.5,pieces,45.99,20.0,Fitted bulk element batch number 2974 for stress verification
Copper Component Type-2975,150.5,lbs,45.99,20.0,Fitted bulk element batch number 2975 for stress verification
Copper Component Type-2976,150.5,linear ft,45.99,20.0,Fitted bulk element batch number 2976 for stress verification
Copper Component Type-2977,150.5,sq ft,45.99,20.0,Fitted bulk element batch number 2977 for stress verification
Copper Component Type-2978,150.5,rolls,45.99,20.0,Fitted bulk element batch number 2978 for stress verification
Copper Component Type-2979,150.5,sheets,45.99,20.0,Fitted bulk element batch number 2979 for stress verification
Copper Component Type-2980,150.5,pieces,45.99,20.0,Fitted bulk element batch number 2980 for stress verification
Copper Component Type-2981,150.5,lbs,45.99,20.0,Fitted bulk element batch number 2981 for stress verification
Copper Component Type-2982,150.5,linear ft,45.99,20.0,Fitted bulk element batch number 2982 for stress verification
Copper Component Type-2983,150.5,sq ft,45.99,20.0,Fitted bulk element batch number 2983 for stress verification
Copper Component Type-2984,150.5,rolls,45.99,20.0,Fitted bulk element batch number 2984 for stress verification
Copper Component Type-2985,150.5,sheets,45.99,20.0,Fitted bulk element batch number 2985 for stress verification
Copper Component Type-2986,150.5,pieces,45.99,20.0,Fitted bulk element batch number 2986 for stress verification
Copper Component Type-2987,150.5,lbs,45.99,20.0,Fitted bulk element batch number 2987 for stress verification
Copper Component Type-2988,150.5,linear ft,45.99,20.0,Fitted bulk element batch number 2988 for stress verification
Copper Component Type-2989,150.5,sq ft,45.99,20.0,Fitted bulk element batch number 2989 for stress verification
Copper Component Type-2990,150.5,rolls,45.99,20.0,Fitted bulk element batch number 2990 for stress verification
Copper Component Type-2991,150.5,sheets,45.99,20.0,Fitted bulk element batch number 2991 for stress verification
Copper Component Type-2992,150.5,pieces,45.99,20.0,Fitted bulk element batch number 2992 for stress verification
Copper Component Type-2993,150.5,lbs,45.99,20.0,Fitted bulk element batch number 2993 for stress verification
Copper Component Type-2994,150.5,linear ft,45.99,20.0,Fitted bulk element batch number 2994 for stress verification
Copper Component Type-2995,150.5,sq ft,45.99,20.0,Fitted bulk element batch number 2995 for stress verification
Copper Component Type-2996,150.5,rolls,45.99,20.0,Fitted bulk element batch number 2996 for stress verification
Copper Component Type-2997,150.5,sheets,45.99,20.0,Fitted bulk element batch number 2997 for stress verification
Copper Component Type-2998,150.5,pieces,45.99,20.0,Fitted bulk element batch number 2998 for stress verification
Copper Component Type-2999,150.5,lbs,45.99,20.0,Fitted bulk element batch number 2999 for stress verification
Copper Component Type-3000,150.5,linear ft,45.99,20.0,Fitted bulk element batch number 3000 for stress verification
Copper Component Type-3001,150.5,sq ft,45.99,20.0,Fitted bulk element batch number 3001 for stress verification
Copper Component Type-3002,150.5,rolls,45.99,20.0,Fitted bulk element batch number 3002 for stress verification
Copper Component Type-3003,150.5,sheets,45.99,20.0,Fitted bulk element batch number 3003 for stress verification
Copper Component Type-3004,150.5,pieces,45.99,20.0,Fitted bulk element batch number 3004 for stress verification
Copper Component Type-3005,150.5,lbs,45.99,20.0,Fitted bulk element batch number 3005 for stress verification
Copper Component Type-3006,150.5,linear ft,45.99,20.0,Fitted bulk element batch number 3006 for stress verification
Copper Component Type-3007,150.5,sq ft,45.99,20.0,Fitted bulk element batch number 3007 for stress verification
Copper Component Type-3008,150.5,rolls,45.99,20.0,Fitted bulk element batch number 3008 for stress verification
Copper Component Type-3009,150.5,sheets,45.99,20.0,Fitted bulk element batch number 3009 for stress verification
Copper Component Type-3010,150.5,pieces,45.99,20.0,Fitted bulk element batch number 3010 for stress verification
Copper Component Type-3011,150.5,lbs,45.99,20.0,Fitted bulk element batch number 3011 for stress verification
Copper Component Type-3012,150.5,linear ft,45.99,20.0,Fitted bulk element batch number 3012 for stress verification
Copper Component Type-3013,150.5,sq ft,45.99,20.0,Fitted bulk element batch number 3013 for stress verification
Copper Component Type-3014,150.5,rolls,45.99,20.0,Fitted bulk element batch number 3014 for stress verification
Copper Component Type-3015,150.5,sheets,45.99,20.0,Fitted bulk element batch number 3015 for stress verification
Copper Component Type-3016,150.5,pieces,45.99,20.0,Fitted bulk element batch number 3016 for stress verification
Copper Component Type-3017,150.5,lbs,45.99,20.0,Fitted bulk element batch number 3017 for stress verification
Copper Component Type-3018,150.5,linear ft,45.99,20.0,Fitted bulk element batch number 3018 for stress verification
Copper Component Type-3019,150.5,sq ft,45.99,20.0,Fitted bulk element batch number 3019 for stress verification
Copper Component Type-3020,150.5,rolls,45.99,20.0,Fitted bulk element batch number 3020 for stress verification
Copper Component Type-3021,150.5,sheets,45.99,20.0,Fitted bulk element batch number 3021 for stress verification
Copper Component Type-3022,150.5,pieces,45.99,20.0,Fitted bulk element batch number 3022 for stress verification
Copper Component Type-3023,150.5,lbs,45.99,20.0,Fitted bulk element batch number 3023 for stress verification
Copper Component Type-3024,150.5,linear ft,45.99,20.0,Fitted bulk element batch number 3024 for stress verification
Copper Component Type-3025,150.5,sq ft,45.99,20.0,Fitted bulk element batch number 3025 for stress verification
Copper Component Type-3026,150.5,rolls,45.99,20.0,Fitted bulk element batch number 3026 for stress verification
Copper Component Type-3027,150.5,sheets,45.99,20.0,Fitted bulk element batch number 3027 for stress verification
Copper Component Type-3028,150.5,pieces,45.99,20.0,Fitted bulk element batch number 3028 for stress verification
Copper Component Type-3029,150.5,lbs,45.99,20.0,Fitted bulk element batch number 3029 for stress verification
Copper Component Type-3030,150.5,linear ft,45.99,20.0,Fitted bulk element batch number 3030 for stress verification
Copper Component Type-3031,150.5,sq ft,45.99,20.0,Fitted bulk element batch number 3031 for stress verification
Copper Component Type-3032,150.5,rolls,45.99,20.0,Fitted bulk element batch number 3032 for stress verification
Copper Component Type-3033,150.5,sheets,45.99,20.0,Fitted bulk element batch number 3033 for stress verification
Copper Component Type-3034,150.5,pieces,45.99,20.0,Fitted bulk element batch number 3034 for stress verification
Copper Component Type-3035,150.5,lbs,45.99,20.0,Fitted bulk element batch number 3035 for stress verification
Copper Component Type-3036,150.5,linear ft,45.99,20.0,Fitted bulk element batch number 3036 for stress verification
Copper Component Type-3037,150.5,sq ft,45.99,20.0,Fitted bulk element batch number 3037 for stress verification
Copper Component Type-3038,150.5,rolls,45.99,20.0,Fitted bulk element batch number 3038 for stress verification
Copper Component Type-3039,150.5,sheets,45.99,20.0,Fitted bulk element batch number 3039 for stress verification
Copper Component Type-3040,150.5,pieces,45.99,20.0,Fitted bulk element batch number 3040 for stress verification
Copper Component Type-3041,150.5,lbs,45.99,20.0,Fitted bulk element batch number 3041 for stress verification
Copper Component Type-3042,150.5,linear ft,45.99,20.0,Fitted bulk element batch number 3042 for stress verification
Copper Component Type-3043,150.5,sq ft,45.99,20.0,Fitted bulk element batch number 3043 for stress verification
Copper Component Type-3044,150.5,rolls,45.99,20.0,Fitted bulk element batch number 3044 for stress verification
Copper Component Type-3045,150.5,sheets,45.99,20.0,Fitted bulk element batch number 3045 for stress verification
Copper Component Type-3046,150.5,pieces,45.99,20.0,Fitted bulk element batch number 3046 for stress verification
Copper Component Type-3047,150.5,lbs,45.99,20.0,Fitted bulk element batch number 3047 for stress verification
Copper Component Type-3048,150.5,linear ft,45.99,20.0,Fitted bulk element batch number 3048 for stress verification
Copper Component Type-3049,150.5,sq ft,45.99,20.0,Fitted bulk element batch number 3049 for stress verification
Copper Component Type-3050,150.5,rolls,45.99,20.0,Fitted bulk element batch number 3050 for stress verification
Copper Component Type-3051,150.5,sheets,45.99,20.0,Fitted bulk element batch number 3051 for stress verification
Copper Component Type-3052,150.5,pieces,45.99,20.0,Fitted bulk element batch number 3052 for stress verification
Copper Component Type-3053,150.5,lbs,45.99,20.0,Fitted bulk element batch number 3053 for stress verification
Copper Component Type-3054,150.5,linear ft,45.99,20.0,Fitted bulk element batch number 3054 for stress verification
Copper Component Type-3055,150.5,sq ft,45.99,20.0,Fitted bulk element batch number 3055 for stress verification
Copper Component Type-3056,150.5,rolls,45.99,20.0,Fitted bulk element batch number 3056 for stress verification
Copper Component Type-3057,150.5,sheets,45.99,20.0,Fitted bulk element batch number 3057 for stress verification
Copper Component Type-3058,150.5,pieces,45.99,20.0,Fitted bulk element batch number 3058 for stress verification
Copper Component Type-3059,150.5,lbs,45.99,20.0,Fitted bulk element batch number 3059 for stress verification
Copper Component Type-3060,150.5,linear ft,45.99,20.0,Fitted bulk element batch number 3060 for stress verification
Copper Component Type-3061,150.5,sq ft,45.99,20.0,Fitted bulk element batch number 3061 for stress verification
Copper Component Type-3062,150.5,rolls,45.99,20.0,Fitted bulk element batch number 3062 for stress verification
Copper Component Type-3063,150.5,sheets,45.99,20.0,Fitted bulk element batch number 3063 for stress verification
Copper Component Type-3064,150.5,pieces,45.99,20.0,Fitted bulk element batch number 3064 for stress verification
Copper Component Type-3065,150.5,lbs,45.99,20.0,Fitted bulk element batch number 3065 for stress verification
Copper Component Type-3066,150.5,linear ft,45.99,20.0,Fitted bulk element batch number 3066 for stress verification
Copper Component Type-3067,150.5,sq ft,45.99,20.0,Fitted bulk element batch number 3067 for stress verification
Copper Component Type-3068,150.5,rolls,45.99,20.0,Fitted bulk element batch number 3068 for stress verification
Copper Component Type-3069,150.5,sheets,45.99,20.0,Fitted bulk element batch number 3069 for stress verification
Copper Component Type-3070,150.5,pieces,45.99,20.0,Fitted bulk element batch number 3070 for stress verification
Copper Component Type-3071,150.5,lbs,45.99,20.0,Fitted bulk element batch number 3071 for stress verification
Copper Component Type-3072,150.5,linear ft,45.99,20.0,Fitted bulk element batch number 3072 for stress verification
Copper Component Type-3073,150.5,sq ft,45.99,20.0,Fitted bulk element batch number 3073 for stress verification
Copper Component Type-3074,150.5,rolls,45.99,20.0,Fitted bulk element batch number 3074 for stress verification
Copper Component Type-3075,150.5,sheets,45.99,20.0,Fitted bulk element batch number 3075 for stress verification
Copper Component Type-3076,150.5,pieces,45.99,20.0,Fitted bulk element batch number 3076 for stress verification
Copper Component Type-3077,150.5,lbs,45.99,20.0,Fitted bulk element batch number 3077 for stress verification
Copper Component Type-3078,150.5,linear ft,45.99,20.0,Fitted bulk element batch number 3078 for stress verification
Copper Component Type-3079,150.5,sq ft,45.99,20.0,Fitted bulk element batch number 3079 for stress verification
Copper Component Type-3080,150.5,rolls,45.99,20.0,Fitted bulk element batch number 3080 for stress verification
Copper Component Type-3081,150.5,sheets,45.99,20.0,Fitted bulk element batch number 3081 for stress verification
Copper Component Type-3082,150.5,pieces,45.99,20.0,Fitted bulk element batch number 3082 for stress verification
Copper Component Type-3083,150.5,lbs,45.99,20.0,Fitted bulk element batch number 3083 for stress verification
Copper Component Type-3084,150.5,linear ft,45.99,20.0,Fitted bulk element batch number 3084 for stress verification
Copper Component Type-3085,150.5,sq ft,45.99,20.0,Fitted bulk element batch number 3085 for stress verification
Copper Component Type-3086,150.5,rolls,45.99,20.0,Fitted bulk element batch number 3086 for stress verification
Copper Component Type-3087,150.5,sheets,45.99,20.0,Fitted bulk element batch number 3087 for stress verification
Copper Component Type-3088,150.5,pieces,45.99,20.0,Fitted bulk element batch number 3088 for stress verification
Copper Component Type-3089,150.5,lbs,45.99,20.0,Fitted bulk element batch number 3089 for stress verification
Copper Component Type-3090,150.5,linear ft,45.99,20.0,Fitted bulk element batch number 3090 for stress verification
Copper Component Type-3091,150.5,sq ft,45.99,20.0,Fitted bulk element batch number 3091 for stress verification
Copper Component Type-3092,150.5,rolls,45.99,20.0,Fitted bulk element batch number 3092 for stress verification
Copper Component Type-3093,150.5,sheets,45.99,20.0,Fitted bulk element batch number 3093 for stress verification
Copper Component Type-3094,150.5,pieces,45.99,20.0,Fitted bulk element batch number 3094 for stress verification
Copper Component Type-3095,150.5,lbs,45.99,20.0,Fitted bulk element batch number 3095 for stress verification
Copper Component Type-3096,150.5,linear ft,45.99,20.0,Fitted bulk element batch number 3096 for stress verification
Copper Component Type-3097,150.5,sq ft,45.99,20.0,Fitted bulk element batch number 3097 for stress verification
Copper Component Type-3098,150.5,rolls,45.99,20.0,Fitted bulk element batch number 3098 for stress verification
Copper Component Type-3099,150.5,sheets,45.99,20.0,Fitted bulk element batch number 3099 for stress verification
Copper Component Type-3100,150.5,pieces,45.99,20.0,Fitted bulk element batch number 3100 for stress verification
Copper Component Type-3101,150.5,lbs,45.99,20.0,Fitted bulk element batch number 3101 for stress verification
Copper Component Type-3102,150.5,linear ft,45.99,20.0,Fitted bulk element batch number 3102 for stress verification
Copper Component Type-3103,150.5,sq ft,45.99,20.0,Fitted bulk element batch number 3103 for stress verification
Copper Component Type-3104,150.5,rolls,45.99,20.0,Fitted bulk element batch number 3104 for stress verification
Copper Component Type-3105,150.5,sheets,45.99,20.0,Fitted bulk element batch number 3105 for stress verification
Copper Component Type-3106,150.5,pieces,45.99,20.0,Fitted bulk element batch number 3106 for stress verification
Copper Component Type-3107,150.5,lbs,45.99,20.0,Fitted bulk element batch number 3107 for stress verification
Copper Component Type-3108,150.5,linear ft,45.99,20.0,Fitted bulk element batch number 3108 for stress verification
Copper Component Type-3109,150.5,sq ft,45.99,20.0,Fitted bulk element batch number 3109 for stress verification
Copper Component Type-3110,150.5,rolls,45.99,20.0,Fitted bulk element batch number 3110 for stress verification
Copper Component Type-3111,150.5,sheets,45.99,20.0,Fitted bulk element batch number 3111 for stress verification
Copper Component Type-3112,150.5,pieces,45.99,20.0,Fitted bulk element batch number 3112 for stress verification
Copper Component Type-3113,150.5,lbs,45.99,20.0,Fitted bulk element batch number 3113 for stress verification
Copper Component Type-3114,150.5,linear ft,45.99,20.0,Fitted bulk element batch number 3114 for stress verification
Copper Component Type-3115,150.5,sq ft,45.99,20.0,Fitted bulk element batch number 3115 for stress verification
Copper Component Type-3116,150.5,rolls,45.99,20.0,Fitted bulk element batch number 3116 for stress verification
Copper Component Type-3117,150.5,sheets,45.99,20.0,Fitted bulk element batch number 3117 for stress verification
Copper Component Type-3118,150.5,pieces,45.99,20.0,Fitted bulk element batch number 3118 for stress verification
Copper Component Type-3119,150.5,lbs,45.99,20.0,Fitted bulk element batch number 3119 for stress verification
Copper Component Type-3120,150.5,linear ft,45.99,20.0,Fitted bulk element batch number 3120 for stress verification
Copper Component Type-3121,150.5,sq ft,45.99,20.0,Fitted bulk element batch number 3121 for stress verification
Copper Component Type-3122,150.5,rolls,45.99,20.0,Fitted bulk element batch number 3122 for stress verification
Copper Component Type-3123,150.5,sheets,45.99,20.0,Fitted bulk element batch number 3123 for stress verification
Copper Component Type-3124,150.5,pieces,45.99,20.0,Fitted bulk element batch number 3124 for stress verification
Copper Component Type-3125,150.5,lbs,45.99,20.0,Fitted bulk element batch number 3125 for stress verification
Copper Component Type-3126,150.5,linear ft,45.99,20.0,Fitted bulk element batch number 3126 for stress verification
Copper Component Type-3127,150.5,sq ft,45.99,20.0,Fitted bulk element batch number 3127 for stress verification
Copper Component Type-3128,150.5,rolls,45.99,20.0,Fitted bulk element batch number 3128 for stress verification
Copper Component Type-3129,150.5,sheets,45.99,20.0,Fitted bulk element batch number 3129 for stress verification
Copper Component Type-3130,150.5,pieces,45.99,20.0,Fitted bulk element batch number 3130 for stress verification
Copper Component Type-3131,150.5,lbs,45.99,20.0,Fitted bulk element batch number 3131 for stress verification
Copper Component Type-3132,150.5,linear ft,45.99,20.0,Fitted bulk element batch number 3132 for stress verification
Copper Component Type-3133,150.5,sq ft,45.99,20.0,Fitted bulk element batch number 3133 for stress verification
Copper Component Type-3134,150.5,rolls,45.99,20.0,Fitted bulk element batch number 3134 for stress verification
Copper Component Type-3135,150.5,sheets,45.99,20.0,Fitted bulk element batch number 3135 for stress verification
Copper Component Type-3136,150.5,pieces,45.99,20.0,Fitted bulk element batch number 3136 for stress verification
Copper Component Type-3137,150.5,lbs,45.99,20.0,Fitted bulk element batch number 3137 for stress verification
Copper Component Type-3138,150.5,linear ft,45.99,20.0,Fitted bulk element batch number 3138 for stress verification
Copper Component Type-3139,150.5,sq ft,45.99,20.0,Fitted bulk element batch number 3139 for stress verification
Copper Component Type-3140,150.5,rolls,45.99,20.0,Fitted bulk element batch number 3140 for stress verification
Copper Component Type-3141,150.5,sheets,45.99,20.0,Fitted bulk element batch number 3141 for stress verification
Copper Component Type-3142,150.5,pieces,45.99,20.0,Fitted bulk element batch number 3142 for stress verification
Copper Component Type-3143,150.5,lbs,45.99,20.0,Fitted bulk element batch number 3143 for stress verification
Copper Component Type-3144,150.5,linear ft,45.99,20.0,Fitted bulk element batch number 3144 for stress verification
Copper Component Type-3145,150.5,sq ft,45.99,20.0,Fitted bulk element batch number 3145 for stress verification
Copper Component Type-3146,150.5,rolls,45.99,20.0,Fitted bulk element batch number 3146 for stress verification
Copper Component Type-3147,150.5,sheets,45.99,20.0,Fitted bulk element batch number 3147 for stress verification
Copper Component Type-3148,150.5,pieces,45.99,20.0,Fitted bulk element batch number 3148 for stress verification
Copper Component Type-3149,150.5,lbs,45.99,20.0,Fitted bulk element batch number 3149 for stress verification
Copper Component Type-3150,150.5,linear ft,45.99,20.0,Fitted bulk element batch number 3150 for stress verification
Copper Component Type-3151,150.5,sq ft,45.99,20.0,Fitted bulk element batch number 3151 for stress verification
Copper Component Type-3152,150.5,rolls,45.99,20.0,Fitted bulk element batch number 3152 for stress verification
Copper Component Type-3153,150.5,sheets,45.99,20.0,Fitted bulk element batch number 3153 for stress verification
Copper Component Type-3154,150.5,pieces,45.99,20.0,Fitted bulk element batch number 3154 for stress verification
Copper Component Type-3155,150.5,lbs,45.99,20.0,Fitted bulk element batch number 3155 for stress verification
Copper Component Type-3156,150.5,linear ft,45.99,20.0,Fitted bulk element batch number 3156 for stress verification
Copper Component Type-3157,150.5,sq ft,45.99,20.0,Fitted bulk element batch number 3157 for stress verification
Copper Component Type-3158,150.5,rolls,45.99,20.0,Fitted bulk element batch number 3158 for stress verification
Copper Component Type-3159,150.5,sheets,45.99,20.0,Fitted bulk element batch number 3159 for stress verification
Copper Component Type-3160,150.5,pieces,45.99,20.0,Fitted bulk element batch number 3160 for stress verification
Copper Component Type-3161,150.5,lbs,45.99,20.0,Fitted bulk element batch number 3161 for stress verification
Copper Component Type-3162,150.5,linear ft,45.99,20.0,Fitted bulk element batch number 3162 for stress verification
Copper Component Type-3163,150.5,sq ft,45.99,20.0,Fitted bulk element batch number 3163 for stress verification
Copper Component Type-3164,150.5,rolls,45.99,20.0,Fitted bulk element batch number 3164 for stress verification
Copper Component Type-3165,150.5,sheets,45.99,20.0,Fitted bulk element batch number 3165 for stress verification
Copper Component Type-3166,150.5,pieces,45.99,20.0,Fitted bulk element batch number 3166 for stress verification
Copper Component Type-3167,150.5,lbs,45.99,20.0,Fitted bulk element batch number 3167 for stress verification
Copper Component Type-3168,150.5,linear ft,45.99,20.0,Fitted bulk element batch number 3168 for stress verification
Copper Component Type-3169,150.5,sq ft,45.99,20.0,Fitted bulk element batch number 3169 for stress verification
Copper Component Type-3170,150.5,rolls,45.99,20.0,Fitted bulk element batch number 3170 for stress verification
Copper Component Type-3171,150.5,sheets,45.99,20.0,Fitted bulk element batch number 3171 for stress verification
Copper Component Type-3172,150.5,pieces,45.99,20.0,Fitted bulk element batch number 3172 for stress verification
Copper Component Type-3173,150.5,lbs,45.99,20.0,Fitted bulk element batch number 3173 for stress verification
Copper Component Type-3174,150.5,linear ft,45.99,20.0,Fitted bulk element batch number 3174 for stress verification
Copper Component Type-3175,150.5,sq ft,45.99,20.0,Fitted bulk element batch number 3175 for stress verification
Copper Component Type-3176,150.5,rolls,45.99,20.0,Fitted bulk element batch number 3176 for stress verification
Copper Component Type-3177,150.5,sheets,45.99,20.0,Fitted bulk element batch number 3177 for stress verification
Copper Component Type-3178,150.5,pieces,45.99,20.0,Fitted bulk element batch number 3178 for stress verification
Copper Component Type-3179,150.5,lbs,45.99,20.0,Fitted bulk element batch number 3179 for stress verification
Copper Component Type-3180,150.5,linear ft,45.99,20.0,Fitted bulk element batch number 3180 for stress verification
Copper Component Type-3181,150.5,sq ft,45.99,20.0,Fitted bulk element batch number 3181 for stress verification
Copper Component Type-3182,150.5,rolls,45.99,20.0,Fitted bulk element batch number 3182 for stress verification
Copper Component Type-3183,150.5,sheets,45.99,20.0,Fitted bulk element batch number 3183 for stress verification
Copper Component Type-3184,150.5,pieces,45.99,20.0,Fitted bulk element batch number 3184 for stress verification
Copper Component Type-3185,150.5,lbs,45.99,20.0,Fitted bulk element batch number 3185 for stress verification
Copper Component Type-3186,150.5,linear ft,45.99,20.0,Fitted bulk element batch number 3186 for stress verification
Copper Component Type-3187,150.5,sq ft,45.99,20.0,Fitted bulk element batch number 3187 for stress verification
Copper Component Type-3188,150.5,rolls,45.99,20.0,Fitted bulk element batch number 3188 for stress verification
Copper Component Type-3189,150.5,sheets,45.99,20.0,Fitted bulk element batch number 3189 for stress verification
Copper Component Type-3190,150.5,pieces,45.99,20.0,Fitted bulk element batch number 3190 for stress verification
Copper Component Type-3191,150.5,lbs,45.99,20.0,Fitted bulk element batch number 3191 for stress verification
Copper Component Type-3192,150.5,linear ft,45.99,20.0,Fitted bulk element batch number 3192 for stress verification
Copper Component Type-3193,150.5,sq ft,45.99,20.0,Fitted bulk element batch number 3193 for stress verification
Copper Component Type-3194,150.5,rolls,45.99,20.0,Fitted bulk element batch number 3194 for stress verification
Copper Component Type-3195,150.5,sheets,45.99,20.0,Fitted bulk element batch number 3195 for stress verification
Copper Component Type-3196,150.5,pieces,45.99,20.0,Fitted bulk element batch number 3196 for stress verification
Copper Component Type-3197,150.5,lbs,45.99,20.0,Fitted bulk element batch number 3197 for stress verification
Copper Component Type-3198,150.5,linear ft,45.99,20.0,Fitted bulk element batch number 3198 for stress verification
Copper Component Type-3199,150.5,sq ft,45.99,20.0,Fitted bulk element batch number 3199 for stress verification
Copper Component Type-3200,150.5,rolls,45.99,20.0,Fitted bulk element batch number 3200 for stress verification
Copper Component Type-3201,150.5,sheets,45.99,20.0,Fitted bulk element batch number 3201 for stress verification
Copper Component Type-3202,150.5,pieces,45.99,20.0,Fitted bulk element batch number 3202 for stress verification
Copper Component Type-3203,150.5,lbs,45.99,20.0,Fitted bulk element batch number 3203 for stress verification
Copper Component Type-3204,150.5,linear ft,45.99,20.0,Fitted bulk element batch number 3204 for stress verification
Copper Component Type-3205,150.5,sq ft,45.99,20.0,Fitted bulk element batch number 3205 for stress verification
Copper Component Type-3206,150.5,rolls,45.99,20.0,Fitted bulk element batch number 3206 for stress verification
Copper Component Type-3207,150.5,sheets,45.99,20.0,Fitted bulk element batch number 3207 for stress verification
Copper Component Type-3208,150.5,pieces,45.99,20.0,Fitted bulk element batch number 3208 for stress verification
Copper Component Type-3209,150.5,lbs,45.99,20.0,Fitted bulk element batch number 3209 for stress verification
Copper Component Type-3210,150.5,linear ft,45.99,20.0,Fitted bulk element batch number 3210 for stress verification
Copper Component Type-3211,150.5,sq ft,45.99,20.0,Fitted bulk element batch number 3211 for stress verification
Copper Component Type-3212,150.5,rolls,45.99,20.0,Fitted bulk element batch number 3212 for stress verification
Copper Component Type-3213,150.5,sheets,45.99,20.0,Fitted bulk element batch number 3213 for stress verification
Copper Component Type-3214,150.5,pieces,45.99,20.0,Fitted bulk element batch number 3214 for stress verification
Copper Component Type-3215,150.5,lbs,45.99,20.0,Fitted bulk element batch number 3215 for stress verification
Copper Component Type-3216,150.5,linear ft,45.99,20.0,Fitted bulk element batch number 3216 for stress verification
Copper Component Type-3217,150.5,sq ft,45.99,20.0,Fitted bulk element batch number 3217 for stress verification
Copper Component Type-3218,150.5,rolls,45.99,20.0,Fitted bulk element batch number 3218 for stress verification
Copper Component Type-3219,150.5,sheets,45.99,20.0,Fitted bulk element batch number 3219 for stress verification
Copper Component Type-3220,150.5,pieces,45.99,20.0,Fitted bulk element batch number 3220 for stress verification
Copper Component Type-3221,150.5,lbs,45.99,20.0,Fitted bulk element batch number 3221 for stress verification
Copper Component Type-3222,150.5,linear ft,45.99,20.0,Fitted bulk element batch number 3222 for stress verification
Copper Component Type-3223,150.5,sq ft,45.99,20.0,Fitted bulk element batch number 3223 for stress verification
Copper Component Type-3224,150.5,rolls,45.99,20.0,Fitted bulk element batch number 3224 for stress verification
Copper Component Type-3225,150.5,sheets,45.99,20.0,Fitted bulk element batch number 3225 for stress verification
Copper Component Type-3226,150.5,pieces,45.99,20.0,Fitted bulk element batch number 3226 for stress verification
Copper Component Type-3227,150.5,lbs,45.99,20.0,Fitted bulk element batch number 3227 for stress verification
Copper Component Type-3228,150.5,linear ft,45.99,20.0,Fitted bulk element batch number 3228 for stress verification
Copper Component Type-3229,150.5,sq ft,45.99,20.0,Fitted bulk element batch number 3229 for stress verification
Copper Component Type-3230,150.5,rolls,45.99,20.0,Fitted bulk element batch number 3230 for stress verification
Copper Component Type-3231,150.5,sheets,45.99,20.0,Fitted bulk element batch number 3231 for stress verification
Copper Component Type-3232,150.5,pieces,45.99,20.0,Fitted bulk element batch number 3232 for stress verification
Copper Component Type-3233,150.5,lbs,45.99,20.0,Fitted bulk element batch number 3233 for stress verification
Copper Component Type-3234,150.5,linear ft,45.99,20.0,Fitted bulk element batch number 3234 for stress verification
Copper Component Type-3235,150.5,sq ft,45.99,20.0,Fitted bulk element batch number 3235 for stress verification
Copper Component Type-3236,150.5,rolls,45.99,20.0,Fitted bulk element batch number 3236 for stress verification
Copper Component Type-3237,150.5,sheets,45.99,20.0,Fitted bulk element batch number 3237 for stress verification
Copper Component Type-3238,150.5,pieces,45.99,20.0,Fitted bulk element batch number 3238 for stress verification
Copper Component Type-3239,150.5,lbs,45.99,20.0,Fitted bulk element batch number 3239 for stress verification
Copper Component Type-3240,150.5,linear ft,45.99,20.0,Fitted bulk element batch number 3240 for stress verification
Copper Component Type-3241,150.5,sq ft,45.99,20.0,Fitted bulk element batch number 3241 for stress verification
Copper Component Type-3242,150.5,rolls,45.99,20.0,Fitted bulk element batch number 3242 for stress verification
Copper Component Type-3243,150.5,sheets,45.99,20.0,Fitted bulk element batch number 3243 for stress verification
Copper Component Type-3244,150.5,pieces,45.99,20.0,Fitted bulk element batch number 3244 for stress verification
Copper Component Type-3245,150.5,lbs,45.99,20.0,Fitted bulk element batch number 3245 for stress verification
Copper Component Type-3246,150.5,linear ft,45.99,20.0,Fitted bulk element batch number 3246 for stress verification
Copper Component Type-3247,150.5,sq ft,45.99,20.0,Fitted bulk element batch number 3247 for stress verification
Copper Component Type-3248,150.5,rolls,45.99,20.0,Fitted bulk element batch number 3248 for stress verification
Copper Component Type-3249,150.5,sheets,45.99,20.0,Fitted bulk element batch number 3249 for stress verification
Copper Component Type-3250,150.5,pieces,45.99,20.0,Fitted bulk element batch number 3250 for stress verification
Copper Component Type-3251,150.5,lbs,45.99,20.0,Fitted bulk element batch number 3251 for stress verification
Copper Component Type-3252,150.5,linear ft,45.99,20.0,Fitted bulk element batch number 3252 for stress verification
Copper Component Type-3253,150.5,sq ft,45.99,20.0,Fitted bulk element batch number 3253 for stress verification
Copper Component Type-3254,150.5,rolls,45.99,20.0,Fitted bulk element batch number 3254 for stress verification
Copper Component Type-3255,150.5,sheets,45.99,20.0,Fitted bulk element batch number 3255 for stress verification
Copper Component Type-3256,150.5,pieces,45.99,20.0,Fitted bulk element batch number 3256 for stress verification
Copper Component Type-3257,150.5,lbs,45.99,20.0,Fitted bulk element batch number 3257 for stress verification
Copper Component Type-3258,150.5,linear ft,45.99,20.0,Fitted bulk element batch number 3258 for stress verification
Copper Component Type-3259,150.5,sq ft,45.99,20.0,Fitted bulk element batch number 3259 for stress verification
Copper Component Type-3260,150.5,rolls,45.99,20.0,Fitted bulk element batch number 3260 for stress verification
Copper Component Type-3261,150.5,sheets,45.99,20.0,Fitted bulk element batch number 3261 for stress verification
Copper Component Type-3262,150.5,pieces,45.99,20.0,Fitted bulk element batch number 3262 for stress verification
Copper Component Type-3263,150.5,lbs,45.99,20.0,Fitted bulk element batch number 3263 for stress verification
Copper Component Type-3264,150.5,linear ft,45.99,20.0,Fitted bulk element batch number 3264 for stress verification
Copper Component Type-3265,150.5,sq ft,45.99,20.0,Fitted bulk element batch number 3265 for stress verification
Copper Component Type-3266,150.5,rolls,45.99,20.0,Fitted bulk element batch number 3266 for stress verification
Copper Component Type-3267,150.5,sheets,45.99,20.0,Fitted bulk element batch number 3267 for stress verification
Copper Component Type-3268,150.5,pieces,45.99,20.0,Fitted bulk element batch number 3268 for stress verification
Copper Component Type-3269,150.5,lbs,45.99,20.0,Fitted bulk element batch number 3269 for stress verification
Copper Component Type-3270,150.5,linear ft,45.99,20.0,Fitted bulk element batch number 3270 for stress verification
Copper Component Type-3271,150.5,sq ft,45.99,20.0,Fitted bulk element batch number 3271 for stress verification
Copper Component Type-3272,150.5,rolls,45.99,20.0,Fitted bulk element batch number 3272 for stress verification
Copper Component Type-3273,150.5,sheets,45.99,20.0,Fitted bulk element batch number 3273 for stress verification
Copper Component Type-3274,150.5,pieces,45.99,20.0,Fitted bulk element batch number 3274 for stress verification
Copper Component Type-3275,150.5,lbs,45.99,20.0,Fitted bulk element batch number 3275 for stress verification
Copper Component Type-3276,150.5,linear ft,45.99,20.0,Fitted bulk element batch number 3276 for stress verification
Copper Component Type-3277,150.5,sq ft,45.99,20.0,Fitted bulk element batch number 3277 for stress verification
Copper Component Type-3278,150.5,rolls,45.99,20.0,Fitted bulk element batch number 3278 for stress verification
Copper Component Type-3279,150.5,sheets,45.99,20.0,Fitted bulk element batch number 3279 for stress verification
Copper Component Type-3280,150.5,pieces,45.99,20.0,Fitted bulk element batch number 3280 for stress verification
Copper Component Type-3281,150.5,lbs,45.99,20.0,Fitted bulk element batch number 3281 for stress verification
Copper Component Type-3282,150.5,linear ft,45.99,20.0,Fitted bulk element batch number 3282 for stress verification
Copper Component Type-3283,150.5,sq ft,45.99,20.0,Fitted bulk element batch number 3283 for stress verification
Copper Component Type-3284,150.5,rolls,45.99,20.0,Fitted bulk element batch number 3284 for stress verification
Copper Component Type-3285,150.5,sheets,45.99,20.0,Fitted bulk element batch number 3285 for stress verification
Copper Component Type-3286,150.5,pieces,45.99,20.0,Fitted bulk element batch number 3286 for stress verification
Copper Component Type-3287,150.5,lbs,45.99,20.0,Fitted bulk element batch number 3287 for stress verification
Copper Component Type-3288,150.5,linear ft,45.99,20.0,Fitted bulk element batch number 3288 for stress verification
Copper Component Type-3289,150.5,sq ft,45.99,20.0,Fitted bulk element batch number 3289 for stress verification
Copper Component Type-3290,150.5,rolls,45.99,20.0,Fitted bulk element batch number 3290 for stress verification
Copper Component Type-3291,150.5,sheets,45.99,20.0,Fitted bulk element batch number 3291 for stress verification
Copper Component Type-3292,150.5,pieces,45.99,20.0,Fitted bulk element batch number 3292 for stress verification
Copper Component Type-3293,150.5,lbs,45.99,20.0,Fitted bulk element batch number 3293 for stress verification
Copper Component Type-3294,150.5,linear ft,45.99,20.0,Fitted bulk element batch number 3294 for stress verification
Copper Component Type-3295,150.5,sq ft,45.99,20.0,Fitted bulk element batch number 3295 for stress verification
Copper Component Type-3296,150.5,rolls,45.99,20.0,Fitted bulk element batch number 3296 for stress verification
Copper Component Type-3297,150.5,sheets,45.99,20.0,Fitted bulk element batch number 3297 for stress verification
Copper Component Type-3298,150.5,pieces,45.99,20.0,Fitted bulk element batch number 3298 for stress verification
Copper Component Type-3299,150.5,lbs,45.99,20.0,Fitted bulk element batch number 3299 for stress verification
Copper Component Type-3300,150.5,linear ft,45.99,20.0,Fitted bulk element batch number 3300 for stress verification
Copper Component Type-3301,150.5,sq ft,45.99,20.0,Fitted bulk element batch number 3301 for stress verification
Copper Component Type-3302,150.5,rolls,45.99,20.0,Fitted bulk element batch number 3302 for stress verification
Copper Component Type-3303,150.5,sheets,45.99,20.0,Fitted bulk element batch number 3303 for stress verification
Copper Component Type-3304,150.5,pieces,45.99,20.0,Fitted bulk element batch number 3304 for stress verification
Copper Component Type-3305,150.5,lbs,45.99,20.0,Fitted bulk element batch number 3305 for stress verification
Copper Component Type-3306,150.5,linear ft,45.99,20.0,Fitted bulk element batch number 3306 for stress verification
Copper Component Type-3307,150.5,sq ft,45.99,20.0,Fitted bulk element batch number 3307 for stress verification
Copper Component Type-3308,150.5,rolls,45.99,20.0,Fitted bulk element batch number 3308 for stress verification
Copper Component Type-3309,150.5,sheets,45.99,20.0,Fitted bulk element batch number 3309 for stress verification
Copper Component Type-3310,150.5,pieces,45.99,20.0,Fitted bulk element batch number 3310 for stress verification
Copper Component Type-3311,150.5,lbs,45.99,20.0,Fitted bulk element batch number 3311 for stress verification
Copper Component Type-3312,150.5,linear ft,45.99,20.0,Fitted bulk element batch number 3312 for stress verification
Copper Component Type-3313,150.5,sq ft,45.99,20.0,Fitted bulk element batch number 3313 for stress verification
Copper Component Type-3314,150.5,rolls,45.99,20.0,Fitted bulk element batch number 3314 for stress verification
Copper Component Type-3315,150.5,sheets,45.99,20.0,Fitted bulk element batch number 3315 for stress verification
Copper Component Type-3316,150.5,pieces,45.99,20.0,Fitted bulk element batch number 3316 for stress verification
Copper Component Type-3317,150.5,lbs,45.99,20.0,Fitted bulk element batch number 3317 for stress verification
Copper Component Type-3318,150.5,linear ft,45.99,20.0,Fitted bulk element batch number 3318 for stress verification
Copper Component Type-3319,150.5,sq ft,45.99,20.0,Fitted bulk element batch number 3319 for stress verification
Copper Component Type-3320,150.5,rolls,45.99,20.0,Fitted bulk element batch number 3320 for stress verification
Copper Component Type-3321,150.5,sheets,45.99,20.0,Fitted bulk element batch number 3321 for stress verification
Copper Component Type-3322,150.5,pieces,45.99,20.0,Fitted bulk element batch number 3322 for stress verification
Copper Component Type-3323,150.5,lbs,45.99,20.0,Fitted bulk element batch number 3323 for stress verification
Copper Component Type-3324,150.5,linear ft,45.99,20.0,Fitted bulk element batch number 3324 for stress verification
Copper Component Type-3325,150.5,sq ft,45.99,20.0,Fitted bulk element batch number 3325 for stress verification
Copper Component Type-3326,150.5,rolls,45.99,20.0,Fitted bulk element batch number 3326 for stress verification
Copper Component Type-3327,150.5,sheets,45.99,20.0,Fitted bulk element batch number 3327 for stress verification
Copper Component Type-3328,150.5,pieces,45.99,20.0,Fitted bulk element batch number 3328 for stress verification
Copper Component Type-3329,150.5,lbs,45.99,20.0,Fitted bulk element batch number 3329 for stress verification
Copper Component Type-3330,150.5,linear ft,45.99,20.0,Fitted bulk element batch number 3330 for stress verification
Copper Component Type-3331,150.5,sq ft,45.99,20.0,Fitted bulk element batch number 3331 for stress verification
Copper Component Type-3332,150.5,rolls,45.99,20.0,Fitted bulk element batch number 3332 for stress verification
Copper Component Type-3333,150.5,sheets,45.99,20.0,Fitted bulk element batch number 3333 for stress verification
Copper Component Type-3334,150.5,pieces,45.99,20.0,Fitted bulk element batch number 3334 for stress verification
Copper Component Type-3335,150.5,lbs,45.99,20.0,Fitted bulk element batch number 3335 for stress verification
Copper Component Type-3336,150.5,linear ft,45.99,20.0,Fitted bulk element batch number 3336 for stress verification
Copper Component Type-3337,150.5,sq ft,45.99,20.0,Fitted bulk element batch number 3337 for stress verification
Copper Component Type-3338,150.5,rolls,45.99,20.0,Fitted bulk element batch number 3338 for stress verification
Copper Component Type-3339,150.5,sheets,45.99,20.0,Fitted bulk element batch number 3339 for stress verification
Copper Component Type-3340,150.5,pieces,45.99,20.0,Fitted bulk element batch number 3340 for stress verification
Copper Component Type-3341,150.5,lbs,45.99,20.0,Fitted bulk element batch number 3341 for stress verification
Copper Component Type-3342,150.5,linear ft,45.99,20.0,Fitted bulk element batch number 3342 for stress verification
Copper Component Type-3343,150.5,sq ft,45.99,20.0,Fitted bulk element batch number 3343 for stress verification
Copper Component Type-3344,150.5,rolls,45.99,20.0,Fitted bulk element batch number 3344 for stress verification
Copper Component Type-3345,150.5,sheets,45.99,20.0,Fitted bulk element batch number 3345 for stress verification
Copper Component Type-3346,150.5,pieces,45.99,20.0,Fitted bulk element batch number 3346 for stress verification
Copper Component Type-3347,150.5,lbs,45.99,20.0,Fitted bulk element batch number 3347 for stress verification
Copper Component Type-3348,150.5,linear ft,45.99,20.0,Fitted bulk element batch number 3348 for stress verification
Copper Component Type-3349,150.5,sq ft,45.99,20.0,Fitted bulk element batch number 3349 for stress verification
Copper Component Type-3350,150.5,rolls,45.99,20.0,Fitted bulk element batch number 3350 for stress verification
Copper Component Type-3351,150.5,sheets,45.99,20.0,Fitted bulk element batch number 3351 for stress verification
Copper Component Type-3352,150.5,pieces,45.99,20.0,Fitted bulk element batch number 3352 for stress verification
Copper Component Type-3353,150.5,lbs,45.99,20.0,Fitted bulk element batch number 3353 for stress verification
Copper Component Type-3354,150.5,linear ft,45.99,20.0,Fitted bulk element batch number 3354 for stress verification
Copper Component Type-3355,150.5,sq ft,45.99,20.0,Fitted bulk element batch number 3355 for stress verification
Copper Component Type-3356,150.5,rolls,45.99,20.0,Fitted bulk element batch number 3356 for stress verification
Copper Component Type-3357,150.5,sheets,45.99,20.0,Fitted bulk element batch number 3357 for stress verification
Copper Component Type-3358,150.5,pieces,45.99,20.0,Fitted bulk element batch number 3358 for stress verification
Copper Component Type-3359,150.5,lbs,45.99,20.0,Fitted bulk element batch number 3359 for stress verification
Copper Component Type-3360,150.5,linear ft,45.99,20.0,Fitted bulk element batch number 3360 for stress verification
Copper Component Type-3361,150.5,sq ft,45.99,20.0,Fitted bulk element batch number 3361 for stress verification
Copper Component Type-3362,150.5,rolls,45.99,20.0,Fitted bulk element batch number 3362 for stress verification
Copper Component Type-3363,150.5,sheets,45.99,20.0,Fitted bulk element batch number 3363 for stress verification
Copper Component Type-3364,150.5,pieces,45.99,20.0,Fitted bulk element batch number 3364 for stress verification
Copper Component Type-3365,150.5,lbs,45.99,20.0,Fitted bulk element batch number 3365 for stress verification
Copper Component Type-3366,150.5,linear ft,45.99,20.0,Fitted bulk element batch number 3366 for stress verification
Copper Component Type-3367,150.5,sq ft,45.99,20.0,Fitted bulk element batch number 3367 for stress verification
Copper Component Type-3368,150.5,rolls,45.99,20.0,Fitted bulk element batch number 3368 for stress verification
Copper Component Type-3369,150.5,sheets,45.99,20.0,Fitted bulk element batch number 3369 for stress verification
Copper Component Type-3370,150.5,pieces,45.99,20.0,Fitted bulk element batch number 3370 for stress verification
Copper Component Type-3371,150.5,lbs,45.99,20.0,Fitted bulk element batch number 3371 for stress verification
Copper Component Type-3372,150.5,linear ft,45.99,20.0,Fitted bulk element batch number 3372 for stress verification
Copper Component Type-3373,150.5,sq ft,45.99,20.0,Fitted bulk element batch number 3373 for stress verification
Copper Component Type-3374,150.5,rolls,45.99,20.0,Fitted bulk element batch number 3374 for stress verification
Copper Component Type-3375,150.5,sheets,45.99,20.0,Fitted bulk element batch number 3375 for stress verification
Copper Component Type-3376,150.5,pieces,45.99,20.0,Fitted bulk element batch number 3376 for stress verification
Copper Component Type-3377,150.5,lbs,45.99,20.0,Fitted bulk element batch number 3377 for stress verification
Copper Component Type-3378,150.5,linear ft,45.99,20.0,Fitted bulk element batch number 3378 for stress verification
Copper Component Type-3379,150.5,sq ft,45.99,20.0,Fitted bulk element batch number 3379 for stress verification
Copper Component Type-3380,150.5,rolls,45.99,20.0,Fitted bulk element batch number 3380 for stress verification
Copper Component Type-3381,150.5,sheets,45.99,20.0,Fitted bulk element batch number 3381 for stress verification
Copper Component Type-3382,150.5,pieces,45.99,20.0,Fitted bulk element batch number 3382 for stress verification
Copper Component Type-3383,150.5,lbs,45.99,20.0,Fitted bulk element batch number 3383 for stress verification
Copper Component Type-3384,150.5,linear ft,45.99,20.0,Fitted bulk element batch number 3384 for stress verification
Copper Component Type-3385,150.5,sq ft,45.99,20.0,Fitted bulk element batch number 3385 for stress verification
Copper Component Type-3386,150.5,rolls,45.99,20.0,Fitted bulk element batch number 3386 for stress verification
Copper Component Type-3387,150.5,sheets,45.99,20.0,Fitted bulk element batch number 3387 for stress verification
Copper Component Type-3388,150.5,pieces,45.99,20.0,Fitted bulk element batch number 3388 for stress verification
Copper Component Type-3389,150.5,lbs,45.99,20.0,Fitted bulk element batch number 3389 for stress verification
Copper Component Type-3390,150.5,linear ft,45.99,20.0,Fitted bulk element batch number 3390 for stress verification
Copper Component Type-3391,150.5,sq ft,45.99,20.0,Fitted bulk element batch number 3391 for stress verification
Copper Component Type-3392,150.5,rolls,45.99,20.0,Fitted bulk element batch number 3392 for stress verification
Copper Component Type-3393,150.5,sheets,45.99,20.0,Fitted bulk element batch number 3393 for stress verification
Copper Component Type-3394,150.5,pieces,45.99,20.0,Fitted bulk element batch number 3394 for stress verification
Copper Component Type-3395,150.5,lbs,45.99,20.0,Fitted bulk element batch number 3395 for stress verification
Copper Component Type-3396,150.5,linear ft,45.99,20.0,Fitted bulk element batch number 3396 for stress verification
Copper Component Type-3397,150.5,sq ft,45.99,20.0,Fitted bulk element batch number 3397 for stress verification
Copper Component Type-3398,150.5,rolls,45.99,20.0,Fitted bulk element batch number 3398 for stress verification
Copper Component Type-3399,150.5,sheets,45.99,20.0,Fitted bulk element batch number 3399 for stress verification
Copper Component Type-3400,150.5,pieces,45.99,20.0,Fitted bulk element batch number 3400 for stress verification
Copper Component Type-3401,150.5,lbs,45.99,20.0,Fitted bulk element batch number 3401 for stress verification
Copper Component Type-3402,150.5,linear ft,45.99,20.0,Fitted bulk element batch number 3402 for stress verification
Copper Component Type-3403,150.5,sq ft,45.99,20.0,Fitted bulk element batch number 3403 for stress verification
Copper Component Type-3404,150.5,rolls,45.99,20.0,Fitted bulk element batch number 3404 for stress verification
Copper Component Type-3405,150.5,sheets,45.99,20.0,Fitted bulk element batch number 3405 for stress verification
Copper Component Type-3406,150.5,pieces,45.99,20.0,Fitted bulk element batch number 3406 for stress verification
Copper Component Type-3407,150.5,lbs,45.99,20.0,Fitted bulk element batch number 3407 for stress verification
Copper Component Type-3408,150.5,linear ft,45.99,20.0,Fitted bulk element batch number 3408 for stress verification
Copper Component Type-3409,150.5,sq ft,45.99,20.0,Fitted bulk element batch number 3409 for stress verification
Copper Component Type-3410,150.5,rolls,45.99,20.0,Fitted bulk element batch number 3410 for stress verification
Copper Component Type-3411,150.5,sheets,45.99,20.0,Fitted bulk element batch number 3411 for stress verification
Copper Component Type-3412,150.5,pieces,45.99,20.0,Fitted bulk element batch number 3412 for stress verification
Copper Component Type-3413,150.5,lbs,45.99,20.0,Fitted bulk element batch number 3413 for stress verification
Copper Component Type-3414,150.5,linear ft,45.99,20.0,Fitted bulk element batch number 3414 for stress verification
Copper Component Type-3415,150.5,sq ft,45.99,20.0,Fitted bulk element batch number 3415 for stress verification
Copper Component Type-3416,150.5,rolls,45.99,20.0,Fitted bulk element batch number 3416 for stress verification
Copper Component Type-3417,150.5,sheets,45.99,20.0,Fitted bulk element batch number 3417 for stress verification
Copper Component Type-3418,150.5,pieces,45.99,20.0,Fitted bulk element batch number 3418 for stress verification
Copper Component Type-3419,150.5,lbs,45.99,20.0,Fitted bulk element batch number 3419 for stress verification
Copper Component Type-3420,150.5,linear ft,45.99,20.0,Fitted bulk element batch number 3420 for stress verification
Copper Component Type-3421,150.5,sq ft,45.99,20.0,Fitted bulk element batch number 3421 for stress verification
Copper Component Type-3422,150.5,rolls,45.99,20.0,Fitted bulk element batch number 3422 for stress verification
Copper Component Type-3423,150.5,sheets,45.99,20.0,Fitted bulk element batch number 3423 for stress verification
Copper Component Type-3424,150.5,pieces,45.99,20.0,Fitted bulk element batch number 3424 for stress verification
Copper Component Type-3425,150.5,lbs,45.99,20.0,Fitted bulk element batch number 3425 for stress verification
Copper Component Type-3426,150.5,linear ft,45.99,20.0,Fitted bulk element batch number 3426 for stress verification
Copper Component Type-3427,150.5,sq ft,45.99,20.0,Fitted bulk element batch number 3427 for stress verification
Copper Component Type-3428,150.5,rolls,45.99,20.0,Fitted bulk element batch number 3428 for stress verification
Copper Component Type-3429,150.5,sheets,45.99,20.0,Fitted bulk element batch number 3429 for stress verification
Copper Component Type-3430,150.5,pieces,45.99,20.0,Fitted bulk element batch number 3430 for stress verification
Copper Component Type-3431,150.5,lbs,45.99,20.0,Fitted bulk element batch number 3431 for stress verification
Copper Component Type-3432,150.5,linear ft,45.99,20.0,Fitted bulk element batch number 3432 for stress verification
Copper Component Type-3433,150.5,sq ft,45.99,20.0,Fitted bulk element batch number 3433 for stress verification
Copper Component Type-3434,150.5,rolls,45.99,20.0,Fitted bulk element batch number 3434 for stress verification
Copper Component Type-3435,150.5,sheets,45.99,20.0,Fitted bulk element batch number 3435 for stress verification
Copper Component Type-3436,150.5,pieces,45.99,20.0,Fitted bulk element batch number 3436 for stress verification
Copper Component Type-3437,150.5,lbs,45.99,20.0,Fitted bulk element batch number 3437 for stress verification
Copper Component Type-3438,150.5,linear ft,45.99,20.0,Fitted bulk element batch number 3438 for stress verification
Copper Component Type-3439,150.5,sq ft,45.99,20.0,Fitted bulk element batch number 3439 for stress verification
Copper Component Type-3440,150.5,rolls,45.99,20.0,Fitted bulk element batch number 3440 for stress verification
Copper Component Type-3441,150.5,sheets,45.99,20.0,Fitted bulk element batch number 3441 for stress verification
Copper Component Type-3442,150.5,pieces,45.99,20.0,Fitted bulk element batch number 3442 for stress verification
Copper Component Type-3443,150.5,lbs,45.99,20.0,Fitted bulk element batch number 3443 for stress verification
Copper Component Type-3444,150.5,linear ft,45.99,20.0,Fitted bulk element batch number 3444 for stress verification
Copper Component Type-3445,150.5,sq ft,45.99,20.0,Fitted bulk element batch number 3445 for stress verification
Copper Component Type-3446,150.5,rolls,45.99,20.0,Fitted bulk element batch number 3446 for stress verification
Copper Component Type-3447,150.5,sheets,45.99,20.0,Fitted bulk element batch number 3447 for stress verification
Copper Component Type-3448,150.5,pieces,45.99,20.0,Fitted bulk element batch number 3448 for stress verification
Copper Component Type-3449,150.5,lbs,45.99,20.0,Fitted bulk element batch number 3449 for stress verification
Copper Component Type-3450,150.5,linear ft,45.99,20.0,Fitted bulk element batch number 3450 for stress verification
Copper Component Type-3451,150.5,sq ft,45.99,20.0,Fitted bulk element batch number 3451 for stress verification
Copper Component Type-3452,150.5,rolls,45.99,20.0,Fitted bulk element batch number 3452 for stress verification
Copper Component Type-3453,150.5,sheets,45.99,20.0,Fitted bulk element batch number 3453 for stress verification
Copper Component Type-3454,150.5,pieces,45.99,20.0,Fitted bulk element batch number 3454 for stress verification
Copper Component Type-3455,150.5,lbs,45.99,20.0,Fitted bulk element batch number 3455 for stress verification
Copper Component Type-3456,150.5,linear ft,45.99,20.0,Fitted bulk element batch number 3456 for stress verification
Copper Component Type-3457,150.5,sq ft,45.99,20.0,Fitted bulk element batch number 3457 for stress verification
Copper Component Type-3458,150.5,rolls,45.99,20.0,Fitted bulk element batch number 3458 for stress verification
Copper Component Type-3459,150.5,sheets,45.99,20.0,Fitted bulk element batch number 3459 for stress verification
Copper Component Type-3460,150.5,pieces,45.99,20.0,Fitted bulk element batch number 3460 for stress verification
Copper Component Type-3461,150.5,lbs,45.99,20.0,Fitted bulk element batch number 3461 for stress verification
Copper Component Type-3462,150.5,linear ft,45.99,20.0,Fitted bulk element batch number 3462 for stress verification
Copper Component Type-3463,150.5,sq ft,45.99,20.0,Fitted bulk element batch number 3463 for stress verification
Copper Component Type-3464,150.5,rolls,45.99,20.0,Fitted bulk element batch number 3464 for stress verification
Copper Component Type-3465,150.5,sheets,45.99,20.0,Fitted bulk element batch number 3465 for stress verification
Copper Component Type-3466,150.5,pieces,45.99,20.0,Fitted bulk element batch number 3466 for stress verification
Copper Component Type-3467,150.5,lbs,45.99,20.0,Fitted bulk element batch number 3467 for stress verification
Copper Component Type-3468,150.5,linear ft,45.99,20.0,Fitted bulk element batch number 3468 for stress verification
Copper Component Type-3469,150.5,sq ft,45.99,20.0,Fitted bulk element batch number 3469 for stress verification
Copper Component Type-3470,150.5,rolls,45.99,20.0,Fitted bulk element batch number 3470 for stress verification
Copper Component Type-3471,150.5,sheets,45.99,20.0,Fitted bulk element batch number 3471 for stress verification
Copper Component Type-3472,150.5,pieces,45.99,20.0,Fitted bulk element batch number 3472 for stress verification
Copper Component Type-3473,150.5,lbs,45.99,20.0,Fitted bulk element batch number 3473 for stress verification
Copper Component Type-3474,150.5,linear ft,45.99,20.0,Fitted bulk element batch number 3474 for stress verification
Copper Component Type-3475,150.5,sq ft,45.99,20.0,Fitted bulk element batch number 3475 for stress verification
Copper Component Type-3476,150.5,rolls,45.99,20.0,Fitted bulk element batch number 3476 for stress verification
Copper Component Type-3477,150.5,sheets,45.99,20.0,Fitted bulk element batch number 3477 for stress verification
Copper Component Type-3478,150.5,pieces,45.99,20.0,Fitted bulk element batch number 3478 for stress verification
Copper Component Type-3479,150.5,lbs,45.99,20.0,Fitted bulk element batch number 3479 for stress verification
Copper Component Type-3480,150.5,linear ft,45.99,20.0,Fitted bulk element batch number 3480 for stress verification
Copper Component Type-3481,150.5,sq ft,45.99,20.0,Fitted bulk element batch number 3481 for stress verification
Copper Component Type-3482,150.5,rolls,45.99,20.0,Fitted bulk element batch number 3482 for stress verification
Copper Component Type-3483,150.5,sheets,45.99,20.0,Fitted bulk element batch number 3483 for stress verification
Copper Component Type-3484,150.5,pieces,45.99,20.0,Fitted bulk element batch number 3484 for stress verification
Copper Component Type-3485,150.5,lbs,45.99,20.0,Fitted bulk element batch number 3485 for stress verification
Copper Component Type-3486,150.5,linear ft,45.99,20.0,Fitted bulk element batch number 3486 for stress verification
Copper Component Type-3487,150.5,sq ft,45.99,20.0,Fitted bulk element batch number 3487 for stress verification
Copper Component Type-3488,150.5,rolls,45.99,20.0,Fitted bulk element batch number 3488 for stress verification
Copper Component Type-3489,150.5,sheets,45.99,20.0,Fitted bulk element batch number 3489 for stress verification
Copper Component Type-3490,150.5,pieces,45.99,20.0,Fitted bulk element batch number 3490 for stress verification
Copper Component Type-3491,150.5,lbs,45.99,20.0,Fitted bulk element batch number 3491 for stress verification
Copper Component Type-3492,150.5,linear ft,45.99,20.0,Fitted bulk element batch number 3492 for stress verification
Copper Component Type-3493,150.5,sq ft,45.99,20.0,Fitted bulk element batch number 3493 for stress verification
Copper Component Type-3494,150.5,rolls,45.99,20.0,Fitted bulk element batch number 3494 for stress verification
Copper Component Type-3495,150.5,sheets,45.99,20.0,Fitted bulk element batch number 3495 for stress verification
Copper Component Type-3496,150.5,pieces,45.99,20.0,Fitted bulk element batch number 3496 for stress verification
Copper Component Type-3497,150.5,lbs,45.99,20.0,Fitted bulk element batch number 3497 for stress verification
Copper Component Type-3498,150.5,linear ft,45.99,20.0,Fitted bulk element batch number 3498 for stress verification
Copper Component Type-3499,150.5,sq ft,45.99,20.0,Fitted bulk element batch number 3499 for stress verification
Copper Component Type-3500,150.5,rolls,45.99,20.0,Fitted bulk element batch number 3500 for stress verification
Copper Component Type-3501,150.5,sheets,45.99,20.0,Fitted bulk element batch number 3501 for stress verification
Copper Component Type-3502,150.5,pieces,45.99,20.0,Fitted bulk element batch number 3502 for stress verification
Copper Component Type-3503,150.5,lbs,45.99,20.0,Fitted bulk element batch number 3503 for stress verification
Copper Component Type-3504,150.5,linear ft,45.99,20.0,Fitted bulk element batch number 3504 for stress verification
Copper Component Type-3505,150.5,sq ft,45.99,20.0,Fitted bulk element batch number 3505 for stress verification
Copper Component Type-3506,150.5,rolls,45.99,20.0,Fitted bulk element batch number 3506 for stress verification
Copper Component Type-3507,150.5,sheets,45.99,20.0,Fitted bulk element batch number 3507 for stress verification
Copper Component Type-3508,150.5,pieces,45.99,20.0,Fitted bulk element batch number 3508 for stress verification
Copper Component Type-3509,150.5,lbs,45.99,20.0,Fitted bulk element batch number 3509 for stress verification
Copper Component Type-3510,150.5,linear ft,45.99,20.0,Fitted bulk element batch number 3510 for stress verification
Copper Component Type-3511,150.5,sq ft,45.99,20.0,Fitted bulk element batch number 3511 for stress verification
Copper Component Type-3512,150.5,rolls,45.99,20.0,Fitted bulk element batch number 3512 for stress verification
Copper Component Type-3513,150.5,sheets,45.99,20.0,Fitted bulk element batch number 3513 for stress verification
Copper Component Type-3514,150.5,pieces,45.99,20.0,Fitted bulk element batch number 3514 for stress verification
Copper Component Type-3515,150.5,lbs,45.99,20.0,Fitted bulk element batch number 3515 for stress verification
Copper Component Type-3516,150.5,linear ft,45.99,20.0,Fitted bulk element batch number 3516 for stress verification
Copper Component Type-3517,150.5,sq ft,45.99,20.0,Fitted bulk element batch number 3517 for stress verification
Copper Component Type-3518,150.5,rolls,45.99,20.0,Fitted bulk element batch number 3518 for stress verification
Copper Component Type-3519,150.5,sheets,45.99,20.0,Fitted bulk element batch number 3519 for stress verification
Copper Component Type-3520,150.5,pieces,45.99,20.0,Fitted bulk element batch number 3520 for stress verification
Copper Component Type-3521,150.5,lbs,45.99,20.0,Fitted bulk element batch number 3521 for stress verification
Copper Component Type-3522,150.5,linear ft,45.99,20.0,Fitted bulk element batch number 3522 for stress verification
Copper Component Type-3523,150.5,sq ft,45.99,20.0,Fitted bulk element batch number 3523 for stress verification
Copper Component Type-3524,150.5,rolls,45.99,20.0,Fitted bulk element batch number 3524 for stress verification
Copper Component Type-3525,150.5,sheets,45.99,20.0,Fitted bulk element batch number 3525 for stress verification
Copper Component Type-3526,150.5,pieces,45.99,20.0,Fitted bulk element batch number 3526 for stress verification
Copper Component Type-3527,150.5,lbs,45.99,20.0,Fitted bulk element batch number 3527 for stress verification
Copper Component Type-3528,150.5,linear ft,45.99,20.0,Fitted bulk element batch number 3528 for stress verification
Copper Component Type-3529,150.5,sq ft,45.99,20.0,Fitted bulk element batch number 3529 for stress verification
Copper Component Type-3530,150.5,rolls,45.99,20.0,Fitted bulk element batch number 3530 for stress verification
Copper Component Type-3531,150.5,sheets,45.99,20.0,Fitted bulk element batch number 3531 for stress verification
Copper Component Type-3532,150.5,pieces,45.99,20.0,Fitted bulk element batch number 3532 for stress verification
Copper Component Type-3533,150.5,lbs,45.99,20.0,Fitted bulk element batch number 3533 for stress verification
Copper Component Type-3534,150.5,linear ft,45.99,20.0,Fitted bulk element batch number 3534 for stress verification
Copper Component Type-3535,150.5,sq ft,45.99,20.0,Fitted bulk element batch number 3535 for stress verification
Copper Component Type-3536,150.5,rolls,45.99,20.0,Fitted bulk element batch number 3536 for stress verification
Copper Component Type-3537,150.5,sheets,45.99,20.0,Fitted bulk element batch number 3537 for stress verification
Copper Component Type-3538,150.5,pieces,45.99,20.0,Fitted bulk element batch number 3538 for stress verification
Copper Component Type-3539,150.5,lbs,45.99,20.0,Fitted bulk element batch number 3539 for stress verification
Copper Component Type-3540,150.5,linear ft,45.99,20.0,Fitted bulk element batch number 3540 for stress verification
Copper Component Type-3541,150.5,sq ft,45.99,20.0,Fitted bulk element batch number 3541 for stress verification
Copper Component Type-3542,150.5,rolls,45.99,20.0,Fitted bulk element batch number 3542 for stress verification
Copper Component Type-3543,150.5,sheets,45.99,20.0,Fitted bulk element batch number 3543 for stress verification
Copper Component Type-3544,150.5,pieces,45.99,20.0,Fitted bulk element batch number 3544 for stress verification
Copper Component Type-3545,150.5,lbs,45.99,20.0,Fitted bulk element batch number 3545 for stress verification
Copper Component Type-3546,150.5,linear ft,45.99,20.0,Fitted bulk element batch number 3546 for stress verification
Copper Component Type-3547,150.5,sq ft,45.99,20.0,Fitted bulk element batch number 3547 for stress verification
Copper Component Type-3548,150.5,rolls,45.99,20.0,Fitted bulk element batch number 3548 for stress verification
Copper Component Type-3549,150.5,sheets,45.99,20.0,Fitted bulk element batch number 3549 for stress verification
Copper Component Type-3550,150.5,pieces,45.99,20.0,Fitted bulk element batch number 3550 for stress verification
Copper Component Type-3551,150.5,lbs,45.99,20.0,Fitted bulk element batch number 3551 for stress verification
Copper Component Type-3552,150.5,linear ft,45.99,20.0,Fitted bulk element batch number 3552 for stress verification
Copper Component Type-3553,150.5,sq ft,45.99,20.0,Fitted bulk element batch number 3553 for stress verification
Copper Component Type-3554,150.5,rolls,45.99,20.0,Fitted bulk element batch number 3554 for stress verification
Copper Component Type-3555,150.5,sheets,45.99,20.0,Fitted bulk element batch number 3555 for stress verification
Copper Component Type-3556,150.5,pieces,45.99,20.0,Fitted bulk element batch number 3556 for stress verification
Copper Component Type-3557,150.5,lbs,45.99,20.0,Fitted bulk element batch number 3557 for stress verification
Copper Component Type-3558,150.5,linear ft,45.99,20.0,Fitted bulk element batch number 3558 for stress verification
Copper Component Type-3559,150.5,sq ft,45.99,20.0,Fitted bulk element batch number 3559 for stress verification
Copper Component Type-3560,150.5,rolls,45.99,20.0,Fitted bulk element batch number 3560 for stress verification
Copper Component Type-3561,150.5,sheets,45.99,20.0,Fitted bulk element batch number 3561 for stress verification
Copper Component Type-3562,150.5,pieces,45.99,20.0,Fitted bulk element batch number 3562 for stress verification
Copper Component Type-3563,150.5,lbs,45.99,20.0,Fitted bulk element batch number 3563 for stress verification
Copper Component Type-3564,150.5,linear ft,45.99,20.0,Fitted bulk element batch number 3564 for stress verification
Copper Component Type-3565,150.5,sq ft,45.99,20.0,Fitted bulk element batch number 3565 for stress verification
Copper Component Type-3566,150.5,rolls,45.99,20.0,Fitted bulk element batch number 3566 for stress verification
Copper Component Type-3567,150.5,sheets,45.99,20.0,Fitted bulk element batch number 3567 for stress verification
Copper Component Type-3568,150.5,pieces,45.99,20.0,Fitted bulk element batch number 3568 for stress verification
Copper Component Type-3569,150.5,lbs,45.99,20.0,Fitted bulk element batch number 3569 for stress verification
Copper Component Type-3570,150.5,linear ft,45.99,20.0,Fitted bulk element batch number 3570 for stress verification
Copper Component Type-3571,150.5,sq ft,45.99,20.0,Fitted bulk element batch number 3571 for stress verification
Copper Component Type-3572,150.5,rolls,45.99,20.0,Fitted bulk element batch number 3572 for stress verification
Copper Component Type-3573,150.5,sheets,45.99,20.0,Fitted bulk element batch number 3573 for stress verification
Copper Component Type-3574,150.5,pieces,45.99,20.0,Fitted bulk element batch number 3574 for stress verification
Copper Component Type-3575,150.5,lbs,45.99,20.0,Fitted bulk element batch number 3575 for stress verification
Copper Component Type-3576,150.5,linear ft,45.99,20.0,Fitted bulk element batch number 3576 for stress verification
Copper Component Type-3577,150.5,sq ft,45.99,20.0,Fitted bulk element batch number 3577 for stress verification
Copper Component Type-3578,150.5,rolls,45.99,20.0,Fitted bulk element batch number 3578 for stress verification
Copper Component Type-3579,150.5,sheets,45.99,20.0,Fitted bulk element batch number 3579 for stress verification
Copper Component Type-3580,150.5,pieces,45.99,20.0,Fitted bulk element batch number 3580 for stress verification
Copper Component Type-3581,150.5,lbs,45.99,20.0,Fitted bulk element batch number 3581 for stress verification
Copper Component Type-3582,150.5,linear ft,45.99,20.0,Fitted bulk element batch number 3582 for stress verification
Copper Component Type-3583,150.5,sq ft,45.99,20.0,Fitted bulk element batch number 3583 for stress verification
Copper Component Type-3584,150.5,rolls,45.99,20.0,Fitted bulk element batch number 3584 for stress verification
Copper Component Type-3585,150.5,sheets,45.99,20.0,Fitted bulk element batch number 3585 for stress verification
Copper Component Type-3586,150.5,pieces,45.99,20.0,Fitted bulk element batch number 3586 for stress verification
Copper Component Type-3587,150.5,lbs,45.99,20.0,Fitted bulk element batch number 3587 for stress verification
Copper Component Type-3588,150.5,linear ft,45.99,20.0,Fitted bulk element batch number 3588 for stress verification
Copper Component Type-3589,150.5,sq ft,45.99,20.0,Fitted bulk element batch number 3589 for stress verification
Copper Component Type-3590,150.5,rolls,45.99,20.0,Fitted bulk element batch number 3590 for stress verification
Copper Component Type-3591,150.5,sheets,45.99,20.0,Fitted bulk element batch number 3591 for stress verification
Copper Component Type-3592,150.5,pieces,45.99,20.0,Fitted bulk element batch number 3592 for stress verification
Copper Component Type-3593,150.5,lbs,45.99,20.0,Fitted bulk element batch number 3593 for stress verification
Copper Component Type-3594,150.5,linear ft,45.99,20.0,Fitted bulk element batch number 3594 for stress verification
Copper Component Type-3595,150.5,sq ft,45.99,20.0,Fitted bulk element batch number 3595 for stress verification
Copper Component Type-3596,150.5,rolls,45.99,20.0,Fitted bulk element batch number 3596 for stress verification
Copper Component Type-3597,150.5,sheets,45.99,20.0,Fitted bulk element batch number 3597 for stress verification
Copper Component Type-3598,150.5,pieces,45.99,20.0,Fitted bulk element batch number 3598 for stress verification
Copper Component Type-3599,150.5,lbs,45.99,20.0,Fitted bulk element batch number 3599 for stress verification
Copper Component Type-3600,150.5,linear ft,45.99,20.0,Fitted bulk element batch number 3600 for stress verification
Copper Component Type-3601,150.5,sq ft,45.99,20.0,Fitted bulk element batch number 3601 for stress verification
Copper Component Type-3602,150.5,rolls,45.99,20.0,Fitted bulk element batch number 3602 for stress verification
Copper Component Type-3603,150.5,sheets,45.99,20.0,Fitted bulk element batch number 3603 for stress verification
Copper Component Type-3604,150.5,pieces,45.99,20.0,Fitted bulk element batch number 3604 for stress verification
Copper Component Type-3605,150.5,lbs,45.99,20.0,Fitted bulk element batch number 3605 for stress verification
Copper Component Type-3606,150.5,linear ft,45.99,20.0,Fitted bulk element batch number 3606 for stress verification
Copper Component Type-3607,150.5,sq ft,45.99,20.0,Fitted bulk element batch number 3607 for stress verification
Copper Component Type-3608,150.5,rolls,45.99,20.0,Fitted bulk element batch number 3608 for stress verification
Copper Component Type-3609,150.5,sheets,45.99,20.0,Fitted bulk element batch number 3609 for stress verification
Copper Component Type-3610,150.5,pieces,45.99,20.0,Fitted bulk element batch number 3610 for stress verification
Copper Component Type-3611,150.5,lbs,45.99,20.0,Fitted bulk element batch number 3611 for stress verification
Copper Component Type-3612,150.5,linear ft,45.99,20.0,Fitted bulk element batch number 3612 for stress verification
Copper Component Type-3613,150.5,sq ft,45.99,20.0,Fitted bulk element batch number 3613 for stress verification
Copper Component Type-3614,150.5,rolls,45.99,20.0,Fitted bulk element batch number 3614 for stress verification
Copper Component Type-3615,150.5,sheets,45.99,20.0,Fitted bulk element batch number 3615 for stress verification
Copper Component Type-3616,150.5,pieces,45.99,20.0,Fitted bulk element batch number 3616 for stress verification
Copper Component Type-3617,150.5,lbs,45.99,20.0,Fitted bulk element batch number 3617 for stress verification
Copper Component Type-3618,150.5,linear ft,45.99,20.0,Fitted bulk element batch number 3618 for stress verification
Copper Component Type-3619,150.5,sq ft,45.99,20.0,Fitted bulk element batch number 3619 for stress verification
Copper Component Type-3620,150.5,rolls,45.99,20.0,Fitted bulk element batch number 3620 for stress verification
Copper Component Type-3621,150.5,sheets,45.99,20.0,Fitted bulk element batch number 3621 for stress verification
Copper Component Type-3622,150.5,pieces,45.99,20.0,Fitted bulk element batch number 3622 for stress verification
Copper Component Type-3623,150.5,lbs,45.99,20.0,Fitted bulk element batch number 3623 for stress verification
Copper Component Type-3624,150.5,linear ft,45.99,20.0,Fitted bulk element batch number 3624 for stress verification
Copper Component Type-3625,150.5,sq ft,45.99,20.0,Fitted bulk element batch number 3625 for stress verification
Copper Component Type-3626,150.5,rolls,45.99,20.0,Fitted bulk element batch number 3626 for stress verification
Copper Component Type-3627,150.5,sheets,45.99,20.0,Fitted bulk element batch number 3627 for stress verification
Copper Component Type-3628,150.5,pieces,45.99,20.0,Fitted bulk element batch number 3628 for stress verification
Copper Component Type-3629,150.5,lbs,45.99,20.0,Fitted bulk element batch number 3629 for stress verification
Copper Component Type-3630,150.5,linear ft,45.99,20.0,Fitted bulk element batch number 3630 for stress verification
Copper Component Type-3631,150.5,sq ft,45.99,20.0,Fitted bulk element batch number 3631 for stress verification
Copper Component Type-3632,150.5,rolls,45.99,20.0,Fitted bulk element batch number 3632 for stress verification
Copper Component Type-3633,150.5,sheets,45.99,20.0,Fitted bulk element batch number 3633 for stress verification
Copper Component Type-3634,150.5,pieces,45.99,20.0,Fitted bulk element batch number 3634 for stress verification
Copper Component Type-3635,150.5,lbs,45.99,20.0,Fitted bulk element batch number 3635 for stress verification
Copper Component Type-3636,150.5,linear ft,45.99,20.0,Fitted bulk element batch number 3636 for stress verification
Copper Component Type-3637,150.5,sq ft,45.99,20.0,Fitted bulk element batch number 3637 for stress verification
Copper Component Type-3638,150.5,rolls,45.99,20.0,Fitted bulk element batch number 3638 for stress verification
Copper Component Type-3639,150.5,sheets,45.99,20.0,Fitted bulk element batch number 3639 for stress verification
Copper Component Type-3640,150.5,pieces,45.99,20.0,Fitted bulk element batch number 3640 for stress verification
Copper Component Type-3641,150.5,lbs,45.99,20.0,Fitted bulk element batch number 3641 for stress verification
Copper Component Type-3642,150.5,linear ft,45.99,20.0,Fitted bulk element batch number 3642 for stress verification
Copper Component Type-3643,150.5,sq ft,45.99,20.0,Fitted bulk element batch number 3643 for stress verification
Copper Component Type-3644,150.5,rolls,45.99,20.0,Fitted bulk element batch number 3644 for stress verification
Copper Component Type-3645,150.5,sheets,45.99,20.0,Fitted bulk element batch number 3645 for stress verification
Copper Component Type-3646,150.5,pieces,45.99,20.0,Fitted bulk element batch number 3646 for stress verification
Copper Component Type-3647,150.5,lbs,45.99,20.0,Fitted bulk element batch number 3647 for stress verification
Copper Component Type-3648,150.5,linear ft,45.99,20.0,Fitted bulk element batch number 3648 for stress verification
Copper Component Type-3649,150.5,sq ft,45.99,20.0,Fitted bulk element batch number 3649 for stress verification
Copper Component Type-3650,150.5,rolls,45.99,20.0,Fitted bulk element batch number 3650 for stress verification
Copper Component Type-3651,150.5,sheets,45.99,20.0,Fitted bulk element batch number 3651 for stress verification
Copper Component Type-3652,150.5,pieces,45.99,20.0,Fitted bulk element batch number 3652 for stress verification
Copper Component Type-3653,150.5,lbs,45.99,20.0,Fitted bulk element batch number 3653 for stress verification
Copper Component Type-3654,150.5,linear ft,45.99,20.0,Fitted bulk element batch number 3654 for stress verification
Copper Component Type-3655,150.5,sq ft,45.99,20.0,Fitted bulk element batch number 3655 for stress verification
Copper Component Type-3656,150.5,rolls,45.99,20.0,Fitted bulk element batch number 3656 for stress verification
Copper Component Type-3657,150.5,sheets,45.99,20.0,Fitted bulk element batch number 3657 for stress verification
Copper Component Type-3658,150.5,pieces,45.99,20.0,Fitted bulk element batch number 3658 for stress verification
Copper Component Type-3659,150.5,lbs,45.99,20.0,Fitted bulk element batch number 3659 for stress verification
Copper Component Type-3660,150.5,linear ft,45.99,20.0,Fitted bulk element batch number 3660 for stress verification
Copper Component Type-3661,150.5,sq ft,45.99,20.0,Fitted bulk element batch number 3661 for stress verification
Copper Component Type-3662,150.5,rolls,45.99,20.0,Fitted bulk element batch number 3662 for stress verification
Copper Component Type-3663,150.5,sheets,45.99,20.0,Fitted bulk element batch number 3663 for stress verification
Copper Component Type-3664,150.5,pieces,45.99,20.0,Fitted bulk element batch number 3664 for stress verification
Copper Component Type-3665,150.5,lbs,45.99,20.0,Fitted bulk element batch number 3665 for stress verification
Copper Component Type-3666,150.5,linear ft,45.99,20.0,Fitted bulk element batch number 3666 for stress verification
Copper Component Type-3667,150.5,sq ft,45.99,20.0,Fitted bulk element batch number 3667 for stress verification
Copper Component Type-3668,150.5,rolls,45.99,20.0,Fitted bulk element batch number 3668 for stress verification
Copper Component Type-3669,150.5,sheets,45.99,20.0,Fitted bulk element batch number 3669 for stress verification
Copper Component Type-3670,150.5,pieces,45.99,20.0,Fitted bulk element batch number 3670 for stress verification
Copper Component Type-3671,150.5,lbs,45.99,20.0,Fitted bulk element batch number 3671 for stress verification
Copper Component Type-3672,150.5,linear ft,45.99,20.0,Fitted bulk element batch number 3672 for stress verification
Copper Component Type-3673,150.5,sq ft,45.99,20.0,Fitted bulk element batch number 3673 for stress verification
Copper Component Type-3674,150.5,rolls,45.99,20.0,Fitted bulk element batch number 3674 for stress verification
Copper Component Type-3675,150.5,sheets,45.99,20.0,Fitted bulk element batch number 3675 for stress verification
Copper Component Type-3676,150.5,pieces,45.99,20.0,Fitted bulk element batch number 3676 for stress verification
Copper Component Type-3677,150.5,lbs,45.99,20.0,Fitted bulk element batch number 3677 for stress verification
Copper Component Type-3678,150.5,linear ft,45.99,20.0,Fitted bulk element batch number 3678 for stress verification
Copper Component Type-3679,150.5,sq ft,45.99,20.0,Fitted bulk element batch number 3679 for stress verification
Copper Component Type-3680,150.5,rolls,45.99,20.0,Fitted bulk element batch number 3680 for stress verification
Copper Component Type-3681,150.5,sheets,45.99,20.0,Fitted bulk element batch number 3681 for stress verification
Copper Component Type-3682,150.5,pieces,45.99,20.0,Fitted bulk element batch number 3682 for stress verification
Copper Component Type-3683,150.5,lbs,45.99,20.0,Fitted bulk element batch number 3683 for stress verification
Copper Component Type-3684,150.5,linear ft,45.99,20.0,Fitted bulk element batch number 3684 for stress verification
Copper Component Type-3685,150.5,sq ft,45.99,20.0,Fitted bulk element batch number 3685 for stress verification
Copper Component Type-3686,150.5,rolls,45.99,20.0,Fitted bulk element batch number 3686 for stress verification
Copper Component Type-3687,150.5,sheets,45.99,20.0,Fitted bulk element batch number 3687 for stress verification
Copper Component Type-3688,150.5,pieces,45.99,20.0,Fitted bulk element batch number 3688 for stress verification
Copper Component Type-3689,150.5,lbs,45.99,20.0,Fitted bulk element batch number 3689 for stress verification
Copper Component Type-3690,150.5,linear ft,45.99,20.0,Fitted bulk element batch number 3690 for stress verification
Copper Component Type-3691,150.5,sq ft,45.99,20.0,Fitted bulk element batch number 3691 for stress verification
Copper Component Type-3692,150.5,rolls,45.99,20.0,Fitted bulk element batch number 3692 for stress verification
Copper Component Type-3693,150.5,sheets,45.99,20.0,Fitted bulk element batch number 3693 for stress verification
Copper Component Type-3694,150.5,pieces,45.99,20.0,Fitted bulk element batch number 3694 for stress verification
Copper Component Type-3695,150.5,lbs,45.99,20.0,Fitted bulk element batch number 3695 for stress verification
Copper Component Type-3696,150.5,linear ft,45.99,20.0,Fitted bulk element batch number 3696 for stress verification
Copper Component Type-3697,150.5,sq ft,45.99,20.0,Fitted bulk element batch number 3697 for stress verification
Copper Component Type-3698,150.5,rolls,45.99,20.0,Fitted bulk element batch number 3698 for stress verification
Copper Component Type-3699,150.5,sheets,45.99,20.0,Fitted bulk element batch number 3699 for stress verification
Copper Component Type-3700,150.5,pieces,45.99,20.0,Fitted bulk element batch number 3700 for stress verification
Copper Component Type-3701,150.5,lbs,45.99,20.0,Fitted bulk element batch number 3701 for stress verification
Copper Component Type-3702,150.5,linear ft,45.99,20.0,Fitted bulk element batch number 3702 for stress verification
Copper Component Type-3703,150.5,sq ft,45.99,20.0,Fitted bulk element batch number 3703 for stress verification
Copper Component Type-3704,150.5,rolls,45.99,20.0,Fitted bulk element batch number 3704 for stress verification
Copper Component Type-3705,150.5,sheets,45.99,20.0,Fitted bulk element batch number 3705 for stress verification
Copper Component Type-3706,150.5,pieces,45.99,20.0,Fitted bulk element batch number 3706 for stress verification
Copper Component Type-3707,150.5,lbs,45.99,20.0,Fitted bulk element batch number 3707 for stress verification
Copper Component Type-3708,150.5,linear ft,45.99,20.0,Fitted bulk element batch number 3708 for stress verification
Copper Component Type-3709,150.5,sq ft,45.99,20.0,Fitted bulk element batch number 3709 for stress verification
Copper Component Type-3710,150.5,rolls,45.99,20.0,Fitted bulk element batch number 3710 for stress verification
Copper Component Type-3711,150.5,sheets,45.99,20.0,Fitted bulk element batch number 3711 for stress verification
Copper Component Type-3712,150.5,pieces,45.99,20.0,Fitted bulk element batch number 3712 for stress verification
Copper Component Type-3713,150.5,lbs,45.99,20.0,Fitted bulk element batch number 3713 for stress verification
Copper Component Type-3714,150.5,linear ft,45.99,20.0,Fitted bulk element batch number 3714 for stress verification
Copper Component Type-3715,150.5,sq ft,45.99,20.0,Fitted bulk element batch number 3715 for stress verification
Copper Component Type-3716,150.5,rolls,45.99,20.0,Fitted bulk element batch number 3716 for stress verification
Copper Component Type-3717,150.5,sheets,45.99,20.0,Fitted bulk element batch number 3717 for stress verification
Copper Component Type-3718,150.5,pieces,45.99,20.0,Fitted bulk element batch number 3718 for stress verification
Copper Component Type-3719,150.5,lbs,45.99,20.0,Fitted bulk element batch number 3719 for stress verification
Copper Component Type-3720,150.5,linear ft,45.99,20.0,Fitted bulk element batch number 3720 for stress verification
Copper Component Type-3721,150.5,sq ft,45.99,20.0,Fitted bulk element batch number 3721 for stress verification
Copper Component Type-3722,150.5,rolls,45.99,20.0,Fitted bulk element batch number 3722 for stress verification
Copper Component Type-3723,150.5,sheets,45.99,20.0,Fitted bulk element batch number 3723 for stress verification
Copper Component Type-3724,150.5,pieces,45.99,20.0,Fitted bulk element batch number 3724 for stress verification
Copper Component Type-3725,150.5,lbs,45.99,20.0,Fitted bulk element batch number 3725 for stress verification
Copper Component Type-3726,150.5,linear ft,45.99,20.0,Fitted bulk element batch number 3726 for stress verification
Copper Component Type-3727,150.5,sq ft,45.99,20.0,Fitted bulk element batch number 3727 for stress verification
Copper Component Type-3728,150.5,rolls,45.99,20.0,Fitted bulk element batch number 3728 for stress verification
Copper Component Type-3729,150.5,sheets,45.99,20.0,Fitted bulk element batch number 3729 for stress verification
Copper Component Type-3730,150.5,pieces,45.99,20.0,Fitted bulk element batch number 3730 for stress verification
Copper Component Type-3731,150.5,lbs,45.99,20.0,Fitted bulk element batch number 3731 for stress verification
Copper Component Type-3732,150.5,linear ft,45.99,20.0,Fitted bulk element batch number 3732 for stress verification
Copper Component Type-3733,150.5,sq ft,45.99,20.0,Fitted bulk element batch number 3733 for stress verification
Copper Component Type-3734,150.5,rolls,45.99,20.0,Fitted bulk element batch number 3734 for stress verification
Copper Component Type-3735,150.5,sheets,45.99,20.0,Fitted bulk element batch number 3735 for stress verification
Copper Component Type-3736,150.5,pieces,45.99,20.0,Fitted bulk element batch number 3736 for stress verification
Copper Component Type-3737,150.5,lbs,45.99,20.0,Fitted bulk element batch number 3737 for stress verification
Copper Component Type-3738,150.5,linear ft,45.99,20.0,Fitted bulk element batch number 3738 for stress verification
Copper Component Type-3739,150.5,sq ft,45.99,20.0,Fitted bulk element batch number 3739 for stress verification
Copper Component Type-3740,150.5,rolls,45.99,20.0,Fitted bulk element batch number 3740 for stress verification
Copper Component Type-3741,150.5,sheets,45.99,20.0,Fitted bulk element batch number 3741 for stress verification
Copper Component Type-3742,150.5,pieces,45.99,20.0,Fitted bulk element batch number 3742 for stress verification
Copper Component Type-3743,150.5,lbs,45.99,20.0,Fitted bulk element batch number 3743 for stress verification
Copper Component Type-3744,150.5,linear ft,45.99,20.0,Fitted bulk element batch number 3744 for stress verification
Copper Component Type-3745,150.5,sq ft,45.99,20.0,Fitted bulk element batch number 3745 for stress verification
Copper Component Type-3746,150.5,rolls,45.99,20.0,Fitted bulk element batch number 3746 for stress verification
Copper Component Type-3747,150.5,sheets,45.99,20.0,Fitted bulk element batch number 3747 for stress verification
Copper Component Type-3748,150.5,pieces,45.99,20.0,Fitted bulk element batch number 3748 for stress verification
Copper Component Type-3749,150.5,lbs,45.99,20.0,Fitted bulk element batch number 3749 for stress verification
Copper Component Type-3750,150.5,linear ft,45.99,20.0,Fitted bulk element batch number 3750 for stress verification
Copper Component Type-3751,150.5,sq ft,45.99,20.0,Fitted bulk element batch number 3751 for stress verification
Copper Component Type-3752,150.5,rolls,45.99,20.0,Fitted bulk element batch number 3752 for stress verification
Copper Component Type-3753,150.5,sheets,45.99,20.0,Fitted bulk element batch number 3753 for stress verification
Copper Component Type-3754,150.5,pieces,45.99,20.0,Fitted bulk element batch number 3754 for stress verification
Copper Component Type-3755,150.5,lbs,45.99,20.0,Fitted bulk element batch number 3755 for stress verification
Copper Component Type-3756,150.5,linear ft,45.99,20.0,Fitted bulk element batch number 3756 for stress verification
Copper Component Type-3757,150.5,sq ft,45.99,20.0,Fitted bulk element batch number 3757 for stress verification
Copper Component Type-3758,150.5,rolls,45.99,20.0,Fitted bulk element batch number 3758 for stress verification
Copper Component Type-3759,150.5,sheets,45.99,20.0,Fitted bulk element batch number 3759 for stress verification
Copper Component Type-3760,150.5,pieces,45.99,20.0,Fitted bulk element batch number 3760 for stress verification
Copper Component Type-3761,150.5,lbs,45.99,20.0,Fitted bulk element batch number 3761 for stress verification
Copper Component Type-3762,150.5,linear ft,45.99,20.0,Fitted bulk element batch number 3762 for stress verification
Copper Component Type-3763,150.5,sq ft,45.99,20.0,Fitted bulk element batch number 3763 for stress verification
Copper Component Type-3764,150.5,rolls,45.99,20.0,Fitted bulk element batch number 3764 for stress verification
Copper Component Type-3765,150.5,sheets,45.99,20.0,Fitted bulk element batch number 3765 for stress verification
Copper Component Type-3766,150.5,pieces,45.99,20.0,Fitted bulk element batch number 3766 for stress verification
Copper Component Type-3767,150.5,lbs,45.99,20.0,Fitted bulk element batch number 3767 for stress verification
Copper Component Type-3768,150.5,linear ft,45.99,20.0,Fitted bulk element batch number 3768 for stress verification
Copper Component Type-3769,150.5,sq ft,45.99,20.0,Fitted bulk element batch number 3769 for stress verification
Copper Component Type-3770,150.5,rolls,45.99,20.0,Fitted bulk element batch number 3770 for stress verification
Copper Component Type-3771,150.5,sheets,45.99,20.0,Fitted bulk element batch number 3771 for stress verification
Copper Component Type-3772,150.5,pieces,45.99,20.0,Fitted bulk element batch number 3772 for stress verification
Copper Component Type-3773,150.5,lbs,45.99,20.0,Fitted bulk element batch number 3773 for stress verification
Copper Component Type-3774,150.5,linear ft,45.99,20.0,Fitted bulk element batch number 3774 for stress verification
Copper Component Type-3775,150.5,sq ft,45.99,20.0,Fitted bulk element batch number 3775 for stress verification
Copper Component Type-3776,150.5,rolls,45.99,20.0,Fitted bulk element batch number 3776 for stress verification
Copper Component Type-3777,150.5,sheets,45.99,20.0,Fitted bulk element batch number 3777 for stress verification
Copper Component Type-3778,150.5,pieces,45.99,20.0,Fitted bulk element batch number 3778 for stress verification
Copper Component Type-3779,150.5,lbs,45.99,20.0,Fitted bulk element batch number 3779 for stress verification
Copper Component Type-3780,150.5,linear ft,45.99,20.0,Fitted bulk element batch number 3780 for stress verification
Copper Component Type-3781,150.5,sq ft,45.99,20.0,Fitted bulk element batch number 3781 for stress verification
Copper Component Type-3782,150.5,rolls,45.99,20.0,Fitted bulk element batch number 3782 for stress verification
Copper Component Type-3783,150.5,sheets,45.99,20.0,Fitted bulk element batch number 3783 for stress verification
Copper Component Type-3784,150.5,pieces,45.99,20.0,Fitted bulk element batch number 3784 for stress verification
Copper Component Type-3785,150.5,lbs,45.99,20.0,Fitted bulk element batch number 3785 for stress verification
Copper Component Type-3786,150.5,linear ft,45.99,20.0,Fitted bulk element batch number 3786 for stress verification
Copper Component Type-3787,150.5,sq ft,45.99,20.0,Fitted bulk element batch number 3787 for stress verification
Copper Component Type-3788,150.5,rolls,45.99,20.0,Fitted bulk element batch number 3788 for stress verification
Copper Component Type-3789,150.5,sheets,45.99,20.0,Fitted bulk element batch number 3789 for stress verification
Copper Component Type-3790,150.5,pieces,45.99,20.0,Fitted bulk element batch number 3790 for stress verification
Copper Component Type-3791,150.5,lbs,45.99,20.0,Fitted bulk element batch number 3791 for stress verification
Copper Component Type-3792,150.5,linear ft,45.99,20.0,Fitted bulk element batch number 3792 for stress verification
Copper Component Type-3793,150.5,sq ft,45.99,20.0,Fitted bulk element batch number 3793 for stress verification
Copper Component Type-3794,150.5,rolls,45.99,20.0,Fitted bulk element batch number 3794 for stress verification
Copper Component Type-3795,150.5,sheets,45.99,20.0,Fitted bulk element batch number 3795 for stress verification
Copper Component Type-3796,150.5,pieces,45.99,20.0,Fitted bulk element batch number 3796 for stress verification
Copper Component Type-3797,150.5,lbs,45.99,20.0,Fitted bulk element batch number 3797 for stress verification
Copper Component Type-3798,150.5,linear ft,45.99,20.0,Fitted bulk element batch number 3798 for stress verification
Copper Component Type-3799,150.5,sq ft,45.99,20.0,Fitted bulk element batch number 3799 for stress verification
Copper Component Type-3800,150.5,rolls,45.99,20.0,Fitted bulk element batch number 3800 for stress verification
Copper Component Type-3801,150.5,sheets,45.99,20.0,Fitted bulk element batch number 3801 for stress verification
Copper Component Type-3802,150.5,pieces,45.99,20.0,Fitted bulk element batch number 3802 for stress verification
Copper Component Type-3803,150.5,lbs,45.99,20.0,Fitted bulk element batch number 3803 for stress verification
Copper Component Type-3804,150.5,linear ft,45.99,20.0,Fitted bulk element batch number 3804 for stress verification
Copper Component Type-3805,150.5,sq ft,45.99,20.0,Fitted bulk element batch number 3805 for stress verification
Copper Component Type-3806,150.5,rolls,45.99,20.0,Fitted bulk element batch number 3806 for stress verification
Copper Component Type-3807,150.5,sheets,45.99,20.0,Fitted bulk element batch number 3807 for stress verification
Copper Component Type-3808,150.5,pieces,45.99,20.0,Fitted bulk element batch number 3808 for stress verification
Copper Component Type-3809,150.5,lbs,45.99,20.0,Fitted bulk element batch number 3809 for stress verification
Copper Component Type-3810,150.5,linear ft,45.99,20.0,Fitted bulk element batch number 3810 for stress verification
Copper Component Type-3811,150.5,sq ft,45.99,20.0,Fitted bulk element batch number 3811 for stress verification
Copper Component Type-3812,150.5,rolls,45.99,20.0,Fitted bulk element batch number 3812 for stress verification
Copper Component Type-3813,150.5,sheets,45.99,20.0,Fitted bulk element batch number 3813 for stress verification
Copper Component Type-3814,150.5,pieces,45.99,20.0,Fitted bulk element batch number 3814 for stress verification
Copper Component Type-3815,150.5,lbs,45.99,20.0,Fitted bulk element batch number 3815 for stress verification
Copper Component Type-3816,150.5,linear ft,45.99,20.0,Fitted bulk element batch number 3816 for stress verification
Copper Component Type-3817,150.5,sq ft,45.99,20.0,Fitted bulk element batch number 3817 for stress verification
Copper Component Type-3818,150.5,rolls,45.99,20.0,Fitted bulk element batch number 3818 for stress verification
Copper Component Type-3819,150.5,sheets,45.99,20.0,Fitted bulk element batch number 3819 for stress verification
Copper Component Type-3820,150.5,pieces,45.99,20.0,Fitted bulk element batch number 3820 for stress verification
Copper Component Type-3821,150.5,lbs,45.99,20.0,Fitted bulk element batch number 3821 for stress verification
Copper Component Type-3822,150.5,linear ft,45.99,20.0,Fitted bulk element batch number 3822 for stress verification
Copper Component Type-3823,150.5,sq ft,45.99,20.0,Fitted bulk element batch number 3823 for stress verification
Copper Component Type-3824,150.5,rolls,45.99,20.0,Fitted bulk element batch number 3824 for stress verification
Copper Component Type-3825,150.5,sheets,45.99,20.0,Fitted bulk element batch number 3825 for stress verification
Copper Component Type-3826,150.5,pieces,45.99,20.0,Fitted bulk element batch number 3826 for stress verification
Copper Component Type-3827,150.5,lbs,45.99,20.0,Fitted bulk element batch number 3827 for stress verification
Copper Component Type-3828,150.5,linear ft,45.99,20.0,Fitted bulk element batch number 3828 for stress verification
Copper Component Type-3829,150.5,sq ft,45.99,20.0,Fitted bulk element batch number 3829 for stress verification
Copper Component Type-3830,150.5,rolls,45.99,20.0,Fitted bulk element batch number 3830 for stress verification
Copper Component Type-3831,150.5,sheets,45.99,20.0,Fitted bulk element batch number 3831 for stress verification
Copper Component Type-3832,150.5,pieces,45.99,20.0,Fitted bulk element batch number 3832 for stress verification
Copper Component Type-3833,150.5,lbs,45.99,20.0,Fitted bulk element batch number 3833 for stress verification
Copper Component Type-3834,150.5,linear ft,45.99,20.0,Fitted bulk element batch number 3834 for stress verification
Copper Component Type-3835,150.5,sq ft,45.99,20.0,Fitted bulk element batch number 3835 for stress verification
Copper Component Type-3836,150.5,rolls,45.99,20.0,Fitted bulk element batch number 3836 for stress verification
Copper Component Type-3837,150.5,sheets,45.99,20.0,Fitted bulk element batch number 3837 for stress verification
Copper Component Type-3838,150.5,pieces,45.99,20.0,Fitted bulk element batch number 3838 for stress verification
Copper Component Type-3839,150.5,lbs,45.99,20.0,Fitted bulk element batch number 3839 for stress verification
Copper Component Type-3840,150.5,linear ft,45.99,20.0,Fitted bulk element batch number 3840 for stress verification
Copper Component Type-3841,150.5,sq ft,45.99,20.0,Fitted bulk element batch number 3841 for stress verification
Copper Component Type-3842,150.5,rolls,45.99,20.0,Fitted bulk element batch number 3842 for stress verification
Copper Component Type-3843,150.5,sheets,45.99,20.0,Fitted bulk element batch number 3843 for stress verification
Copper Component Type-3844,150.5,pieces,45.99,20.0,Fitted bulk element batch number 3844 for stress verification
Copper Component Type-3845,150.5,lbs,45.99,20.0,Fitted bulk element batch number 3845 for stress verification
Copper Component Type-3846,150.5,linear ft,45.99,20.0,Fitted bulk element batch number 3846 for stress verification
Copper Component Type-3847,150.5,sq ft,45.99,20.0,Fitted bulk element batch number 3847 for stress verification
Copper Component Type-3848,150.5,rolls,45.99,20.0,Fitted bulk element batch number 3848 for stress verification
Copper Component Type-3849,150.5,sheets,45.99,20.0,Fitted bulk element batch number 3849 for stress verification
Copper Component Type-3850,150.5,pieces,45.99,20.0,Fitted bulk element batch number 3850 for stress verification
Copper Component Type-3851,150.5,lbs,45.99,20.0,Fitted bulk element batch number 3851 for stress verification
Copper Component Type-3852,150.5,linear ft,45.99,20.0,Fitted bulk element batch number 3852 for stress verification
Copper Component Type-3853,150.5,sq ft,45.99,20.0,Fitted bulk element batch number 3853 for stress verification
Copper Component Type-3854,150.5,rolls,45.99,20.0,Fitted bulk element batch number 3854 for stress verification
Copper Component Type-3855,150.5,sheets,45.99,20.0,Fitted bulk element batch number 3855 for stress verification
Copper Component Type-3856,150.5,pieces,45.99,20.0,Fitted bulk element batch number 3856 for stress verification
Copper Component Type-3857,150.5,lbs,45.99,20.0,Fitted bulk element batch number 3857 for stress verification
Copper Component Type-3858,150.5,linear ft,45.99,20.0,Fitted bulk element batch number 3858 for stress verification
Copper Component Type-3859,150.5,sq ft,45.99,20.0,Fitted bulk element batch number 3859 for stress verification
Copper Component Type-3860,150.5,rolls,45.99,20.0,Fitted bulk element batch number 3860 for stress verification
Copper Component Type-3861,150.5,sheets,45.99,20.0,Fitted bulk element batch number 3861 for stress verification
Copper Component Type-3862,150.5,pieces,45.99,20.0,Fitted bulk element batch number 3862 for stress verification
Copper Component Type-3863,150.5,lbs,45.99,20.0,Fitted bulk element batch number 3863 for stress verification
Copper Component Type-3864,150.5,linear ft,45.99,20.0,Fitted bulk element batch number 3864 for stress verification
Copper Component Type-3865,150.5,sq ft,45.99,20.0,Fitted bulk element batch number 3865 for stress verification
Copper Component Type-3866,150.5,rolls,45.99,20.0,Fitted bulk element batch number 3866 for stress verification
Copper Component Type-3867,150.5,sheets,45.99,20.0,Fitted bulk element batch number 3867 for stress verification
Copper Component Type-3868,150.5,pieces,45.99,20.0,Fitted bulk element batch number 3868 for stress verification
Copper Component Type-3869,150.5,lbs,45.99,20.0,Fitted bulk element batch number 3869 for stress verification
Copper Component Type-3870,150.5,linear ft,45.99,20.0,Fitted bulk element batch number 3870 for stress verification
Copper Component Type-3871,150.5,sq ft,45.99,20.0,Fitted bulk element batch number 3871 for stress verification
Copper Component Type-3872,150.5,rolls,45.99,20.0,Fitted bulk element batch number 3872 for stress verification
Copper Component Type-3873,150.5,sheets,45.99,20.0,Fitted bulk element batch number 3873 for stress verification
Copper Component Type-3874,150.5,pieces,45.99,20.0,Fitted bulk element batch number 3874 for stress verification
Copper Component Type-3875,150.5,lbs,45.99,20.0,Fitted bulk element batch number 3875 for stress verification
Copper Component Type-3876,150.5,linear ft,45.99,20.0,Fitted bulk element batch number 3876 for stress verification
Copper Component Type-3877,150.5,sq ft,45.99,20.0,Fitted bulk element batch number 3877 for stress verification
Copper Component Type-3878,150.5,rolls,45.99,20.0,Fitted bulk element batch number 3878 for stress verification
Copper Component Type-3879,150.5,sheets,45.99,20.0,Fitted bulk element batch number 3879 for stress verification
Copper Component Type-3880,150.5,pieces,45.99,20.0,Fitted bulk element batch number 3880 for stress verification
Copper Component Type-3881,150.5,lbs,45.99,20.0,Fitted bulk element batch number 3881 for stress verification
Copper Component Type-3882,150.5,linear ft,45.99,20.0,Fitted bulk element batch number 3882 for stress verification
Copper Component Type-3883,150.5,sq ft,45.99,20.0,Fitted bulk element batch number 3883 for stress verification
Copper Component Type-3884,150.5,rolls,45.99,20.0,Fitted bulk element batch number 3884 for stress verification
Copper Component Type-3885,150.5,sheets,45.99,20.0,Fitted bulk element batch number 3885 for stress verification
Copper Component Type-3886,150.5,pieces,45.99,20.0,Fitted bulk element batch number 3886 for stress verification
Copper Component Type-3887,150.5,lbs,45.99,20.0,Fitted bulk element batch number 3887 for stress verification
Copper Component Type-3888,150.5,linear ft,45.99,20.0,Fitted bulk element batch number 3888 for stress verification
Copper Component Type-3889,150.5,sq ft,45.99,20.0,Fitted bulk element batch number 3889 for stress verification
Copper Component Type-3890,150.5,rolls,45.99,20.0,Fitted bulk element batch number 3890 for stress verification
Copper Component Type-3891,150.5,sheets,45.99,20.0,Fitted bulk element batch number 3891 for stress verification
Copper Component Type-3892,150.5,pieces,45.99,20.0,Fitted bulk element batch number 3892 for stress verification
Copper Component Type-3893,150.5,lbs,45.99,20.0,Fitted bulk element batch number 3893 for stress verification
Copper Component Type-3894,150.5,linear ft,45.99,20.0,Fitted bulk element batch number 3894 for stress verification
Copper Component Type-3895,150.5,sq ft,45.99,20.0,Fitted bulk element batch number 3895 for stress verification
Copper Component Type-3896,150.5,rolls,45.99,20.0,Fitted bulk element batch number 3896 for stress verification
Copper Component Type-3897,150.5,sheets,45.99,20.0,Fitted bulk element batch number 3897 for stress verification
Copper Component Type-3898,150.5,pieces,45.99,20.0,Fitted bulk element batch number 3898 for stress verification
Copper Component Type-3899,150.5,lbs,45.99,20.0,Fitted bulk element batch number 3899 for stress verification
Copper Component Type-3900,150.5,linear ft,45.99,20.0,Fitted bulk element batch number 3900 for stress verification
Copper Component Type-3901,150.5,sq ft,45.99,20.0,Fitted bulk element batch number 3901 for stress verification
Copper Component Type-3902,150.5,rolls,45.99,20.0,Fitted bulk element batch number 3902 for stress verification
Copper Component Type-3903,150.5,sheets,45.99,20.0,Fitted bulk element batch number 3903 for stress verification
Copper Component Type-3904,150.5,pieces,45.99,20.0,Fitted bulk element batch number 3904 for stress verification
Copper Component Type-3905,150.5,lbs,45.99,20.0,Fitted bulk element batch number 3905 for stress verification
Copper Component Type-3906,150.5,linear ft,45.99,20.0,Fitted bulk element batch number 3906 for stress verification
Copper Component Type-3907,150.5,sq ft,45.99,20.0,Fitted bulk element batch number 3907 for stress verification
Copper Component Type-3908,150.5,rolls,45.99,20.0,Fitted bulk element batch number 3908 for stress verification
Copper Component Type-3909,150.5,sheets,45.99,20.0,Fitted bulk element batch number 3909 for stress verification
Copper Component Type-3910,150.5,pieces,45.99,20.0,Fitted bulk element batch number 3910 for stress verification
Copper Component Type-3911,150.5,lbs,45.99,20.0,Fitted bulk element batch number 3911 for stress verification
Copper Component Type-3912,150.5,linear ft,45.99,20.0,Fitted bulk element batch number 3912 for stress verification
Copper Component Type-3913,150.5,sq ft,45.99,20.0,Fitted bulk element batch number 3913 for stress verification
Copper Component Type-3914,150.5,rolls,45.99,20.0,Fitted bulk element batch number 3914 for stress verification
Copper Component Type-3915,150.5,sheets,45.99,20.0,Fitted bulk element batch number 3915 for stress verification
Copper Component Type-3916,150.5,pieces,45.99,20.0,Fitted bulk element batch number 3916 for stress verification
Copper Component Type-3917,150.5,lbs,45.99,20.0,Fitted bulk element batch number 3917 for stress verification
Copper Component Type-3918,150.5,linear ft,45.99,20.0,Fitted bulk element batch number 3918 for stress verification
Copper Component Type-3919,150.5,sq ft,45.99,20.0,Fitted bulk element batch number 3919 for stress verification
Copper Component Type-3920,150.5,rolls,45.99,20.0,Fitted bulk element batch number 3920 for stress verification
Copper Component Type-3921,150.5,sheets,45.99,20.0,Fitted bulk element batch number 3921 for stress verification
Copper Component Type-3922,150.5,pieces,45.99,20.0,Fitted bulk element batch number 3922 for stress verification
Copper Component Type-3923,150.5,lbs,45.99,20.0,Fitted bulk element batch number 3923 for stress verification
Copper Component Type-3924,150.5,linear ft,45.99,20.0,Fitted bulk element batch number 3924 for stress verification
Copper Component Type-3925,150.5,sq ft,45.99,20.0,Fitted bulk element batch number 3925 for stress verification
Copper Component Type-3926,150.5,rolls,45.99,20.0,Fitted bulk element batch number 3926 for stress verification
Copper Component Type-3927,150.5,sheets,45.99,20.0,Fitted bulk element batch number 3927 for stress verification
Copper Component Type-3928,150.5,pieces,45.99,20.0,Fitted bulk element batch number 3928 for stress verification
Copper Component Type-3929,150.5,lbs,45.99,20.0,Fitted bulk element batch number 3929 for stress verification
Copper Component Type-3930,150.5,linear ft,45.99,20.0,Fitted bulk element batch number 3930 for stress verification
Copper Component Type-3931,150.5,sq ft,45.99,20.0,Fitted bulk element batch number 3931 for stress verification
Copper Component Type-3932,150.5,rolls,45.99,20.0,Fitted bulk element batch number 3932 for stress verification
Copper Component Type-3933,150.5,sheets,45.99,20.0,Fitted bulk element batch number 3933 for stress verification
Copper Component Type-3934,150.5,pieces,45.99,20.0,Fitted bulk element batch number 3934 for stress verification
Copper Component Type-3935,150.5,lbs,45.99,20.0,Fitted bulk element batch number 3935 for stress verification
Copper Component Type-3936,150.5,linear ft,45.99,20.0,Fitted bulk element batch number 3936 for stress verification
Copper Component Type-3937,150.5,sq ft,45.99,20.0,Fitted bulk element batch number 3937 for stress verification
Copper Component Type-3938,150.5,rolls,45.99,20.0,Fitted bulk element batch number 3938 for stress verification
Copper Component Type-3939,150.5,sheets,45.99,20.0,Fitted bulk element batch number 3939 for stress verification
Copper Component Type-3940,150.5,pieces,45.99,20.0,Fitted bulk element batch number 3940 for stress verification
Copper Component Type-3941,150.5,lbs,45.99,20.0,Fitted bulk element batch number 3941 for stress verification
Copper Component Type-3942,150.5,linear ft,45.99,20.0,Fitted bulk element batch number 3942 for stress verification
Copper Component Type-3943,150.5,sq ft,45.99,20.0,Fitted bulk element batch number 3943 for stress verification
Copper Component Type-3944,150.5,rolls,45.99,20.0,Fitted bulk element batch number 3944 for stress verification
Copper Component Type-3945,150.5,sheets,45.99,20.0,Fitted bulk element batch number 3945 for stress verification
Copper Component Type-3946,150.5,pieces,45.99,20.0,Fitted bulk element batch number 3946 for stress verification
Copper Component Type-3947,150.5,lbs,45.99,20.0,Fitted bulk element batch number 3947 for stress verification
Copper Component Type-3948,150.5,linear ft,45.99,20.0,Fitted bulk element batch number 3948 for stress verification
Copper Component Type-3949,150.5,sq ft,45.99,20.0,Fitted bulk element batch number 3949 for stress verification
Copper Component Type-3950,150.5,rolls,45.99,20.0,Fitted bulk element batch number 3950 for stress verification
Copper Component Type-3951,150.5,sheets,45.99,20.0,Fitted bulk element batch number 3951 for stress verification
Copper Component Type-3952,150.5,pieces,45.99,20.0,Fitted bulk element batch number 3952 for stress verification
Copper Component Type-3953,150.5,lbs,45.99,20.0,Fitted bulk element batch number 3953 for stress verification
Copper Component Type-3954,150.5,linear ft,45.99,20.0,Fitted bulk element batch number 3954 for stress verification
Copper Component Type-3955,150.5,sq ft,45.99,20.0,Fitted bulk element batch number 3955 for stress verification
Copper Component Type-3956,150.5,rolls,45.99,20.0,Fitted bulk element batch number 3956 for stress verification
Copper Component Type-3957,150.5,sheets,45.99,20.0,Fitted bulk element batch number 3957 for stress verification
Copper Component Type-3958,150.5,pieces,45.99,20.0,Fitted bulk element batch number 3958 for stress verification
Copper Component Type-3959,150.5,lbs,45.99,20.0,Fitted bulk element batch number 3959 for stress verification
Copper Component Type-3960,150.5,linear ft,45.99,20.0,Fitted bulk element batch number 3960 for stress verification
Copper Component Type-3961,150.5,sq ft,45.99,20.0,Fitted bulk element batch number 3961 for stress verification
Copper Component Type-3962,150.5,rolls,45.99,20.0,Fitted bulk element batch number 3962 for stress verification
Copper Component Type-3963,150.5,sheets,45.99,20.0,Fitted bulk element batch number 3963 for stress verification
Copper Component Type-3964,150.5,pieces,45.99,20.0,Fitted bulk element batch number 3964 for stress verification
Copper Component Type-3965,150.5,lbs,45.99,20.0,Fitted bulk element batch number 3965 for stress verification
Copper Component Type-3966,150.5,linear ft,45.99,20.0,Fitted bulk element batch number 3966 for stress verification
Copper Component Type-3967,150.5,sq ft,45.99,20.0,Fitted bulk element batch number 3967 for stress verification
Copper Component Type-3968,150.5,rolls,45.99,20.0,Fitted bulk element batch number 3968 for stress verification
Copper Component Type-3969,150.5,sheets,45.99,20.0,Fitted bulk element batch number 3969 for stress verification
Copper Component Type-3970,150.5,pieces,45.99,20.0,Fitted bulk element batch number 3970 for stress verification
Copper Component Type-3971,150.5,lbs,45.99,20.0,Fitted bulk element batch number 3971 for stress verification
Copper Component Type-3972,150.5,linear ft,45.99,20.0,Fitted bulk element batch number 3972 for stress verification
Copper Component Type-3973,150.5,sq ft,45.99,20.0,Fitted bulk element batch number 3973 for stress verification
Copper Component Type-3974,150.5,rolls,45.99,20.0,Fitted bulk element batch number 3974 for stress verification
Copper Component Type-3975,150.5,sheets,45.99,20.0,Fitted bulk element batch number 3975 for stress verification
Copper Component Type-3976,150.5,pieces,45.99,20.0,Fitted bulk element batch number 3976 for stress verification
Copper Component Type-3977,150.5,lbs,45.99,20.0,Fitted bulk element batch number 3977 for stress verification
Copper Component Type-3978,150.5,linear ft,45.99,20.0,Fitted bulk element batch number 3978 for stress verification
Copper Component Type-3979,150.5,sq ft,45.99,20.0,Fitted bulk element batch number 3979 for stress verification
Copper Component Type-3980,150.5,rolls,45.99,20.0,Fitted bulk element batch number 3980 for stress verification
Copper Component Type-3981,150.5,sheets,45.99,20.0,Fitted bulk element batch number 3981 for stress verification
Copper Component Type-3982,150.5,pieces,45.99,20.0,Fitted bulk element batch number 3982 for stress verification
Copper Component Type-3983,150.5,lbs,45.99,20.0,Fitted bulk element batch number 3983 for stress verification
Copper Component Type-3984,150.5,linear ft,45.99,20.0,Fitted bulk element batch number 3984 for stress verification
Copper Component Type-3985,150.5,sq ft,45.99,20.0,Fitted bulk element batch number 3985 for stress verification
Copper Component Type-3986,150.5,rolls,45.99,20.0,Fitted bulk element batch number 3986 for stress verification
Copper Component Type-3987,150.5,sheets,45.99,20.0,Fitted bulk element batch number 3987 for stress verification
Copper Component Type-3988,150.5,pieces,45.99,20.0,Fitted bulk element batch number 3988 for stress verification
Copper Component Type-3989,150.5,lbs,45.99,20.0,Fitted bulk element batch number 3989 for stress verification
Copper Component Type-3990,150.5,linear ft,45.99,20.0,Fitted bulk element batch number 3990 for stress verification
Copper Component Type-3991,150.5,sq ft,45.99,20.0,Fitted bulk element batch number 3991 for stress verification
Copper Component Type-3992,150.5,rolls,45.99,20.0,Fitted bulk element batch number 3992 for stress verification
Copper Component Type-3993,150.5,sheets,45.99,20.0,Fitted bulk element batch number 3993 for stress verification
Copper Component Type-3994,150.5,pieces,45.99,20.0,Fitted bulk element batch number 3994 for stress verification
Copper Component Type-3995,150.5,lbs,45.99,20.0,Fitted bulk element batch number 3995 for stress verification
Copper Component Type-3996,150.5,linear ft,45.99,20.0,Fitted bulk element batch number 3996 for stress verification
Copper Component Type-3997,150.5,sq ft,45.99,20.0,Fitted bulk element batch number 3997 for stress verification
Copper Component Type-3998,150.5,rolls,45.99,20.0,Fitted bulk element batch number 3998 for stress verification
Copper Component Type-3999,150.5,sheets,45.99,20.0,Fitted bulk element batch number 3999 for stress verification
Copper Component Type-4000,150.5,pieces,45.99,20.0,Fitted bulk element batch number 4000 for stress verification
Copper Component Type-4001,150.5,lbs,45.99,20.0,Fitted bulk element batch number 4001 for stress verification
Copper Component Type-4002,150.5,linear ft,45.99,20.0,Fitted bulk element batch number 4002 for stress verification
Copper Component Type-4003,150.5,sq ft,45.99,20.0,Fitted bulk element batch number 4003 for stress verification
Copper Component Type-4004,150.5,rolls,45.99,20.0,Fitted bulk element batch number 4004 for stress verification
Copper Component Type-4005,150.5,sheets,45.99,20.0,Fitted bulk element batch number 4005 for stress verification
Copper Component Type-4006,150.5,pieces,45.99,20.0,Fitted bulk element batch number 4006 for stress verification
Copper Component Type-4007,150.5,lbs,45.99,20.0,Fitted bulk element batch number 4007 for stress verification
Copper Component Type-4008,150.5,linear ft,45.99,20.0,Fitted bulk element batch number 4008 for stress verification
Copper Component Type-4009,150.5,sq ft,45.99,20.0,Fitted bulk element batch number 4009 for stress verification
Copper Component Type-4010,150.5,rolls,45.99,20.0,Fitted bulk element batch number 4010 for stress verification
Copper Component Type-4011,150.5,sheets,45.99,20.0,Fitted bulk element batch number 4011 for stress verification
Copper Component Type-4012,150.5,pieces,45.99,20.0,Fitted bulk element batch number 4012 for stress verification
Copper Component Type-4013,150.5,lbs,45.99,20.0,Fitted bulk element batch number 4013 for stress verification
Copper Component Type-4014,150.5,linear ft,45.99,20.0,Fitted bulk element batch number 4014 for stress verification
Copper Component Type-4015,150.5,sq ft,45.99,20.0,Fitted bulk element batch number 4015 for stress verification
Copper Component Type-4016,150.5,rolls,45.99,20.0,Fitted bulk element batch number 4016 for stress verification
Copper Component Type-4017,150.5,sheets,45.99,20.0,Fitted bulk element batch number 4017 for stress verification
Copper Component Type-4018,150.5,pieces,45.99,20.0,Fitted bulk element batch number 4018 for stress verification
Copper Component Type-4019,150.5,lbs,45.99,20.0,Fitted bulk element batch number 4019 for stress verification
Copper Component Type-4020,150.5,linear ft,45.99,20.0,Fitted bulk element batch number 4020 for stress verification
Copper Component Type-4021,150.5,sq ft,45.99,20.0,Fitted bulk element batch number 4021 for stress verification
Copper Component Type-4022,150.5,rolls,45.99,20.0,Fitted bulk element batch number 4022 for stress verification
Copper Component Type-4023,150.5,sheets,45.99,20.0,Fitted bulk element batch number 4023 for stress verification
Copper Component Type-4024,150.5,pieces,45.99,20.0,Fitted bulk element batch number 4024 for stress verification
Copper Component Type-4025,150.5,lbs,45.99,20.0,Fitted bulk element batch number 4025 for stress verification
Copper Component Type-4026,150.5,linear ft,45.99,20.0,Fitted bulk element batch number 4026 for stress verification
Copper Component Type-4027,150.5,sq ft,45.99,20.0,Fitted bulk element batch number 4027 for stress verification
Copper Component Type-4028,150.5,rolls,45.99,20.0,Fitted bulk element batch number 4028 for stress verification
Copper Component Type-4029,150.5,sheets,45.99,20.0,Fitted bulk element batch number 4029 for stress verification
Copper Component Type-4030,150.5,pieces,45.99,20.0,Fitted bulk element batch number 4030 for stress verification
Copper Component Type-4031,150.5,lbs,45.99,20.0,Fitted bulk element batch number 4031 for stress verification
Copper Component Type-4032,150.5,linear ft,45.99,20.0,Fitted bulk element batch number 4032 for stress verification
Copper Component Type-4033,150.5,sq ft,45.99,20.0,Fitted bulk element batch number 4033 for stress verification
Copper Component Type-4034,150.5,rolls,45.99,20.0,Fitted bulk element batch number 4034 for stress verification
Copper Component Type-4035,150.5,sheets,45.99,20.0,Fitted bulk element batch number 4035 for stress verification
Copper Component Type-4036,150.5,pieces,45.99,20.0,Fitted bulk element batch number 4036 for stress verification
Copper Component Type-4037,150.5,lbs,45.99,20.0,Fitted bulk element batch number 4037 for stress verification
Copper Component Type-4038,150.5,linear ft,45.99,20.0,Fitted bulk element batch number 4038 for stress verification
Copper Component Type-4039,150.5,sq ft,45.99,20.0,Fitted bulk element batch number 4039 for stress verification
Copper Component Type-4040,150.5,rolls,45.99,20.0,Fitted bulk element batch number 4040 for stress verification
Copper Component Type-4041,150.5,sheets,45.99,20.0,Fitted bulk element batch number 4041 for stress verification
Copper Component Type-4042,150.5,pieces,45.99,20.0,Fitted bulk element batch number 4042 for stress verification
Copper Component Type-4043,150.5,lbs,45.99,20.0,Fitted bulk element batch number 4043 for stress verification
Copper Component Type-4044,150.5,linear ft,45.99,20.0,Fitted bulk element batch number 4044 for stress verification
Copper Component Type-4045,150.5,sq ft,45.99,20.0,Fitted bulk element batch number 4045 for stress verification
Copper Component Type-4046,150.5,rolls,45.99,20.0,Fitted bulk element batch number 4046 for stress verification
Copper Component Type-4047,150.5,sheets,45.99,20.0,Fitted bulk element batch number 4047 for stress verification
Copper Component Type-4048,150.5,pieces,45.99,20.0,Fitted bulk element batch number 4048 for stress verification
Copper Component Type-4049,150.5,lbs,45.99,20.0,Fitted bulk element batch number 4049 for stress verification
Copper Component Type-4050,150.5,linear ft,45.99,20.0,Fitted bulk element batch number 4050 for stress verification
Copper Component Type-4051,150.5,sq ft,45.99,20.0,Fitted bulk element batch number 4051 for stress verification
Copper Component Type-4052,150.5,rolls,45.99,20.0,Fitted bulk element batch number 4052 for stress verification
Copper Component Type-4053,150.5,sheets,45.99,20.0,Fitted bulk element batch number 4053 for stress verification
Copper Component Type-4054,150.5,pieces,45.99,20.0,Fitted bulk element batch number 4054 for stress verification
Copper Component Type-4055,150.5,lbs,45.99,20.0,Fitted bulk element batch number 4055 for stress verification
Copper Component Type-4056,150.5,linear ft,45.99,20.0,Fitted bulk element batch number 4056 for stress verification
Copper Component Type-4057,150.5,sq ft,45.99,20.0,Fitted bulk element batch number 4057 for stress verification
Copper Component Type-4058,150.5,rolls,45.99,20.0,Fitted bulk element batch number 4058 for stress verification
Copper Component Type-4059,150.5,sheets,45.99,20.0,Fitted bulk element batch number 4059 for stress verification
Copper Component Type-4060,150.5,pieces,45.99,20.0,Fitted bulk element batch number 4060 for stress verification
Copper Component Type-4061,150.5,lbs,45.99,20.0,Fitted bulk element batch number 4061 for stress verification
Copper Component Type-4062,150.5,linear ft,45.99,20.0,Fitted bulk element batch number 4062 for stress verification
Copper Component Type-4063,150.5,sq ft,45.99,20.0,Fitted bulk element batch number 4063 for stress verification
Copper Component Type-4064,150.5,rolls,45.99,20.0,Fitted bulk element batch number 4064 for stress verification
Copper Component Type-4065,150.5,sheets,45.99,20.0,Fitted bulk element batch number 4065 for stress verification
Copper Component Type-4066,150.5,pieces,45.99,20.0,Fitted bulk element batch number 4066 for stress verification
Copper Component Type-4067,150.5,lbs,45.99,20.0,Fitted bulk element batch number 4067 for stress verification
Copper Component Type-4068,150.5,linear ft,45.99,20.0,Fitted bulk element batch number 4068 for stress verification
Copper Component Type-4069,150.5,sq ft,45.99,20.0,Fitted bulk element batch number 4069 for stress verification
Copper Component Type-4070,150.5,rolls,45.99,20.0,Fitted bulk element batch number 4070 for stress verification
Copper Component Type-4071,150.5,sheets,45.99,20.0,Fitted bulk element batch number 4071 for stress verification
Copper Component Type-4072,150.5,pieces,45.99,20.0,Fitted bulk element batch number 4072 for stress verification
Copper Component Type-4073,150.5,lbs,45.99,20.0,Fitted bulk element batch number 4073 for stress verification
Copper Component Type-4074,150.5,linear ft,45.99,20.0,Fitted bulk element batch number 4074 for stress verification
Copper Component Type-4075,150.5,sq ft,45.99,20.0,Fitted bulk element batch number 4075 for stress verification
Copper Component Type-4076,150.5,rolls,45.99,20.0,Fitted bulk element batch number 4076 for stress verification
Copper Component Type-4077,150.5,sheets,45.99,20.0,Fitted bulk element batch number 4077 for stress verification
Copper Component Type-4078,150.5,pieces,45.99,20.0,Fitted bulk element batch number 4078 for stress verification
Copper Component Type-4079,150.5,lbs,45.99,20.0,Fitted bulk element batch number 4079 for stress verification
Copper Component Type-4080,150.5,linear ft,45.99,20.0,Fitted bulk element batch number 4080 for stress verification
Copper Component Type-4081,150.5,sq ft,45.99,20.0,Fitted bulk element batch number 4081 for stress verification
Copper Component Type-4082,150.5,rolls,45.99,20.0,Fitted bulk element batch number 4082 for stress verification
Copper Component Type-4083,150.5,sheets,45.99,20.0,Fitted bulk element batch number 4083 for stress verification
Copper Component Type-4084,150.5,pieces,45.99,20.0,Fitted bulk element batch number 4084 for stress verification
Copper Component Type-4085,150.5,lbs,45.99,20.0,Fitted bulk element batch number 4085 for stress verification
Copper Component Type-4086,150.5,linear ft,45.99,20.0,Fitted bulk element batch number 4086 for stress verification
Copper Component Type-4087,150.5,sq ft,45.99,20.0,Fitted bulk element batch number 4087 for stress verification
Copper Component Type-4088,150.5,rolls,45.99,20.0,Fitted bulk element batch number 4088 for stress verification
Copper Component Type-4089,150.5,sheets,45.99,20.0,Fitted bulk element batch number 4089 for stress verification
Copper Component Type-4090,150.5,pieces,45.99,20.0,Fitted bulk element batch number 4090 for stress verification
Copper Component Type-4091,150.5,lbs,45.99,20.0,Fitted bulk element batch number 4091 for stress verification
Copper Component Type-4092,150.5,linear ft,45.99,20.0,Fitted bulk element batch number 4092 for stress verification
Copper Component Type-4093,150.5,sq ft,45.99,20.0,Fitted bulk element batch number 4093 for stress verification
Copper Component Type-4094,150.5,rolls,45.99,20.0,Fitted bulk element batch number 4094 for stress verification
Copper Component Type-4095,150.5,sheets,45.99,20.0,Fitted bulk element batch number 4095 for stress verification
Copper Component Type-4096,150.5,pieces,45.99,20.0,Fitted bulk element batch number 4096 for stress verification
Copper Component Type-4097,150.5,lbs,45.99,20.0,Fitted bulk element batch number 4097 for stress verification
Copper Component Type-4098,150.5,linear ft,45.99,20.0,Fitted bulk element batch number 4098 for stress verification
Copper Component Type-4099,150.5,sq ft,45.99,20.0,Fitted bulk element batch number 4099 for stress verification
Copper Component Type-4100,150.5,rolls,45.99,20.0,Fitted bulk element batch number 4100 for stress verification
Copper Component Type-4101,150.5,sheets,45.99,20.0,Fitted bulk element batch number 4101 for stress verification
Copper Component Type-4102,150.5,pieces,45.99,20.0,Fitted bulk element batch number 4102 for stress verification
Copper Component Type-4103,150.5,lbs,45.99,20.0,Fitted bulk element batch number 4103 for stress verification
Copper Component Type-4104,150.5,linear ft,45.99,20.0,Fitted bulk element batch number 4104 for stress verification
Copper Component Type-4105,150.5,sq ft,45.99,20.0,Fitted bulk element batch number 4105 for stress verification
Copper Component Type-4106,150.5,rolls,45.99,20.0,Fitted bulk element batch number 4106 for stress verification
Copper Component Type-4107,150.5,sheets,45.99,20.0,Fitted bulk element batch number 4107 for stress verification
Copper Component Type-4108,150.5,pieces,45.99,20.0,Fitted bulk element batch number 4108 for stress verification
Copper Component Type-4109,150.5,lbs,45.99,20.0,Fitted bulk element batch number 4109 for stress verification
Copper Component Type-4110,150.5,linear ft,45.99,20.0,Fitted bulk element batch number 4110 for stress verification
Copper Component Type-4111,150.5,sq ft,45.99,20.0,Fitted bulk element batch number 4111 for stress verification
Copper Component Type-4112,150.5,rolls,45.99,20.0,Fitted bulk element batch number 4112 for stress verification
Copper Component Type-4113,150.5,sheets,45.99,20.0,Fitted bulk element batch number 4113 for stress verification
Copper Component Type-4114,150.5,pieces,45.99,20.0,Fitted bulk element batch number 4114 for stress verification
Copper Component Type-4115,150.5,lbs,45.99,20.0,Fitted bulk element batch number 4115 for stress verification
Copper Component Type-4116,150.5,linear ft,45.99,20.0,Fitted bulk element batch number 4116 for stress verification
Copper Component Type-4117,150.5,sq ft,45.99,20.0,Fitted bulk element batch number 4117 for stress verification
Copper Component Type-4118,150.5,rolls,45.99,20.0,Fitted bulk element batch number 4118 for stress verification
Copper Component Type-4119,150.5,sheets,45.99,20.0,Fitted bulk element batch number 4119 for stress verification
Copper Component Type-4120,150.5,pieces,45.99,20.0,Fitted bulk element batch number 4120 for stress verification
Copper Component Type-4121,150.5,lbs,45.99,20.0,Fitted bulk element batch number 4121 for stress verification
Copper Component Type-4122,150.5,linear ft,45.99,20.0,Fitted bulk element batch number 4122 for stress verification
Copper Component Type-4123,150.5,sq ft,45.99,20.0,Fitted bulk element batch number 4123 for stress verification
Copper Component Type-4124,150.5,rolls,45.99,20.0,Fitted bulk element batch number 4124 for stress verification
Copper Component Type-4125,150.5,sheets,45.99,20.0,Fitted bulk element batch number 4125 for stress verification
Copper Component Type-4126,150.5,pieces,45.99,20.0,Fitted bulk element batch number 4126 for stress verification
Copper Component Type-4127,150.5,lbs,45.99,20.0,Fitted bulk element batch number 4127 for stress verification
Copper Component Type-4128,150.5,linear ft,45.99,20.0,Fitted bulk element batch number 4128 for stress verification
Copper Component Type-4129,150.5,sq ft,45.99,20.0,Fitted bulk element batch number 4129 for stress verification
Copper Component Type-4130,150.5,rolls,45.99,20.0,Fitted bulk element batch number 4130 for stress verification
Copper Component Type-4131,150.5,sheets,45.99,20.0,Fitted bulk element batch number 4131 for stress verification
Copper Component Type-4132,150.5,pieces,45.99,20.0,Fitted bulk element batch number 4132 for stress verification
Copper Component Type-4133,150.5,lbs,45.99,20.0,Fitted bulk element batch number 4133 for stress verification
Copper Component Type-4134,150.5,linear ft,45.99,20.0,Fitted bulk element batch number 4134 for stress verification
Copper Component Type-4135,150.5,sq ft,45.99,20.0,Fitted bulk element batch number 4135 for stress verification
Copper Component Type-4136,150.5,rolls,45.99,20.0,Fitted bulk element batch number 4136 for stress verification
Copper Component Type-4137,150.5,sheets,45.99,20.0,Fitted bulk element batch number 4137 for stress verification
Copper Component Type-4138,150.5,pieces,45.99,20.0,Fitted bulk element batch number 4138 for stress verification
Copper Component Type-4139,150.5,lbs,45.99,20.0,Fitted bulk element batch number 4139 for stress verification
Copper Component Type-4140,150.5,linear ft,45.99,20.0,Fitted bulk element batch number 4140 for stress verification
Copper Component Type-4141,150.5,sq ft,45.99,20.0,Fitted bulk element batch number 4141 for stress verification
Copper Component Type-4142,150.5,rolls,45.99,20.0,Fitted bulk element batch number 4142 for stress verification
Copper Component Type-4143,150.5,sheets,45.99,20.0,Fitted bulk element batch number 4143 for stress verification
Copper Component Type-4144,150.5,pieces,45.99,20.0,Fitted bulk element batch number 4144 for stress verification
Copper Component Type-4145,150.5,lbs,45.99,20.0,Fitted bulk element batch number 4145 for stress verification
Copper Component Type-4146,150.5,linear ft,45.99,20.0,Fitted bulk element batch number 4146 for stress verification
Copper Component Type-4147,150.5,sq ft,45.99,20.0,Fitted bulk element batch number 4147 for stress verification
Copper Component Type-4148,150.5,rolls,45.99,20.0,Fitted bulk element batch number 4148 for stress verification
Copper Component Type-4149,150.5,sheets,45.99,20.0,Fitted bulk element batch number 4149 for stress verification
Copper Component Type-4150,150.5,pieces,45.99,20.0,Fitted bulk element batch number 4150 for stress verification
Copper Component Type-4151,150.5,lbs,45.99,20.0,Fitted bulk element batch number 4151 for stress verification
Copper Component Type-4152,150.5,linear ft,45.99,20.0,Fitted bulk element batch number 4152 for stress verification
Copper Component Type-4153,150.5,sq ft,45.99,20.0,Fitted bulk element batch number 4153 for stress verification
Copper Component Type-4154,150.5,rolls,45.99,20.0,Fitted bulk element batch number 4154 for stress verification
Copper Component Type-4155,150.5,sheets,45.99,20.0,Fitted bulk element batch number 4155 for stress verification
Copper Component Type-4156,150.5,pieces,45.99,20.0,Fitted bulk element batch number 4156 for stress verification
Copper Component Type-4157,150.5,lbs,45.99,20.0,Fitted bulk element batch number 4157 for stress verification
Copper Component Type-4158,150.5,linear ft,45.99,20.0,Fitted bulk element batch number 4158 for stress verification
Copper Component Type-4159,150.5,sq ft,45.99,20.0,Fitted bulk element batch number 4159 for stress verification
Copper Component Type-4160,150.5,rolls,45.99,20.0,Fitted bulk element batch number 4160 for stress verification
Copper Component Type-4161,150.5,sheets,45.99,20.0,Fitted bulk element batch number 4161 for stress verification
Copper Component Type-4162,150.5,pieces,45.99,20.0,Fitted bulk element batch number 4162 for stress verification
Copper Component Type-4163,150.5,lbs,45.99,20.0,Fitted bulk element batch number 4163 for stress verification
Copper Component Type-4164,150.5,linear ft,45.99,20.0,Fitted bulk element batch number 4164 for stress verification
Copper Component Type-4165,150.5,sq ft,45.99,20.0,Fitted bulk element batch number 4165 for stress verification
Copper Component Type-4166,150.5,rolls,45.99,20.0,Fitted bulk element batch number 4166 for stress verification
Copper Component Type-4167,150.5,sheets,45.99,20.0,Fitted bulk element batch number 4167 for stress verification
Copper Component Type-4168,150.5,pieces,45.99,20.0,Fitted bulk element batch number 4168 for stress verification
Copper Component Type-4169,150.5,lbs,45.99,20.0,Fitted bulk element batch number 4169 for stress verification
Copper Component Type-4170,150.5,linear ft,45.99,20.0,Fitted bulk element batch number 4170 for stress verification
Copper Component Type-4171,150.5,sq ft,45.99,20.0,Fitted bulk element batch number 4171 for stress verification
Copper Component Type-4172,150.5,rolls,45.99,20.0,Fitted bulk element batch number 4172 for stress verification
Copper Component Type-4173,150.5,sheets,45.99,20.0,Fitted bulk element batch number 4173 for stress verification
Copper Component Type-4174,150.5,pieces,45.99,20.0,Fitted bulk element batch number 4174 for stress verification
Copper Component Type-4175,150.5,lbs,45.99,20.0,Fitted bulk element batch number 4175 for stress verification
Copper Component Type-4176,150.5,linear ft,45.99,20.0,Fitted bulk element batch number 4176 for stress verification
Copper Component Type-4177,150.5,sq ft,45.99,20.0,Fitted bulk element batch number 4177 for stress verification
Copper Component Type-4178,150.5,rolls,45.99,20.0,Fitted bulk element batch number 4178 for stress verification
Copper Component Type-4179,150.5,sheets,45.99,20.0,Fitted bulk element batch number 4179 for stress verification
Copper Component Type-4180,150.5,pieces,45.99,20.0,Fitted bulk element batch number 4180 for stress verification
Copper Component Type-4181,150.5,lbs,45.99,20.0,Fitted bulk element batch number 4181 for stress verification
Copper Component Type-4182,150.5,linear ft,45.99,20.0,Fitted bulk element batch number 4182 for stress verification
Copper Component Type-4183,150.5,sq ft,45.99,20.0,Fitted bulk element batch number 4183 for stress verification
Copper Component Type-4184,150.5,rolls,45.99,20.0,Fitted bulk element batch number 4184 for stress verification
Copper Component Type-4185,150.5,sheets,45.99,20.0,Fitted bulk element batch number 4185 for stress verification
Copper Component Type-4186,150.5,pieces,45.99,20.0,Fitted bulk element batch number 4186 for stress verification
Copper Component Type-4187,150.5,lbs,45.99,20.0,Fitted bulk element batch number 4187 for stress verification
Copper Component Type-4188,150.5,linear ft,45.99,20.0,Fitted bulk element batch number 4188 for stress verification
Copper Component Type-4189,150.5,sq ft,45.99,20.0,Fitted bulk element batch number 4189 for stress verification
Copper Component Type-4190,150.5,rolls,45.99,20.0,Fitted bulk element batch number 4190 for stress verification
Copper Component Type-4191,150.5,sheets,45.99,20.0,Fitted bulk element batch number 4191 for stress verification
Copper Component Type-4192,150.5,pieces,45.99,20.0,Fitted bulk element batch number 4192 for stress verification
Copper Component Type-4193,150.5,lbs,45.99,20.0,Fitted bulk element batch number 4193 for stress verification
Copper Component Type-4194,150.5,linear ft,45.99,20.0,Fitted bulk element batch number 4194 for stress verification
Copper Component Type-4195,150.5,sq ft,45.99,20.0,Fitted bulk element batch number 4195 for stress verification
Copper Component Type-4196,150.5,rolls,45.99,20.0,Fitted bulk element batch number 4196 for stress verification
Copper Component Type-4197,150.5,sheets,45.99,20.0,Fitted bulk element batch number 4197 for stress verification
Copper Component Type-4198,150.5,pieces,45.99,20.0,Fitted bulk element batch number 4198 for stress verification
Copper Component Type-4199,150.5,lbs,45.99,20.0,Fitted bulk element batch number 4199 for stress verification
Copper Component Type-4200,150.5,linear ft,45.99,20.0,Fitted bulk element batch number 4200 for stress verification
Copper Component Type-4201,150.5,sq ft,45.99,20.0,Fitted bulk element batch number 4201 for stress verification
Copper Component Type-4202,150.5,rolls,45.99,20.0,Fitted bulk element batch number 4202 for stress verification
Copper Component Type-4203,150.5,sheets,45.99,20.0,Fitted bulk element batch number 4203 for stress verification
Copper Component Type-4204,150.5,pieces,45.99,20.0,Fitted bulk element batch number 4204 for stress verification
Copper Component Type-4205,150.5,lbs,45.99,20.0,Fitted bulk element batch number 4205 for stress verification
Copper Component Type-4206,150.5,linear ft,45.99,20.0,Fitted bulk element batch number 4206 for stress verification
Copper Component Type-4207,150.5,sq ft,45.99,20.0,Fitted bulk element batch number 4207 for stress verification
Copper Component Type-4208,150.5,rolls,45.99,20.0,Fitted bulk element batch number 4208 for stress verification
Copper Component Type-4209,150.5,sheets,45.99,20.0,Fitted bulk element batch number 4209 for stress verification
Copper Component Type-4210,150.5,pieces,45.99,20.0,Fitted bulk element batch number 4210 for stress verification
Copper Component Type-4211,150.5,lbs,45.99,20.0,Fitted bulk element batch number 4211 for stress verification
Copper Component Type-4212,150.5,linear ft,45.99,20.0,Fitted bulk element batch number 4212 for stress verification
Copper Component Type-4213,150.5,sq ft,45.99,20.0,Fitted bulk element batch number 4213 for stress verification
Copper Component Type-4214,150.5,rolls,45.99,20.0,Fitted bulk element batch number 4214 for stress verification
Copper Component Type-4215,150.5,sheets,45.99,20.0,Fitted bulk element batch number 4215 for stress verification
Copper Component Type-4216,150.5,pieces,45.99,20.0,Fitted bulk element batch number 4216 for stress verification
Copper Component Type-4217,150.5,lbs,45.99,20.0,Fitted bulk element batch number 4217 for stress verification
Copper Component Type-4218,150.5,linear ft,45.99,20.0,Fitted bulk element batch number 4218 for stress verification
Copper Component Type-4219,150.5,sq ft,45.99,20.0,Fitted bulk element batch number 4219 for stress verification
Copper Component Type-4220,150.5,rolls,45.99,20.0,Fitted bulk element batch number 4220 for stress verification
Copper Component Type-4221,150.5,sheets,45.99,20.0,Fitted bulk element batch number 4221 for stress verification
Copper Component Type-4222,150.5,pieces,45.99,20.0,Fitted bulk element batch number 4222 for stress verification
Copper Component Type-4223,150.5,lbs,45.99,20.0,Fitted bulk element batch number 4223 for stress verification
Copper Component Type-4224,150.5,linear ft,45.99,20.0,Fitted bulk element batch number 4224 for stress verification
Copper Component Type-4225,150.5,sq ft,45.99,20.0,Fitted bulk element batch number 4225 for stress verification
Copper Component Type-4226,150.5,rolls,45.99,20.0,Fitted bulk element batch number 4226 for stress verification
Copper Component Type-4227,150.5,sheets,45.99,20.0,Fitted bulk element batch number 4227 for stress verification
Copper Component Type-4228,150.5,pieces,45.99,20.0,Fitted bulk element batch number 4228 for stress verification
Copper Component Type-4229,150.5,lbs,45.99,20.0,Fitted bulk element batch number 4229 for stress verification
Copper Component Type-4230,150.5,linear ft,45.99,20.0,Fitted bulk element batch number 4230 for stress verification
Copper Component Type-4231,150.5,sq ft,45.99,20.0,Fitted bulk element batch number 4231 for stress verification
Copper Component Type-4232,150.5,rolls,45.99,20.0,Fitted bulk element batch number 4232 for stress verification
Copper Component Type-4233,150.5,sheets,45.99,20.0,Fitted bulk element batch number 4233 for stress verification
Copper Component Type-4234,150.5,pieces,45.99,20.0,Fitted bulk element batch number 4234 for stress verification
Copper Component Type-4235,150.5,lbs,45.99,20.0,Fitted bulk element batch number 4235 for stress verification
Copper Component Type-4236,150.5,linear ft,45.99,20.0,Fitted bulk element batch number 4236 for stress verification
Copper Component Type-4237,150.5,sq ft,45.99,20.0,Fitted bulk element batch number 4237 for stress verification
Copper Component Type-4238,150.5,rolls,45.99,20.0,Fitted bulk element batch number 4238 for stress verification
Copper Component Type-4239,150.5,sheets,45.99,20.0,Fitted bulk element batch number 4239 for stress verification
Copper Component Type-4240,150.5,pieces,45.99,20.0,Fitted bulk element batch number 4240 for stress verification
Copper Component Type-4241,150.5,lbs,45.99,20.0,Fitted bulk element batch number 4241 for stress verification
Copper Component Type-4242,150.5,linear ft,45.99,20.0,Fitted bulk element batch number 4242 for stress verification
Copper Component Type-4243,150.5,sq ft,45.99,20.0,Fitted bulk element batch number 4243 for stress verification
Copper Component Type-4244,150.5,rolls,45.99,20.0,Fitted bulk element batch number 4244 for stress verification
Copper Component Type-4245,150.5,sheets,45.99,20.0,Fitted bulk element batch number 4245 for stress verification
Copper Component Type-4246,150.5,pieces,45.99,20.0,Fitted bulk element batch number 4246 for stress verification
Copper Component Type-4247,150.5,lbs,45.99,20.0,Fitted bulk element batch number 4247 for stress verification
Copper Component Type-4248,150.5,linear ft,45.99,20.0,Fitted bulk element batch number 4248 for stress verification
Copper Component Type-4249,150.5,sq ft,45.99,20.0,Fitted bulk element batch number 4249 for stress verification
Copper Component Type-4250,150.5,rolls,45.99,20.0,Fitted bulk element batch number 4250 for stress verification
Copper Component Type-4251,150.5,sheets,45.99,20.0,Fitted bulk element batch number 4251 for stress verification
Copper Component Type-4252,150.5,pieces,45.99,20.0,Fitted bulk element batch number 4252 for stress verification
Copper Component Type-4253,150.5,lbs,45.99,20.0,Fitted bulk element batch number 4253 for stress verification
Copper Component Type-4254,150.5,linear ft,45.99,20.0,Fitted bulk element batch number 4254 for stress verification
Copper Component Type-4255,150.5,sq ft,45.99,20.0,Fitted bulk element batch number 4255 for stress verification
Copper Component Type-4256,150.5,rolls,45.99,20.0,Fitted bulk element batch number 4256 for stress verification
Copper Component Type-4257,150.5,sheets,45.99,20.0,Fitted bulk element batch number 4257 for stress verification
Copper Component Type-4258,150.5,pieces,45.99,20.0,Fitted bulk element batch number 4258 for stress verification
Copper Component Type-4259,150.5,lbs,45.99,20.0,Fitted bulk element batch number 4259 for stress verification
Copper Component Type-4260,150.5,linear ft,45.99,20.0,Fitted bulk element batch number 4260 for stress verification
Copper Component Type-4261,150.5,sq ft,45.99,20.0,Fitted bulk element batch number 4261 for stress verification
Copper Component Type-4262,150.5,rolls,45.99,20.0,Fitted bulk element batch number 4262 for stress verification
Copper Component Type-4263,150.5,sheets,45.99,20.0,Fitted bulk element batch number 4263 for stress verification
Copper Component Type-4264,150.5,pieces,45.99,20.0,Fitted bulk element batch number 4264 for stress verification
Copper Component Type-4265,150.5,lbs,45.99,20.0,Fitted bulk element batch number 4265 for stress verification
Copper Component Type-4266,150.5,linear ft,45.99,20.0,Fitted bulk element batch number 4266 for stress verification
Copper Component Type-4267,150.5,sq ft,45.99,20.0,Fitted bulk element batch number 4267 for stress verification
Copper Component Type-4268,150.5,rolls,45.99,20.0,Fitted bulk element batch number 4268 for stress verification
Copper Component Type-4269,150.5,sheets,45.99,20.0,Fitted bulk element batch number 4269 for stress verification
Copper Component Type-4270,150.5,pieces,45.99,20.0,Fitted bulk element batch number 4270 for stress verification
Copper Component Type-4271,150.5,lbs,45.99,20.0,Fitted bulk element batch number 4271 for stress verification
Copper Component Type-4272,150.5,linear ft,45.99,20.0,Fitted bulk element batch number 4272 for stress verification
Copper Component Type-4273,150.5,sq ft,45.99,20.0,Fitted bulk element batch number 4273 for stress verification
Copper Component Type-4274,150.5,rolls,45.99,20.0,Fitted bulk element batch number 4274 for stress verification
Copper Component Type-4275,150.5,sheets,45.99,20.0,Fitted bulk element batch number 4275 for stress verification
Copper Component Type-4276,150.5,pieces,45.99,20.0,Fitted bulk element batch number 4276 for stress verification
Copper Component Type-4277,150.5,lbs,45.99,20.0,Fitted bulk element batch number 4277 for stress verification
Copper Component Type-4278,150.5,linear ft,45.99,20.0,Fitted bulk element batch number 4278 for stress verification
Copper Component Type-4279,150.5,sq ft,45.99,20.0,Fitted bulk element batch number 4279 for stress verification
Copper Component Type-4280,150.5,rolls,45.99,20.0,Fitted bulk element batch number 4280 for stress verification
Copper Component Type-4281,150.5,sheets,45.99,20.0,Fitted bulk element batch number 4281 for stress verification
Copper Component Type-4282,150.5,pieces,45.99,20.0,Fitted bulk element batch number 4282 for stress verification
Copper Component Type-4283,150.5,lbs,45.99,20.0,Fitted bulk element batch number 4283 for stress verification
Copper Component Type-4284,150.5,linear ft,45.99,20.0,Fitted bulk element batch number 4284 for stress verification
Copper Component Type-4285,150.5,sq ft,45.99,20.0,Fitted bulk element batch number 4285 for stress verification
Copper Component Type-4286,150.5,rolls,45.99,20.0,Fitted bulk element batch number 4286 for stress verification
Copper Component Type-4287,150.5,sheets,45.99,20.0,Fitted bulk element batch number 4287 for stress verification
Copper Component Type-4288,150.5,pieces,45.99,20.0,Fitted bulk element batch number 4288 for stress verification
Copper Component Type-4289,150.5,lbs,45.99,20.0,Fitted bulk element batch number 4289 for stress verification
Copper Component Type-4290,150.5,linear ft,45.99,20.0,Fitted bulk element batch number 4290 for stress verification
Copper Component Type-4291,150.5,sq ft,45.99,20.0,Fitted bulk element batch number 4291 for stress verification
Copper Component Type-4292,150.5,rolls,45.99,20.0,Fitted bulk element batch number 4292 for stress verification
Copper Component Type-4293,150.5,sheets,45.99,20.0,Fitted bulk element batch number 4293 for stress verification
Copper Component Type-4294,150.5,pieces,45.99,20.0,Fitted bulk element batch number 4294 for stress verification
Copper Component Type-4295,150.5,lbs,45.99,20.0,Fitted bulk element batch number 4295 for stress verification
Copper Component Type-4296,150.5,linear ft,45.99,20.0,Fitted bulk element batch number 4296 for stress verification
Copper Component Type-4297,150.5,sq ft,45.99,20.0,Fitted bulk element batch number 4297 for stress verification
Copper Component Type-4298,150.5,rolls,45.99,20.0,Fitted bulk element batch number 4298 for stress verification
Copper Component Type-4299,150.5,sheets,45.99,20.0,Fitted bulk element batch number 4299 for stress verification
Copper Component Type-4300,150.5,pieces,45.99,20.0,Fitted bulk element batch number 4300 for stress verification
Copper Component Type-4301,150.5,lbs,45.99,20.0,Fitted bulk element batch number 4301 for stress verification
Copper Component Type-4302,150.5,linear ft,45.99,20.0,Fitted bulk element batch number 4302 for stress verification
Copper Component Type-4303,150.5,sq ft,45.99,20.0,Fitted bulk element batch number 4303 for stress verification
Copper Component Type-4304,150.5,rolls,45.99,20.0,Fitted bulk element batch number 4304 for stress verification
Copper Component Type-4305,150.5,sheets,45.99,20.0,Fitted bulk element batch number 4305 for stress verification
Copper Component Type-4306,150.5,pieces,45.99,20.0,Fitted bulk element batch number 4306 for stress verification
Copper Component Type-4307,150.5,lbs,45.99,20.0,Fitted bulk element batch number 4307 for stress verification
Copper Component Type-4308,150.5,linear ft,45.99,20.0,Fitted bulk element batch number 4308 for stress verification
Copper Component Type-4309,150.5,sq ft,45.99,20.0,Fitted bulk element batch number 4309 for stress verification
Copper Component Type-4310,150.5,rolls,45.99,20.0,Fitted bulk element batch number 4310 for stress verification
Copper Component Type-4311,150.5,sheets,45.99,20.0,Fitted bulk element batch number 4311 for stress verification
Copper Component Type-4312,150.5,pieces,45.99,20.0,Fitted bulk element batch number 4312 for stress verification
Copper Component Type-4313,150.5,lbs,45.99,20.0,Fitted bulk element batch number 4313 for stress verification
Copper Component Type-4314,150.5,linear ft,45.99,20.0,Fitted bulk element batch number 4314 for stress verification
Copper Component Type-4315,150.5,sq ft,45.99,20.0,Fitted bulk element batch number 4315 for stress verification
Copper Component Type-4316,150.5,rolls,45.99,20.0,Fitted bulk element batch number 4316 for stress verification
Copper Component Type-4317,150.5,sheets,45.99,20.0,Fitted bulk element batch number 4317 for stress verification
Copper Component Type-4318,150.5,pieces,45.99,20.0,Fitted bulk element batch number 4318 for stress verification
Copper Component Type-4319,150.5,lbs,45.99,20.0,Fitted bulk element batch number 4319 for stress verification
Copper Component Type-4320,150.5,linear ft,45.99,20.0,Fitted bulk element batch number 4320 for stress verification
Copper Component Type-4321,150.5,sq ft,45.99,20.0,Fitted bulk element batch number 4321 for stress verification
Copper Component Type-4322,150.5,rolls,45.99,20.0,Fitted bulk element batch number 4322 for stress verification
Copper Component Type-4323,150.5,sheets,45.99,20.0,Fitted bulk element batch number 4323 for stress verification
Copper Component Type-4324,150.5,pieces,45.99,20.0,Fitted bulk element batch number 4324 for stress verification
Copper Component Type-4325,150.5,lbs,45.99,20.0,Fitted bulk element batch number 4325 for stress verification
Copper Component Type-4326,150.5,linear ft,45.99,20.0,Fitted bulk element batch number 4326 for stress verification
Copper Component Type-4327,150.5,sq ft,45.99,20.0,Fitted bulk element batch number 4327 for stress verification
Copper Component Type-4328,150.5,rolls,45.99,20.0,Fitted bulk element batch number 4328 for stress verification
Copper Component Type-4329,150.5,sheets,45.99,20.0,Fitted bulk element batch number 4329 for stress verification
Copper Component Type-4330,150.5,pieces,45.99,20.0,Fitted bulk element batch number 4330 for stress verification
Copper Component Type-4331,150.5,lbs,45.99,20.0,Fitted bulk element batch number 4331 for stress verification
Copper Component Type-4332,150.5,linear ft,45.99,20.0,Fitted bulk element batch number 4332 for stress verification
Copper Component Type-4333,150.5,sq ft,45.99,20.0,Fitted bulk element batch number 4333 for stress verification
Copper Component Type-4334,150.5,rolls,45.99,20.0,Fitted bulk element batch number 4334 for stress verification
Copper Component Type-4335,150.5,sheets,45.99,20.0,Fitted bulk element batch number 4335 for stress verification
Copper Component Type-4336,150.5,pieces,45.99,20.0,Fitted bulk element batch number 4336 for stress verification
Copper Component Type-4337,150.5,lbs,45.99,20.0,Fitted bulk element batch number 4337 for stress verification
Copper Component Type-4338,150.5,linear ft,45.99,20.0,Fitted bulk element batch number 4338 for stress verification
Copper Component Type-4339,150.5,sq ft,45.99,20.0,Fitted bulk element batch number 4339 for stress verification
Copper Component Type-4340,150.5,rolls,45.99,20.0,Fitted bulk element batch number 4340 for stress verification
Copper Component Type-4341,150.5,sheets,45.99,20.0,Fitted bulk element batch number 4341 for stress verification
Copper Component Type-4342,150.5,pieces,45.99,20.0,Fitted bulk element batch number 4342 for stress verification
Copper Component Type-4343,150.5,lbs,45.99,20.0,Fitted bulk element batch number 4343 for stress verification
Copper Component Type-4344,150.5,linear ft,45.99,20.0,Fitted bulk element batch number 4344 for stress verification
Copper Component Type-4345,150.5,sq ft,45.99,20.0,Fitted bulk element batch number 4345 for stress verification
Copper Component Type-4346,150.5,rolls,45.99,20.0,Fitted bulk element batch number 4346 for stress verification
Copper Component Type-4347,150.5,sheets,45.99,20.0,Fitted bulk element batch number 4347 for stress verification
Copper Component Type-4348,150.5,pieces,45.99,20.0,Fitted bulk element batch number 4348 for stress verification
Copper Component Type-4349,150.5,lbs,45.99,20.0,Fitted bulk element batch number 4349 for stress verification
Copper Component Type-4350,150.5,linear ft,45.99,20.0,Fitted bulk element batch number 4350 for stress verification
Copper Component Type-4351,150.5,sq ft,45.99,20.0,Fitted bulk element batch number 4351 for stress verification
Copper Component Type-4352,150.5,rolls,45.99,20.0,Fitted bulk element batch number 4352 for stress verification
Copper Component Type-4353,150.5,sheets,45.99,20.0,Fitted bulk element batch number 4353 for stress verification
Copper Component Type-4354,150.5,pieces,45.99,20.0,Fitted bulk element batch number 4354 for stress verification
Copper Component Type-4355,150.5,lbs,45.99,20.0,Fitted bulk element batch number 4355 for stress verification
Copper Component Type-4356,150.5,linear ft,45.99,20.0,Fitted bulk element batch number 4356 for stress verification
Copper Component Type-4357,150.5,sq ft,45.99,20.0,Fitted bulk element batch number 4357 for stress verification
Copper Component Type-4358,150.5,rolls,45.99,20.0,Fitted bulk element batch number 4358 for stress verification
Copper Component Type-4359,150.5,sheets,45.99,20.0,Fitted bulk element batch number 4359 for stress verification
Copper Component Type-4360,150.5,pieces,45.99,20.0,Fitted bulk element batch number 4360 for stress verification
Copper Component Type-4361,150.5,lbs,45.99,20.0,Fitted bulk element batch number 4361 for stress verification
Copper Component Type-4362,150.5,linear ft,45.99,20.0,Fitted bulk element batch number 4362 for stress verification
Copper Component Type-4363,150.5,sq ft,45.99,20.0,Fitted bulk element batch number 4363 for stress verification
Copper Component Type-4364,150.5,rolls,45.99,20.0,Fitted bulk element batch number 4364 for stress verification
Copper Component Type-4365,150.5,sheets,45.99,20.0,Fitted bulk element batch number 4365 for stress verification
Copper Component Type-4366,150.5,pieces,45.99,20.0,Fitted bulk element batch number 4366 for stress verification
Copper Component Type-4367,150.5,lbs,45.99,20.0,Fitted bulk element batch number 4367 for stress verification
Copper Component Type-4368,150.5,linear ft,45.99,20.0,Fitted bulk element batch number 4368 for stress verification
Copper Component Type-4369,150.5,sq ft,45.99,20.0,Fitted bulk element batch number 4369 for stress verification
Copper Component Type-4370,150.5,rolls,45.99,20.0,Fitted bulk element batch number 4370 for stress verification
Copper Component Type-4371,150.5,sheets,45.99,20.0,Fitted bulk element batch number 4371 for stress verification
Copper Component Type-4372,150.5,pieces,45.99,20.0,Fitted bulk element batch number 4372 for stress verification
Copper Component Type-4373,150.5,lbs,45.99,20.0,Fitted bulk element batch number 4373 for stress verification
Copper Component Type-4374,150.5,linear ft,45.99,20.0,Fitted bulk element batch number 4374 for stress verification
Copper Component Type-4375,150.5,sq ft,45.99,20.0,Fitted bulk element batch number 4375 for stress verification
Copper Component Type-4376,150.5,rolls,45.99,20.0,Fitted bulk element batch number 4376 for stress verification
Copper Component Type-4377,150.5,sheets,45.99,20.0,Fitted bulk element batch number 4377 for stress verification
Copper Component Type-4378,150.5,pieces,45.99,20.0,Fitted bulk element batch number 4378 for stress verification
Copper Component Type-4379,150.5,lbs,45.99,20.0,Fitted bulk element batch number 4379 for stress verification
Copper Component Type-4380,150.5,linear ft,45.99,20.0,Fitted bulk element batch number 4380 for stress verification
Copper Component Type-4381,150.5,sq ft,45.99,20.0,Fitted bulk element batch number 4381 for stress verification
Copper Component Type-4382,150.5,rolls,45.99,20.0,Fitted bulk element batch number 4382 for stress verification
Copper Component Type-4383,150.5,sheets,45.99,20.0,Fitted bulk element batch number 4383 for stress verification
Copper Component Type-4384,150.5,pieces,45.99,20.0,Fitted bulk element batch number 4384 for stress verification
Copper Component Type-4385,150.5,lbs,45.99,20.0,Fitted bulk element batch number 4385 for stress verification
Copper Component Type-4386,150.5,linear ft,45.99,20.0,Fitted bulk element batch number 4386 for stress verification
Copper Component Type-4387,150.5,sq ft,45.99,20.0,Fitted bulk element batch number 4387 for stress verification
Copper Component Type-4388,150.5,rolls,45.99,20.0,Fitted bulk element batch number 4388 for stress verification
Copper Component Type-4389,150.5,sheets,45.99,20.0,Fitted bulk element batch number 4389 for stress verification
Copper Component Type-4390,150.5,pieces,45.99,20.0,Fitted bulk element batch number 4390 for stress verification
Copper Component Type-4391,150.5,lbs,45.99,20.0,Fitted bulk element batch number 4391 for stress verification
Copper Component Type-4392,150.5,linear ft,45.99,20.0,Fitted bulk element batch number 4392 for stress verification
Copper Component Type-4393,150.5,sq ft,45.99,20.0,Fitted bulk element batch number 4393 for stress verification
Copper Component Type-4394,150.5,rolls,45.99,20.0,Fitted bulk element batch number 4394 for stress verification
Copper Component Type-4395,150.5,sheets,45.99,20.0,Fitted bulk element batch number 4395 for stress verification
Copper Component Type-4396,150.5,pieces,45.99,20.0,Fitted bulk element batch number 4396 for stress verification
Copper Component Type-4397,150.5,lbs,45.99,20.0,Fitted bulk element batch number 4397 for stress verification
Copper Component Type-4398,150.5,linear ft,45.99,20.0,Fitted bulk element batch number 4398 for stress verification
Copper Component Type-4399,150.5,sq ft,45.99,20.0,Fitted bulk element batch number 4399 for stress verification
Copper Component Type-4400,150.5,rolls,45.99,20.0,Fitted bulk element batch number 4400 for stress verification
Copper Component Type-4401,150.5,sheets,45.99,20.0,Fitted bulk element batch number 4401 for stress verification
Copper Component Type-4402,150.5,pieces,45.99,20.0,Fitted bulk element batch number 4402 for stress verification
Copper Component Type-4403,150.5,lbs,45.99,20.0,Fitted bulk element batch number 4403 for stress verification
Copper Component Type-4404,150.5,linear ft,45.99,20.0,Fitted bulk element batch number 4404 for stress verification
Copper Component Type-4405,150.5,sq ft,45.99,20.0,Fitted bulk element batch number 4405 for stress verification
Copper Component Type-4406,150.5,rolls,45.99,20.0,Fitted bulk element batch number 4406 for stress verification
Copper Component Type-4407,150.5,sheets,45.99,20.0,Fitted bulk element batch number 4407 for stress verification
Copper Component Type-4408,150.5,pieces,45.99,20.0,Fitted bulk element batch number 4408 for stress verification
Copper Component Type-4409,150.5,lbs,45.99,20.0,Fitted bulk element batch number 4409 for stress verification
Copper Component Type-4410,150.5,linear ft,45.99,20.0,Fitted bulk element batch number 4410 for stress verification
Copper Component Type-4411,150.5,sq ft,45.99,20.0,Fitted bulk element batch number 4411 for stress verification
Copper Component Type-4412,150.5,rolls,45.99,20.0,Fitted bulk element batch number 4412 for stress verification
Copper Component Type-4413,150.5,sheets,45.99,20.0,Fitted bulk element batch number 4413 for stress verification
Copper Component Type-4414,150.5,pieces,45.99,20.0,Fitted bulk element batch number 4414 for stress verification
Copper Component Type-4415,150.5,lbs,45.99,20.0,Fitted bulk element batch number 4415 for stress verification
Copper Component Type-4416,150.5,linear ft,45.99,20.0,Fitted bulk element batch number 4416 for stress verification
Copper Component Type-4417,150.5,sq ft,45.99,20.0,Fitted bulk element batch number 4417 for stress verification
Copper Component Type-4418,150.5,rolls,45.99,20.0,Fitted bulk element batch number 4418 for stress verification
Copper Component Type-4419,150.5,sheets,45.99,20.0,Fitted bulk element batch number 4419 for stress verification
Copper Component Type-4420,150.5,pieces,45.99,20.0,Fitted bulk element batch number 4420 for stress verification
Copper Component Type-4421,150.5,lbs,45.99,20.0,Fitted bulk element batch number 4421 for stress verification
Copper Component Type-4422,150.5,linear ft,45.99,20.0,Fitted bulk element batch number 4422 for stress verification
Copper Component Type-4423,150.5,sq ft,45.99,20.0,Fitted bulk element batch number 4423 for stress verification
Copper Component Type-4424,150.5,rolls,45.99,20.0,Fitted bulk element batch number 4424 for stress verification
Copper Component Type-4425,150.5,sheets,45.99,20.0,Fitted bulk element batch number 4425 for stress verification
Copper Component Type-4426,150.5,pieces,45.99,20.0,Fitted bulk element batch number 4426 for stress verification
Copper Component Type-4427,150.5,lbs,45.99,20.0,Fitted bulk element batch number 4427 for stress verification
Copper Component Type-4428,150.5,linear ft,45.99,20.0,Fitted bulk element batch number 4428 for stress verification
Copper Component Type-4429,150.5,sq ft,45.99,20.0,Fitted bulk element batch number 4429 for stress verification
Copper Component Type-4430,150.5,rolls,45.99,20.0,Fitted bulk element batch number 4430 for stress verification
Copper Component Type-4431,150.5,sheets,45.99,20.0,Fitted bulk element batch number 4431 for stress verification
Copper Component Type-4432,150.5,pieces,45.99,20.0,Fitted bulk element batch number 4432 for stress verification
Copper Component Type-4433,150.5,lbs,45.99,20.0,Fitted bulk element batch number 4433 for stress verification
Copper Component Type-4434,150.5,linear ft,45.99,20.0,Fitted bulk element batch number 4434 for stress verification
Copper Component Type-4435,150.5,sq ft,45.99,20.0,Fitted bulk element batch number 4435 for stress verification
Copper Component Type-4436,150.5,rolls,45.99,20.0,Fitted bulk element batch number 4436 for stress verification
Copper Component Type-4437,150.5,sheets,45.99,20.0,Fitted bulk element batch number 4437 for stress verification
Copper Component Type-4438,150.5,pieces,45.99,20.0,Fitted bulk element batch number 4438 for stress verification
Copper Component Type-4439,150.5,lbs,45.99,20.0,Fitted bulk element batch number 4439 for stress verification
Copper Component Type-4440,150.5,linear ft,45.99,20.0,Fitted bulk element batch number 4440 for stress verification
Copper Component Type-4441,150.5,sq ft,45.99,20.0,Fitted bulk element batch number 4441 for stress verification
Copper Component Type-4442,150.5,rolls,45.99,20.0,Fitted bulk element batch number 4442 for stress verification
Copper Component Type-4443,150.5,sheets,45.99,20.0,Fitted bulk element batch number 4443 for stress verification
Copper Component Type-4444,150.5,pieces,45.99,20.0,Fitted bulk element batch number 4444 for stress verification
Copper Component Type-4445,150.5,lbs,45.99,20.0,Fitted bulk element batch number 4445 for stress verification
Copper Component Type-4446,150.5,linear ft,45.99,20.0,Fitted bulk element batch number 4446 for stress verification
Copper Component Type-4447,150.5,sq ft,45.99,20.0,Fitted bulk element batch number 4447 for stress verification
Copper Component Type-4448,150.5,rolls,45.99,20.0,Fitted bulk element batch number 4448 for stress verification
Copper Component Type-4449,150.5,sheets,45.99,20.0,Fitted bulk element batch number 4449 for stress verification
Copper Component Type-4450,150.5,pieces,45.99,20.0,Fitted bulk element batch number 4450 for stress verification
Copper Component Type-4451,150.5,lbs,45.99,20.0,Fitted bulk element batch number 4451 for stress verification
Copper Component Type-4452,150.5,linear ft,45.99,20.0,Fitted bulk element batch number 4452 for stress verification
Copper Component Type-4453,150.5,sq ft,45.99,20.0,Fitted bulk element batch number 4453 for stress verification
Copper Component Type-4454,150.5,rolls,45.99,20.0,Fitted bulk element batch number 4454 for stress verification
Copper Component Type-4455,150.5,sheets,45.99,20.0,Fitted bulk element batch number 4455 for stress verification
Copper Component Type-4456,150.5,pieces,45.99,20.0,Fitted bulk element batch number 4456 for stress verification
Copper Component Type-4457,150.5,lbs,45.99,20.0,Fitted bulk element batch number 4457 for stress verification
Copper Component Type-4458,150.5,linear ft,45.99,20.0,Fitted bulk element batch number 4458 for stress verification
Copper Component Type-4459,150.5,sq ft,45.99,20.0,Fitted bulk element batch number 4459 for stress verification
Copper Component Type-4460,150.5,rolls,45.99,20.0,Fitted bulk element batch number 4460 for stress verification
Copper Component Type-4461,150.5,sheets,45.99,20.0,Fitted bulk element batch number 4461 for stress verification
Copper Component Type-4462,150.5,pieces,45.99,20.0,Fitted bulk element batch number 4462 for stress verification
Copper Component Type-4463,150.5,lbs,45.99,20.0,Fitted bulk element batch number 4463 for stress verification
Copper Component Type-4464,150.5,linear ft,45.99,20.0,Fitted bulk element batch number 4464 for stress verification
Copper Component Type-4465,150.5,sq ft,45.99,20.0,Fitted bulk element batch number 4465 for stress verification
Copper Component Type-4466,150.5,rolls,45.99,20.0,Fitted bulk element batch number 4466 for stress verification
Copper Component Type-4467,150.5,sheets,45.99,20.0,Fitted bulk element batch number 4467 for stress verification
Copper Component Type-4468,150.5,pieces,45.99,20.0,Fitted bulk element batch number 4468 for stress verification
Copper Component Type-4469,150.5,lbs,45.99,20.0,Fitted bulk element batch number 4469 for stress verification
Copper Component Type-4470,150.5,linear ft,45.99,20.0,Fitted bulk element batch number 4470 for stress verification
Copper Component Type-4471,150.5,sq ft,45.99,20.0,Fitted bulk element batch number 4471 for stress verification
Copper Component Type-4472,150.5,rolls,45.99,20.0,Fitted bulk element batch number 4472 for stress verification
Copper Component Type-4473,150.5,sheets,45.99,20.0,Fitted bulk element batch number 4473 for stress verification
Copper Component Type-4474,150.5,pieces,45.99,20.0,Fitted bulk element batch number 4474 for stress verification
Copper Component Type-4475,150.5,lbs,45.99,20.0,Fitted bulk element batch number 4475 for stress verification
Copper Component Type-4476,150.5,linear ft,45.99,20.0,Fitted bulk element batch number 4476 for stress verification
Copper Component Type-4477,150.5,sq ft,45.99,20.0,Fitted bulk element batch number 4477 for stress verification
Copper Component Type-4478,150.5,rolls,45.99,20.0,Fitted bulk element batch number 4478 for stress verification
Copper Component Type-4479,150.5,sheets,45.99,20.0,Fitted bulk element batch number 4479 for stress verification
Copper Component Type-4480,150.5,pieces,45.99,20.0,Fitted bulk element batch number 4480 for stress verification
Copper Component Type-4481,150.5,lbs,45.99,20.0,Fitted bulk element batch number 4481 for stress verification
Copper Component Type-4482,150.5,linear ft,45.99,20.0,Fitted bulk element batch number 4482 for stress verification
Copper Component Type-4483,150.5,sq ft,45.99,20.0,Fitted bulk element batch number 4483 for stress verification
Copper Component Type-4484,150.5,rolls,45.99,20.0,Fitted bulk element batch number 4484 for stress verification
Copper Component Type-4485,150.5,sheets,45.99,20.0,Fitted bulk element batch number 4485 for stress verification
Copper Component Type-4486,150.5,pieces,45.99,20.0,Fitted bulk element batch number 4486 for stress verification
Copper Component Type-4487,150.5,lbs,45.99,20.0,Fitted bulk element batch number 4487 for stress verification
Copper Component Type-4488,150.5,linear ft,45.99,20.0,Fitted bulk element batch number 4488 for stress verification
Copper Component Type-4489,150.5,sq ft,45.99,20.0,Fitted bulk element batch number 4489 for stress verification
Copper Component Type-4490,150.5,rolls,45.99,20.0,Fitted bulk element batch number 4490 for stress verification
Copper Component Type-4491,150.5,sheets,45.99,20.0,Fitted bulk element batch number 4491 for stress verification
Copper Component Type-4492,150.5,pieces,45.99,20.0,Fitted bulk element batch number 4492 for stress verification
Copper Component Type-4493,150.5,lbs,45.99,20.0,Fitted bulk element batch number 4493 for stress verification
Copper Component Type-4494,150.5,linear ft,45.99,20.0,Fitted bulk element batch number 4494 for stress verification
Copper Component Type-4495,150.5,sq ft,45.99,20.0,Fitted bulk element batch number 4495 for stress verification
Copper Component Type-4496,150.5,rolls,45.99,20.0,Fitted bulk element batch number 4496 for stress verification
Copper Component Type-4497,150.5,sheets,45.99,20.0,Fitted bulk element batch number 4497 for stress verification
Copper Component Type-4498,150.5,pieces,45.99,20.0,Fitted bulk element batch number 4498 for stress verification
Copper Component Type-4499,150.5,lbs,45.99,20.0,Fitted bulk element batch number 4499 for stress verification
Copper Component Type-4500,150.5,linear ft,45.99,20.0,Fitted bulk element batch number 4500 for stress verification
Copper Component Type-4501,150.5,sq ft,45.99,20.0,Fitted bulk element batch number 4501 for stress verification
Copper Component Type-4502,150.5,rolls,45.99,20.0,Fitted bulk element batch number 4502 for stress verification
Copper Component Type-4503,150.5,sheets,45.99,20.0,Fitted bulk element batch number 4503 for stress verification
Copper Component Type-4504,150.5,pieces,45.99,20.0,Fitted bulk element batch number 4504 for stress verification
Copper Component Type-4505,150.5,lbs,45.99,20.0,Fitted bulk element batch number 4505 for stress verification
Copper Component Type-4506,150.5,linear ft,45.99,20.0,Fitted bulk element batch number 4506 for stress verification
Copper Component Type-4507,150.5,sq ft,45.99,20.0,Fitted bulk element batch number 4507 for stress verification
Copper Component Type-4508,150.5,rolls,45.99,20.0,Fitted bulk element batch number 4508 for stress verification
Copper Component Type-4509,150.5,sheets,45.99,20.0,Fitted bulk element batch number 4509 for stress verification
Copper Component Type-4510,150.5,pieces,45.99,20.0,Fitted bulk element batch number 4510 for stress verification
Copper Component Type-4511,150.5,lbs,45.99,20.0,Fitted bulk element batch number 4511 for stress verification
Copper Component Type-4512,150.5,linear ft,45.99,20.0,Fitted bulk element batch number 4512 for stress verification
Copper Component Type-4513,150.5,sq ft,45.99,20.0,Fitted bulk element batch number 4513 for stress verification
Copper Component Type-4514,150.5,rolls,45.99,20.0,Fitted bulk element batch number 4514 for stress verification
Copper Component Type-4515,150.5,sheets,45.99,20.0,Fitted bulk element batch number 4515 for stress verification
Copper Component Type-4516,150.5,pieces,45.99,20.0,Fitted bulk element batch number 4516 for stress verification
Copper Component Type-4517,150.5,lbs,45.99,20.0,Fitted bulk element batch number 4517 for stress verification
Copper Component Type-4518,150.5,linear ft,45.99,20.0,Fitted bulk element batch number 4518 for stress verification
Copper Component Type-4519,150.5,sq ft,45.99,20.0,Fitted bulk element batch number 4519 for stress verification
Copper Component Type-4520,150.5,rolls,45.99,20.0,Fitted bulk element batch number 4520 for stress verification
Copper Component Type-4521,150.5,sheets,45.99,20.0,Fitted bulk element batch number 4521 for stress verification
Copper Component Type-4522,150.5,pieces,45.99,20.0,Fitted bulk element batch number 4522 for stress verification
Copper Component Type-4523,150.5,lbs,45.99,20.0,Fitted bulk element batch number 4523 for stress verification
Copper Component Type-4524,150.5,linear ft,45.99,20.0,Fitted bulk element batch number 4524 for stress verification
Copper Component Type-4525,150.5,sq ft,45.99,20.0,Fitted bulk element batch number 4525 for stress verification
Copper Component Type-4526,150.5,rolls,45.99,20.0,Fitted bulk element batch number 4526 for stress verification
Copper Component Type-4527,150.5,sheets,45.99,20.0,Fitted bulk element batch number 4527 for stress verification
Copper Component Type-4528,150.5,pieces,45.99,20.0,Fitted bulk element batch number 4528 for stress verification
Copper Component Type-4529,150.5,lbs,45.99,20.0,Fitted bulk element batch number 4529 for stress verification
Copper Component Type-4530,150.5,linear ft,45.99,20.0,Fitted bulk element batch number 4530 for stress verification
Copper Component Type-4531,150.5,sq ft,45.99,20.0,Fitted bulk element batch number 4531 for stress verification
Copper Component Type-4532,150.5,rolls,45.99,20.0,Fitted bulk element batch number 4532 for stress verification
Copper Component Type-4533,150.5,sheets,45.99,20.0,Fitted bulk element batch number 4533 for stress verification
Copper Component Type-4534,150.5,pieces,45.99,20.0,Fitted bulk element batch number 4534 for stress verification
Copper Component Type-4535,150.5,lbs,45.99,20.0,Fitted bulk element batch number 4535 for stress verification
Copper Component Type-4536,150.5,linear ft,45.99,20.0,Fitted bulk element batch number 4536 for stress verification
Copper Component Type-4537,150.5,sq ft,45.99,20.0,Fitted bulk element batch number 4537 for stress verification
Copper Component Type-4538,150.5,rolls,45.99,20.0,Fitted bulk element batch number 4538 for stress verification
Copper Component Type-4539,150.5,sheets,45.99,20.0,Fitted bulk element batch number 4539 for stress verification
Copper Component Type-4540,150.5,pieces,45.99,20.0,Fitted bulk element batch number 4540 for stress verification
Copper Component Type-4541,150.5,lbs,45.99,20.0,Fitted bulk element batch number 4541 for stress verification
Copper Component Type-4542,150.5,linear ft,45.99,20.0,Fitted bulk element batch number 4542 for stress verification
Copper Component Type-4543,150.5,sq ft,45.99,20.0,Fitted bulk element batch number 4543 for stress verification
Copper Component Type-4544,150.5,rolls,45.99,20.0,Fitted bulk element batch number 4544 for stress verification
Copper Component Type-4545,150.5,sheets,45.99,20.0,Fitted bulk element batch number 4545 for stress verification
Copper Component Type-4546,150.5,pieces,45.99,20.0,Fitted bulk element batch number 4546 for stress verification
Copper Component Type-4547,150.5,lbs,45.99,20.0,Fitted bulk element batch number 4547 for stress verification
Copper Component Type-4548,150.5,linear ft,45.99,20.0,Fitted bulk element batch number 4548 for stress verification
Copper Component Type-4549,150.5,sq ft,45.99,20.0,Fitted bulk element batch number 4549 for stress verification
Copper Component Type-4550,150.5,rolls,45.99,20.0,Fitted bulk element batch number 4550 for stress verification
Copper Component Type-4551,150.5,sheets,45.99,20.0,Fitted bulk element batch number 4551 for stress verification
Copper Component Type-4552,150.5,pieces,45.99,20.0,Fitted bulk element batch number 4552 for stress verification
Copper Component Type-4553,150.5,lbs,45.99,20.0,Fitted bulk element batch number 4553 for stress verification
Copper Component Type-4554,150.5,linear ft,45.99,20.0,Fitted bulk element batch number 4554 for stress verification
Copper Component Type-4555,150.5,sq ft,45.99,20.0,Fitted bulk element batch number 4555 for stress verification
Copper Component Type-4556,150.5,rolls,45.99,20.0,Fitted bulk element batch number 4556 for stress verification
Copper Component Type-4557,150.5,sheets,45.99,20.0,Fitted bulk element batch number 4557 for stress verification
Copper Component Type-4558,150.5,pieces,45.99,20.0,Fitted bulk element batch number 4558 for stress verification
Copper Component Type-4559,150.5,lbs,45.99,20.0,Fitted bulk element batch number 4559 for stress verification
Copper Component Type-4560,150.5,linear ft,45.99,20.0,Fitted bulk element batch number 4560 for stress verification
Copper Component Type-4561,150.5,sq ft,45.99,20.0,Fitted bulk element batch number 4561 for stress verification
Copper Component Type-4562,150.5,rolls,45.99,20.0,Fitted bulk element batch number 4562 for stress verification
Copper Component Type-4563,150.5,sheets,45.99,20.0,Fitted bulk element batch number 4563 for stress verification
Copper Component Type-4564,150.5,pieces,45.99,20.0,Fitted bulk element batch number 4564 for stress verification
Copper Component Type-4565,150.5,lbs,45.99,20.0,Fitted bulk element batch number 4565 for stress verification
Copper Component Type-4566,150.5,linear ft,45.99,20.0,Fitted bulk element batch number 4566 for stress verification
Copper Component Type-4567,150.5,sq ft,45.99,20.0,Fitted bulk element batch number 4567 for stress verification
Copper Component Type-4568,150.5,rolls,45.99,20.0,Fitted bulk element batch number 4568 for stress verification
Copper Component Type-4569,150.5,sheets,45.99,20.0,Fitted bulk element batch number 4569 for stress verification
Copper Component Type-4570,150.5,pieces,45.99,20.0,Fitted bulk element batch number 4570 for stress verification
Copper Component Type-4571,150.5,lbs,45.99,20.0,Fitted bulk element batch number 4571 for stress verification
Copper Component Type-4572,150.5,linear ft,45.99,20.0,Fitted bulk element batch number 4572 for stress verification
Copper Component Type-4573,150.5,sq ft,45.99,20.0,Fitted bulk element batch number 4573 for stress verification
Copper Component Type-4574,150.5,rolls,45.99,20.0,Fitted bulk element batch number 4574 for stress verification
Copper Component Type-4575,150.5,sheets,45.99,20.0,Fitted bulk element batch number 4575 for stress verification
Copper Component Type-4576,150.5,pieces,45.99,20.0,Fitted bulk element batch number 4576 for stress verification
Copper Component Type-4577,150.5,lbs,45.99,20.0,Fitted bulk element batch number 4577 for stress verification
Copper Component Type-4578,150.5,linear ft,45.99,20.0,Fitted bulk element batch number 4578 for stress verification
Copper Component Type-4579,150.5,sq ft,45.99,20.0,Fitted bulk element batch number 4579 for stress verification
Copper Component Type-4580,150.5,rolls,45.99,20.0,Fitted bulk element batch number 4580 for stress verification
Copper Component Type-4581,150.5,sheets,45.99,20.0,Fitted bulk element batch number 4581 for stress verification
Copper Component Type-4582,150.5,pieces,45.99,20.0,Fitted bulk element batch number 4582 for stress verification
Copper Component Type-4583,150.5,lbs,45.99,20.0,Fitted bulk element batch number 4583 for stress verification
Copper Component Type-4584,150.5,linear ft,45.99,20.0,Fitted bulk element batch number 4584 for stress verification
Copper Component Type-4585,150.5,sq ft,45.99,20.0,Fitted bulk element batch number 4585 for stress verification
Copper Component Type-4586,150.5,rolls,45.99,20.0,Fitted bulk element batch number 4586 for stress verification
Copper Component Type-4587,150.5,sheets,45.99,20.0,Fitted bulk element batch number 4587 for stress verification
Copper Component Type-4588,150.5,pieces,45.99,20.0,Fitted bulk element batch number 4588 for stress verification
Copper Component Type-4589,150.5,lbs,45.99,20.0,Fitted bulk element batch number 4589 for stress verification
Copper Component Type-4590,150.5,linear ft,45.99,20.0,Fitted bulk element batch number 4590 for stress verification
Copper Component Type-4591,150.5,sq ft,45.99,20.0,Fitted bulk element batch number 4591 for stress verification
Copper Component Type-4592,150.5,rolls,45.99,20.0,Fitted bulk element batch number 4592 for stress verification
Copper Component Type-4593,150.5,sheets,45.99,20.0,Fitted bulk element batch number 4593 for stress verification
Copper Component Type-4594,150.5,pieces,45.99,20.0,Fitted bulk element batch number 4594 for stress verification
Copper Component Type-4595,150.5,lbs,45.99,20.0,Fitted bulk element batch number 4595 for stress verification
Copper Component Type-4596,150.5,linear ft,45.99,20.0,Fitted bulk element batch number 4596 for stress verification
Copper Component Type-4597,150.5,sq ft,45.99,20.0,Fitted bulk element batch number 4597 for stress verification
Copper Component Type-4598,150.5,rolls,45.99,20.0,Fitted bulk element batch number 4598 for stress verification
Copper Component Type-4599,150.5,sheets,45.99,20.0,Fitted bulk element batch number 4599 for stress verification
Copper Component Type-4600,150.5,pieces,45.99,20.0,Fitted bulk element batch number 4600 for stress verification
Copper Component Type-4601,150.5,lbs,45.99,20.0,Fitted bulk element batch number 4601 for stress verification
Copper Component Type-4602,150.5,linear ft,45.99,20.0,Fitted bulk element batch number 4602 for stress verification
Copper Component Type-4603,150.5,sq ft,45.99,20.0,Fitted bulk element batch number 4603 for stress verification
Copper Component Type-4604,150.5,rolls,45.99,20.0,Fitted bulk element batch number 4604 for stress verification
Copper Component Type-4605,150.5,sheets,45.99,20.0,Fitted bulk element batch number 4605 for stress verification
Copper Component Type-4606,150.5,pieces,45.99,20.0,Fitted bulk element batch number 4606 for stress verification
Copper Component Type-4607,150.5,lbs,45.99,20.0,Fitted bulk element batch number 4607 for stress verification
Copper Component Type-4608,150.5,linear ft,45.99,20.0,Fitted bulk element batch number 4608 for stress verification
Copper Component Type-4609,150.5,sq ft,45.99,20.0,Fitted bulk element batch number 4609 for stress verification
Copper Component Type-4610,150.5,rolls,45.99,20.0,Fitted bulk element batch number 4610 for stress verification
Copper Component Type-4611,150.5,sheets,45.99,20.0,Fitted bulk element batch number 4611 for stress verification
Copper Component Type-4612,150.5,pieces,45.99,20.0,Fitted bulk element batch number 4612 for stress verification
Copper Component Type-4613,150.5,lbs,45.99,20.0,Fitted bulk element batch number 4613 for stress verification
Copper Component Type-4614,150.5,linear ft,45.99,20.0,Fitted bulk element batch number 4614 for stress verification
Copper Component Type-4615,150.5,sq ft,45.99,20.0,Fitted bulk element batch number 4615 for stress verification
Copper Component Type-4616,150.5,rolls,45.99,20.0,Fitted bulk element batch number 4616 for stress verification
Copper Component Type-4617,150.5,sheets,45.99,20.0,Fitted bulk element batch number 4617 for stress verification
Copper Component Type-4618,150.5,pieces,45.99,20.0,Fitted bulk element batch number 4618 for stress verification
Copper Component Type-4619,150.5,lbs,45.99,20.0,Fitted bulk element batch number 4619 for stress verification
Copper Component Type-4620,150.5,linear ft,45.99,20.0,Fitted bulk element batch number 4620 for stress verification
Copper Component Type-4621,150.5,sq ft,45.99,20.0,Fitted bulk element batch number 4621 for stress verification
Copper Component Type-4622,150.5,rolls,45.99,20.0,Fitted bulk element batch number 4622 for stress verification
Copper Component Type-4623,150.5,sheets,45.99,20.0,Fitted bulk element batch number 4623 for stress verification
Copper Component Type-4624,150.5,pieces,45.99,20.0,Fitted bulk element batch number 4624 for stress verification
Copper Component Type-4625,150.5,lbs,45.99,20.0,Fitted bulk element batch number 4625 for stress verification
Copper Component Type-4626,150.5,linear ft,45.99,20.0,Fitted bulk element batch number 4626 for stress verification
Copper Component Type-4627,150.5,sq ft,45.99,20.0,Fitted bulk element batch number 4627 for stress verification
Copper Component Type-4628,150.5,rolls,45.99,20.0,Fitted bulk element batch number 4628 for stress verification
Copper Component Type-4629,150.5,sheets,45.99,20.0,Fitted bulk element batch number 4629 for stress verification
Copper Component Type-4630,150.5,pieces,45.99,20.0,Fitted bulk element batch number 4630 for stress verification
Copper Component Type-4631,150.5,lbs,45.99,20.0,Fitted bulk element batch number 4631 for stress verification
Copper Component Type-4632,150.5,linear ft,45.99,20.0,Fitted bulk element batch number 4632 for stress verification
Copper Component Type-4633,150.5,sq ft,45.99,20.0,Fitted bulk element batch number 4633 for stress verification
Copper Component Type-4634,150.5,rolls,45.99,20.0,Fitted bulk element batch number 4634 for stress verification
Copper Component Type-4635,150.5,sheets,45.99,20.0,Fitted bulk element batch number 4635 for stress verification
Copper Component Type-4636,150.5,pieces,45.99,20.0,Fitted bulk element batch number 4636 for stress verification
Copper Component Type-4637,150.5,lbs,45.99,20.0,Fitted bulk element batch number 4637 for stress verification
Copper Component Type-4638,150.5,linear ft,45.99,20.0,Fitted bulk element batch number 4638 for stress verification
Copper Component Type-4639,150.5,sq ft,45.99,20.0,Fitted bulk element batch number 4639 for stress verification
Copper Component Type-4640,150.5,rolls,45.99,20.0,Fitted bulk element batch number 4640 for stress verification
Copper Component Type-4641,150.5,sheets,45.99,20.0,Fitted bulk element batch number 4641 for stress verification
Copper Component Type-4642,150.5,pieces,45.99,20.0,Fitted bulk element batch number 4642 for stress verification
Copper Component Type-4643,150.5,lbs,45.99,20.0,Fitted bulk element batch number 4643 for stress verification
Copper Component Type-4644,150.5,linear ft,45.99,20.0,Fitted bulk element batch number 4644 for stress verification
Copper Component Type-4645,150.5,sq ft,45.99,20.0,Fitted bulk element batch number 4645 for stress verification
Copper Component Type-4646,150.5,rolls,45.99,20.0,Fitted bulk element batch number 4646 for stress verification
Copper Component Type-4647,150.5,sheets,45.99,20.0,Fitted bulk element batch number 4647 for stress verification
Copper Component Type-4648,150.5,pieces,45.99,20.0,Fitted bulk element batch number 4648 for stress verification
Copper Component Type-4649,150.5,lbs,45.99,20.0,Fitted bulk element batch number 4649 for stress verification
Copper Component Type-4650,150.5,linear ft,45.99,20.0,Fitted bulk element batch number 4650 for stress verification
Copper Component Type-4651,150.5,sq ft,45.99,20.0,Fitted bulk element batch number 4651 for stress verification
Copper Component Type-4652,150.5,rolls,45.99,20.0,Fitted bulk element batch number 4652 for stress verification
Copper Component Type-4653,150.5,sheets,45.99,20.0,Fitted bulk element batch number 4653 for stress verification
Copper Component Type-4654,150.5,pieces,45.99,20.0,Fitted bulk element batch number 4654 for stress verification
Copper Component Type-4655,150.5,lbs,45.99,20.0,Fitted bulk element batch number 4655 for stress verification
Copper Component Type-4656,150.5,linear ft,45.99,20.0,Fitted bulk element batch number 4656 for stress verification
Copper Component Type-4657,150.5,sq ft,45.99,20.0,Fitted bulk element batch number 4657 for stress verification
Copper Component Type-4658,150.5,rolls,45.99,20.0,Fitted bulk element batch number 4658 for stress verification
Copper Component Type-4659,150.5,sheets,45.99,20.0,Fitted bulk element batch number 4659 for stress verification
Copper Component Type-4660,150.5,pieces,45.99,20.0,Fitted bulk element batch number 4660 for stress verification
Copper Component Type-4661,150.5,lbs,45.99,20.0,Fitted bulk element batch number 4661 for stress verification
Copper Component Type-4662,150.5,linear ft,45.99,20.0,Fitted bulk element batch number 4662 for stress verification
Copper Component Type-4663,150.5,sq ft,45.99,20.0,Fitted bulk element batch number 4663 for stress verification
Copper Component Type-4664,150.5,rolls,45.99,20.0,Fitted bulk element batch number 4664 for stress verification
Copper Component Type-4665,150.5,sheets,45.99,20.0,Fitted bulk element batch number 4665 for stress verification
Copper Component Type-4666,150.5,pieces,45.99,20.0,Fitted bulk element batch number 4666 for stress verification
Copper Component Type-4667,150.5,lbs,45.99,20.0,Fitted bulk element batch number 4667 for stress verification
Copper Component Type-4668,150.5,linear ft,45.99,20.0,Fitted bulk element batch number 4668 for stress verification
Copper Component Type-4669,150.5,sq ft,45.99,20.0,Fitted bulk element batch number 4669 for stress verification
Copper Component Type-4670,150.5,rolls,45.99,20.0,Fitted bulk element batch number 4670 for stress verification
Copper Component Type-4671,150.5,sheets,45.99,20.0,Fitted bulk element batch number 4671 for stress verification
Copper Component Type-4672,150.5,pieces,45.99,20.0,Fitted bulk element batch number 4672 for stress verification
Copper Component Type-4673,150.5,lbs,45.99,20.0,Fitted bulk element batch number 4673 for stress verification
Copper Component Type-4674,150.5,linear ft,45.99,20.0,Fitted bulk element batch number 4674 for stress verification
Copper Component Type-4675,150.5,sq ft,45.99,20.0,Fitted bulk element batch number 4675 for stress verification
Copper Component Type-4676,150.5,rolls,45.99,20.0,Fitted bulk element batch number 4676 for stress verification
Copper Component Type-4677,150.5,sheets,45.99,20.0,Fitted bulk element batch number 4677 for stress verification
Copper Component Type-4678,150.5,pieces,45.99,20.0,Fitted bulk element batch number 4678 for stress verification
Copper Component Type-4679,150.5,lbs,45.99,20.0,Fitted bulk element batch number 4679 for stress verification
Copper Component Type-4680,150.5,linear ft,45.99,20.0,Fitted bulk element batch number 4680 for stress verification
Copper Component Type-4681,150.5,sq ft,45.99,20.0,Fitted bulk element batch number 4681 for stress verification
Copper Component Type-4682,150.5,rolls,45.99,20.0,Fitted bulk element batch number 4682 for stress verification
Copper Component Type-4683,150.5,sheets,45.99,20.0,Fitted bulk element batch number 4683 for stress verification
Copper Component Type-4684,150.5,pieces,45.99,20.0,Fitted bulk element batch number 4684 for stress verification
Copper Component Type-4685,150.5,lbs,45.99,20.0,Fitted bulk element batch number 4685 for stress verification
Copper Component Type-4686,150.5,linear ft,45.99,20.0,Fitted bulk element batch number 4686 for stress verification
Copper Component Type-4687,150.5,sq ft,45.99,20.0,Fitted bulk element batch number 4687 for stress verification
Copper Component Type-4688,150.5,rolls,45.99,20.0,Fitted bulk element batch number 4688 for stress verification
Copper Component Type-4689,150.5,sheets,45.99,20.0,Fitted bulk element batch number 4689 for stress verification
Copper Component Type-4690,150.5,pieces,45.99,20.0,Fitted bulk element batch number 4690 for stress verification
Copper Component Type-4691,150.5,lbs,45.99,20.0,Fitted bulk element batch number 4691 for stress verification
Copper Component Type-4692,150.5,linear ft,45.99,20.0,Fitted bulk element batch number 4692 for stress verification
Copper Component Type-4693,150.5,sq ft,45.99,20.0,Fitted bulk element batch number 4693 for stress verification
Copper Component Type-4694,150.5,rolls,45.99,20.0,Fitted bulk element batch number 4694 for stress verification
Copper Component Type-4695,150.5,sheets,45.99,20.0,Fitted bulk element batch number 4695 for stress verification
Copper Component Type-4696,150.5,pieces,45.99,20.0,Fitted bulk element batch number 4696 for stress verification
Copper Component Type-4697,150.5,lbs,45.99,20.0,Fitted bulk element batch number 4697 for stress verification
Copper Component Type-4698,150.5,linear ft,45.99,20.0,Fitted bulk element batch number 4698 for stress verification
Copper Component Type-4699,150.5,sq ft,45.99,20.0,Fitted bulk element batch number 4699 for stress verification
Copper Component Type-4700,150.5,rolls,45.99,20.0,Fitted bulk element batch number 4700 for stress verification
Copper Component Type-4701,150.5,sheets,45.99,20.0,Fitted bulk element batch number 4701 for stress verification
Copper Component Type-4702,150.5,pieces,45.99,20.0,Fitted bulk element batch number 4702 for stress verification
Copper Component Type-4703,150.5,lbs,45.99,20.0,Fitted bulk element batch number 4703 for stress verification
Copper Component Type-4704,150.5,linear ft,45.99,20.0,Fitted bulk element batch number 4704 for stress verification
Copper Component Type-4705,150.5,sq ft,45.99,20.0,Fitted bulk element batch number 4705 for stress verification
Copper Component Type-4706,150.5,rolls,45.99,20.0,Fitted bulk element batch number 4706 for stress verification
Copper Component Type-4707,150.5,sheets,45.99,20.0,Fitted bulk element batch number 4707 for stress verification
Copper Component Type-4708,150.5,pieces,45.99,20.0,Fitted bulk element batch number 4708 for stress verification
Copper Component Type-4709,150.5,lbs,45.99,20.0,Fitted bulk element batch number 4709 for stress verification
Copper Component Type-4710,150.5,linear ft,45.99,20.0,Fitted bulk element batch number 4710 for stress verification
Copper Component Type-4711,150.5,sq ft,45.99,20.0,Fitted bulk element batch number 4711 for stress verification
Copper Component Type-4712,150.5,rolls,45.99,20.0,Fitted bulk element batch number 4712 for stress verification
Copper Component Type-4713,150.5,sheets,45.99,20.0,Fitted bulk element batch number 4713 for stress verification
Copper Component Type-4714,150.5,pieces,45.99,20.0,Fitted bulk element batch number 4714 for stress verification
Copper Component Type-4715,150.5,lbs,45.99,20.0,Fitted bulk element batch number 4715 for stress verification
Copper Component Type-4716,150.5,linear ft,45.99,20.0,Fitted bulk element batch number 4716 for stress verification
Copper Component Type-4717,150.5,sq ft,45.99,20.0,Fitted bulk element batch number 4717 for stress verification
Copper Component Type-4718,150.5,rolls,45.99,20.0,Fitted bulk element batch number 4718 for stress verification
Copper Component Type-4719,150.5,sheets,45.99,20.0,Fitted bulk element batch number 4719 for stress verification
Copper Component Type-4720,150.5,pieces,45.99,20.0,Fitted bulk element batch number 4720 for stress verification
Copper Component Type-4721,150.5,lbs,45.99,20.0,Fitted bulk element batch number 4721 for stress verification
Copper Component Type-4722,150.5,linear ft,45.99,20.0,Fitted bulk element batch number 4722 for stress verification
Copper Component Type-4723,150.5,sq ft,45.99,20.0,Fitted bulk element batch number 4723 for stress verification
Copper Component Type-4724,150.5,rolls,45.99,20.0,Fitted bulk element batch number 4724 for stress verification
Copper Component Type-4725,150.5,sheets,45.99,20.0,Fitted bulk element batch number 4725 for stress verification
Copper Component Type-4726,150.5,pieces,45.99,20.0,Fitted bulk element batch number 4726 for stress verification
Copper Component Type-4727,150.5,lbs,45.99,20.0,Fitted bulk element batch number 4727 for stress verification
Copper Component Type-4728,150.5,linear ft,45.99,20.0,Fitted bulk element batch number 4728 for stress verification
Copper Component Type-4729,150.5,sq ft,45.99,20.0,Fitted bulk element batch number 4729 for stress verification
Copper Component Type-4730,150.5,rolls,45.99,20.0,Fitted bulk element batch number 4730 for stress verification
Copper Component Type-4731,150.5,sheets,45.99,20.0,Fitted bulk element batch number 4731 for stress verification
Copper Component Type-4732,150.5,pieces,45.99,20.0,Fitted bulk element batch number 4732 for stress verification
Copper Component Type-4733,150.5,lbs,45.99,20.0,Fitted bulk element batch number 4733 for stress verification
Copper Component Type-4734,150.5,linear ft,45.99,20.0,Fitted bulk element batch number 4734 for stress verification
Copper Component Type-4735,150.5,sq ft,45.99,20.0,Fitted bulk element batch number 4735 for stress verification
Copper Component Type-4736,150.5,rolls,45.99,20.0,Fitted bulk element batch number 4736 for stress verification
Copper Component Type-4737,150.5,sheets,45.99,20.0,Fitted bulk element batch number 4737 for stress verification
Copper Component Type-4738,150.5,pieces,45.99,20.0,Fitted bulk element batch number 4738 for stress verification
Copper Component Type-4739,150.5,lbs,45.99,20.0,Fitted bulk element batch number 4739 for stress verification
Copper Component Type-4740,150.5,linear ft,45.99,20.0,Fitted bulk element batch number 4740 for stress verification
Copper Component Type-4741,150.5,sq ft,45.99,20.0,Fitted bulk element batch number 4741 for stress verification
Copper Component Type-4742,150.5,rolls,45.99,20.0,Fitted bulk element batch number 4742 for stress verification
Copper Component Type-4743,150.5,sheets,45.99,20.0,Fitted bulk element batch number 4743 for stress verification
Copper Component Type-4744,150.5,pieces,45.99,20.0,Fitted bulk element batch number 4744 for stress verification
Copper Component Type-4745,150.5,lbs,45.99,20.0,Fitted bulk element batch number 4745 for stress verification
Copper Component Type-4746,150.5,linear ft,45.99,20.0,Fitted bulk element batch number 4746 for stress verification
Copper Component Type-4747,150.5,sq ft,45.99,20.0,Fitted bulk element batch number 4747 for stress verification
Copper Component Type-4748,150.5,rolls,45.99,20.0,Fitted bulk element batch number 4748 for stress verification
Copper Component Type-4749,150.5,sheets,45.99,20.0,Fitted bulk element batch number 4749 for stress verification
Copper Component Type-4750,150.5,pieces,45.99,20.0,Fitted bulk element batch number 4750 for stress verification
Copper Component Type-4751,150.5,lbs,45.99,20.0,Fitted bulk element batch number 4751 for stress verification
Copper Component Type-4752,150.5,linear ft,45.99,20.0,Fitted bulk element batch number 4752 for stress verification
Copper Component Type-4753,150.5,sq ft,45.99,20.0,Fitted bulk element batch number 4753 for stress verification
Copper Component Type-4754,150.5,rolls,45.99,20.0,Fitted bulk element batch number 4754 for stress verification
Copper Component Type-4755,150.5,sheets,45.99,20.0,Fitted bulk element batch number 4755 for stress verification
Copper Component Type-4756,150.5,pieces,45.99,20.0,Fitted bulk element batch number 4756 for stress verification
Copper Component Type-4757,150.5,lbs,45.99,20.0,Fitted bulk element batch number 4757 for stress verification
Copper Component Type-4758,150.5,linear ft,45.99,20.0,Fitted bulk element batch number 4758 for stress verification
Copper Component Type-4759,150.5,sq ft,45.99,20.0,Fitted bulk element batch number 4759 for stress verification
Copper Component Type-4760,150.5,rolls,45.99,20.0,Fitted bulk element batch number 4760 for stress verification
Copper Component Type-4761,150.5,sheets,45.99,20.0,Fitted bulk element batch number 4761 for stress verification
Copper Component Type-4762,150.5,pieces,45.99,20.0,Fitted bulk element batch number 4762 for stress verification
Copper Component Type-4763,150.5,lbs,45.99,20.0,Fitted bulk element batch number 4763 for stress verification
Copper Component Type-4764,150.5,linear ft,45.99,20.0,Fitted bulk element batch number 4764 for stress verification
Copper Component Type-4765,150.5,sq ft,45.99,20.0,Fitted bulk element batch number 4765 for stress verification
Copper Component Type-4766,150.5,rolls,45.99,20.0,Fitted bulk element batch number 4766 for stress verification
Copper Component Type-4767,150.5,sheets,45.99,20.0,Fitted bulk element batch number 4767 for stress verification
Copper Component Type-4768,150.5,pieces,45.99,20.0,Fitted bulk element batch number 4768 for stress verification
Copper Component Type-4769,150.5,lbs,45.99,20.0,Fitted bulk element batch number 4769 for stress verification
Copper Component Type-4770,150.5,linear ft,45.99,20.0,Fitted bulk element batch number 4770 for stress verification
Copper Component Type-4771,150.5,sq ft,45.99,20.0,Fitted bulk element batch number 4771 for stress verification
Copper Component Type-4772,150.5,rolls,45.99,20.0,Fitted bulk element batch number 4772 for stress verification
Copper Component Type-4773,150.5,sheets,45.99,20.0,Fitted bulk element batch number 4773 for stress verification
Copper Component Type-4774,150.5,pieces,45.99,20.0,Fitted bulk element batch number 4774 for stress verification
Copper Component Type-4775,150.5,lbs,45.99,20.0,Fitted bulk element batch number 4775 for stress verification
Copper Component Type-4776,150.5,linear ft,45.99,20.0,Fitted bulk element batch number 4776 for stress verification
Copper Component Type-4777,150.5,sq ft,45.99,20.0,Fitted bulk element batch number 4777 for stress verification
Copper Component Type-4778,150.5,rolls,45.99,20.0,Fitted bulk element batch number 4778 for stress verification
Copper Component Type-4779,150.5,sheets,45.99,20.0,Fitted bulk element batch number 4779 for stress verification
Copper Component Type-4780,150.5,pieces,45.99,20.0,Fitted bulk element batch number 4780 for stress verification
Copper Component Type-4781,150.5,lbs,45.99,20.0,Fitted bulk element batch number 4781 for stress verification
Copper Component Type-4782,150.5,linear ft,45.99,20.0,Fitted bulk element batch number 4782 for stress verification
Copper Component Type-4783,150.5,sq ft,45.99,20.0,Fitted bulk element batch number 4783 for stress verification
Copper Component Type-4784,150.5,rolls,45.99,20.0,Fitted bulk element batch number 4784 for stress verification
Copper Component Type-4785,150.5,sheets,45.99,20.0,Fitted bulk element batch number 4785 for stress verification
Copper Component Type-4786,150.5,pieces,45.99,20.0,Fitted bulk element batch number 4786 for stress verification
Copper Component Type-4787,150.5,lbs,45.99,20.0,Fitted bulk element batch number 4787 for stress verification
Copper Component Type-4788,150.5,linear ft,45.99,20.0,Fitted bulk element batch number 4788 for stress verification
Copper Component Type-4789,150.5,sq ft,45.99,20.0,Fitted bulk element batch number 4789 for stress verification
Copper Component Type-4790,150.5,rolls,45.99,20.0,Fitted bulk element batch number 4790 for stress verification
Copper Component Type-4791,150.5,sheets,45.99,20.0,Fitted bulk element batch number 4791 for stress verification
Copper Component Type-4792,150.5,pieces,45.99,20.0,Fitted bulk element batch number 4792 for stress verification
Copper Component Type-4793,150.5,lbs,45.99,20.0,Fitted bulk element batch number 4793 for stress verification
Copper Component Type-4794,150.5,linear ft,45.99,20.0,Fitted bulk element batch number 4794 for stress verification
Copper Component Type-4795,150.5,sq ft,45.99,20.0,Fitted bulk element batch number 4795 for stress verification
Copper Component Type-4796,150.5,rolls,45.99,20.0,Fitted bulk element batch number 4796 for stress verification
Copper Component Type-4797,150.5,sheets,45.99,20.0,Fitted bulk element batch number 4797 for stress verification
Copper Component Type-4798,150.5,pieces,45.99,20.0,Fitted bulk element batch number 4798 for stress verification
Copper Component Type-4799,150.5,lbs,45.99,20.0,Fitted bulk element batch number 4799 for stress verification
Copper Component Type-4800,150.5,linear ft,45.99,20.0,Fitted bulk element batch number 4800 for stress verification
Copper Component Type-4801,150.5,sq ft,45.99,20.0,Fitted bulk element batch number 4801 for stress verification
Copper Component Type-4802,150.5,rolls,45.99,20.0,Fitted bulk element batch number 4802 for stress verification
Copper Component Type-4803,150.5,sheets,45.99,20.0,Fitted bulk element batch number 4803 for stress verification
Copper Component Type-4804,150.5,pieces,45.99,20.0,Fitted bulk element batch number 4804 for stress verification
Copper Component Type-4805,150.5,lbs,45.99,20.0,Fitted bulk element batch number 4805 for stress verification
Copper Component Type-4806,150.5,linear ft,45.99,20.0,Fitted bulk element batch number 4806 for stress verification
Copper Component Type-4807,150.5,sq ft,45.99,20.0,Fitted bulk element batch number 4807 for stress verification
Copper Component Type-4808,150.5,rolls,45.99,20.0,Fitted bulk element batch number 4808 for stress verification
Copper Component Type-4809,150.5,sheets,45.99,20.0,Fitted bulk element batch number 4809 for stress verification
Copper Component Type-4810,150.5,pieces,45.99,20.0,Fitted bulk element batch number 4810 for stress verification
Copper Component Type-4811,150.5,lbs,45.99,20.0,Fitted bulk element batch number 4811 for stress verification
Copper Component Type-4812,150.5,linear ft,45.99,20.0,Fitted bulk element batch number 4812 for stress verification
Copper Component Type-4813,150.5,sq ft,45.99,20.0,Fitted bulk element batch number 4813 for stress verification
Copper Component Type-4814,150.5,rolls,45.99,20.0,Fitted bulk element batch number 4814 for stress verification
Copper Component Type-4815,150.5,sheets,45.99,20.0,Fitted bulk element batch number 4815 for stress verification
Copper Component Type-4816,150.5,pieces,45.99,20.0,Fitted bulk element batch number 4816 for stress verification
Copper Component Type-4817,150.5,lbs,45.99,20.0,Fitted bulk element batch number 4817 for stress verification
Copper Component Type-4818,150.5,linear ft,45.99,20.0,Fitted bulk element batch number 4818 for stress verification
Copper Component Type-4819,150.5,sq ft,45.99,20.0,Fitted bulk element batch number 4819 for stress verification
Copper Component Type-4820,150.5,rolls,45.99,20.0,Fitted bulk element batch number 4820 for stress verification
Copper Component Type-4821,150.5,sheets,45.99,20.0,Fitted bulk element batch number 4821 for stress verification
Copper Component Type-4822,150.5,pieces,45.99,20.0,Fitted bulk element batch number 4822 for stress verification
Copper Component Type-4823,150.5,lbs,45.99,20.0,Fitted bulk element batch number 4823 for stress verification
Copper Component Type-4824,150.5,linear ft,45.99,20.0,Fitted bulk element batch number 4824 for stress verification
Copper Component Type-4825,150.5,sq ft,45.99,20.0,Fitted bulk element batch number 4825 for stress verification
Copper Component Type-4826,150.5,rolls,45.99,20.0,Fitted bulk element batch number 4826 for stress verification
Copper Component Type-4827,150.5,sheets,45.99,20.0,Fitted bulk element batch number 4827 for stress verification
Copper Component Type-4828,150.5,pieces,45.99,20.0,Fitted bulk element batch number 4828 for stress verification
Copper Component Type-4829,150.5,lbs,45.99,20.0,Fitted bulk element batch number 4829 for stress verification
Copper Component Type-4830,150.5,linear ft,45.99,20.0,Fitted bulk element batch number 4830 for stress verification
Copper Component Type-4831,150.5,sq ft,45.99,20.0,Fitted bulk element batch number 4831 for stress verification
Copper Component Type-4832,150.5,rolls,45.99,20.0,Fitted bulk element batch number 4832 for stress verification
Copper Component Type-4833,150.5,sheets,45.99,20.0,Fitted bulk element batch number 4833 for stress verification
Copper Component Type-4834,150.5,pieces,45.99,20.0,Fitted bulk element batch number 4834 for stress verification
Copper Component Type-4835,150.5,lbs,45.99,20.0,Fitted bulk element batch number 4835 for stress verification
Copper Component Type-4836,150.5,linear ft,45.99,20.0,Fitted bulk element batch number 4836 for stress verification
Copper Component Type-4837,150.5,sq ft,45.99,20.0,Fitted bulk element batch number 4837 for stress verification
Copper Component Type-4838,150.5,rolls,45.99,20.0,Fitted bulk element batch number 4838 for stress verification
Copper Component Type-4839,150.5,sheets,45.99,20.0,Fitted bulk element batch number 4839 for stress verification
Copper Component Type-4840,150.5,pieces,45.99,20.0,Fitted bulk element batch number 4840 for stress verification
Copper Component Type-4841,150.5,lbs,45.99,20.0,Fitted bulk element batch number 4841 for stress verification
Copper Component Type-4842,150.5,linear ft,45.99,20.0,Fitted bulk element batch number 4842 for stress verification
Copper Component Type-4843,150.5,sq ft,45.99,20.0,Fitted bulk element batch number 4843 for stress verification
Copper Component Type-4844,150.5,rolls,45.99,20.0,Fitted bulk element batch number 4844 for stress verification
Copper Component Type-4845,150.5,sheets,45.99,20.0,Fitted bulk element batch number 4845 for stress verification
Copper Component Type-4846,150.5,pieces,45.99,20.0,Fitted bulk element batch number 4846 for stress verification
Copper Component Type-4847,150.5,lbs,45.99,20.0,Fitted bulk element batch number 4847 for stress verification
Copper Component Type-4848,150.5,linear ft,45.99,20.0,Fitted bulk element batch number 4848 for stress verification
Copper Component Type-4849,150.5,sq ft,45.99,20.0,Fitted bulk element batch number 4849 for stress verification
Copper Component Type-4850,150.5,rolls,45.99,20.0,Fitted bulk element batch number 4850 for stress verification
Copper Component Type-4851,150.5,sheets,45.99,20.0,Fitted bulk element batch number 4851 for stress verification
Copper Component Type-4852,150.5,pieces,45.99,20.0,Fitted bulk element batch number 4852 for stress verification
Copper Component Type-4853,150.5,lbs,45.99,20.0,Fitted bulk element batch number 4853 for stress verification
Copper Component Type-4854,150.5,linear ft,45.99,20.0,Fitted bulk element batch number 4854 for stress verification
Copper Component Type-4855,150.5,sq ft,45.99,20.0,Fitted bulk element batch number 4855 for stress verification
Copper Component Type-4856,150.5,rolls,45.99,20.0,Fitted bulk element batch number 4856 for stress verification
Copper Component Type-4857,150.5,sheets,45.99,20.0,Fitted bulk element batch number 4857 for stress verification
Copper Component Type-4858,150.5,pieces,45.99,20.0,Fitted bulk element batch number 4858 for stress verification
Copper Component Type-4859,150.5,lbs,45.99,20.0,Fitted bulk element batch number 4859 for stress verification
Copper Component Type-4860,150.5,linear ft,45.99,20.0,Fitted bulk element batch number 4860 for stress verification
Copper Component Type-4861,150.5,sq ft,45.99,20.0,Fitted bulk element batch number 4861 for stress verification
Copper Component Type-4862,150.5,rolls,45.99,20.0,Fitted bulk element batch number 4862 for stress verification
Copper Component Type-4863,150.5,sheets,45.99,20.0,Fitted bulk element batch number 4863 for stress verification
Copper Component Type-4864,150.5,pieces,45.99,20.0,Fitted bulk element batch number 4864 for stress verification
Copper Component Type-4865,150.5,lbs,45.99,20.0,Fitted bulk element batch number 4865 for stress verification
Copper Component Type-4866,150.5,linear ft,45.99,20.0,Fitted bulk element batch number 4866 for stress verification
Copper Component Type-4867,150.5,sq ft,45.99,20.0,Fitted bulk element batch number 4867 for stress verification
Copper Component Type-4868,150.5,rolls,45.99,20.0,Fitted bulk element batch number 4868 for stress verification
Copper Component Type-4869,150.5,sheets,45.99,20.0,Fitted bulk element batch number 4869 for stress verification
Copper Component Type-4870,150.5,pieces,45.99,20.0,Fitted bulk element batch number 4870 for stress verification
Copper Component Type-4871,150.5,lbs,45.99,20.0,Fitted bulk element batch number 4871 for stress verification
Copper Component Type-4872,150.5,linear ft,45.99,20.0,Fitted bulk element batch number 4872 for stress verification
Copper Component Type-4873,150.5,sq ft,45.99,20.0,Fitted bulk element batch number 4873 for stress verification
Copper Component Type-4874,150.5,rolls,45.99,20.0,Fitted bulk element batch number 4874 for stress verification
Copper Component Type-4875,150.5,sheets,45.99,20.0,Fitted bulk element batch number 4875 for stress verification
Copper Component Type-4876,150.5,pieces,45.99,20.0,Fitted bulk element batch number 4876 for stress verification
Copper Component Type-4877,150.5,lbs,45.99,20.0,Fitted bulk element batch number 4877 for stress verification
Copper Component Type-4878,150.5,linear ft,45.99,20.0,Fitted bulk element batch number 4878 for stress verification
Copper Component Type-4879,150.5,sq ft,45.99,20.0,Fitted bulk element batch number 4879 for stress verification
Copper Component Type-4880,150.5,rolls,45.99,20.0,Fitted bulk element batch number 4880 for stress verification
Copper Component Type-4881,150.5,sheets,45.99,20.0,Fitted bulk element batch number 4881 for stress verification
Copper Component Type-4882,150.5,pieces,45.99,20.0,Fitted bulk element batch number 4882 for stress verification
Copper Component Type-4883,150.5,lbs,45.99,20.0,Fitted bulk element batch number 4883 for stress verification
Copper Component Type-4884,150.5,linear ft,45.99,20.0,Fitted bulk element batch number 4884 for stress verification
Copper Component Type-4885,150.5,sq ft,45.99,20.0,Fitted bulk element batch number 4885 for stress verification
Copper Component Type-4886,150.5,rolls,45.99,20.0,Fitted bulk element batch number 4886 for stress verification
Copper Component Type-4887,150.5,sheets,45.99,20.0,Fitted bulk element batch number 4887 for stress verification
Copper Component Type-4888,150.5,pieces,45.99,20.0,Fitted bulk element batch number 4888 for stress verification
Copper Component Type-4889,150.5,lbs,45.99,20.0,Fitted bulk element batch number 4889 for stress verification
Copper Component Type-4890,150.5,linear ft,45.99,20.0,Fitted bulk element batch number 4890 for stress verification
Copper Component Type-4891,150.5,sq ft,45.99,20.0,Fitted bulk element batch number 4891 for stress verification
Copper Component Type-4892,150.5,rolls,45.99,20.0,Fitted bulk element batch number 4892 for stress verification
Copper Component Type-4893,150.5,sheets,45.99,20.0,Fitted bulk element batch number 4893 for stress verification
Copper Component Type-4894,150.5,pieces,45.99,20.0,Fitted bulk element batch number 4894 for stress verification
Copper Component Type-4895,150.5,lbs,45.99,20.0,Fitted bulk element batch number 4895 for stress verification
Copper Component Type-4896,150.5,linear ft,45.99,20.0,Fitted bulk element batch number 4896 for stress verification
Copper Component Type-4897,150.5,sq ft,45.99,20.0,Fitted bulk element batch number 4897 for stress verification
Copper Component Type-4898,150.5,rolls,45.99,20.0,Fitted bulk element batch number 4898 for stress verification
Copper Component Type-4899,150.5,sheets,45.99,20.0,Fitted bulk element batch number 4899 for stress verification
Copper Component Type-4900,150.5,pieces,45.99,20.0,Fitted bulk element batch number 4900 for stress verification
Copper Component Type-4901,150.5,lbs,45.99,20.0,Fitted bulk element batch number 4901 for stress verification
Copper Component Type-4902,150.5,linear ft,45.99,20.0,Fitted bulk element batch number 4902 for stress verification
Copper Component Type-4903,150.5,sq ft,45.99,20.0,Fitted bulk element batch number 4903 for stress verification
Copper Component Type-4904,150.5,rolls,45.99,20.0,Fitted bulk element batch number 4904 for stress verification
Copper Component Type-4905,150.5,sheets,45.99,20.0,Fitted bulk element batch number 4905 for stress verification
Copper Component Type-4906,150.5,pieces,45.99,20.0,Fitted bulk element batch number 4906 for stress verification
Copper Component Type-4907,150.5,lbs,45.99,20.0,Fitted bulk element batch number 4907 for stress verification
Copper Component Type-4908,150.5,linear ft,45.99,20.0,Fitted bulk element batch number 4908 for stress verification
Copper Component Type-4909,150.5,sq ft,45.99,20.0,Fitted bulk element batch number 4909 for stress verification
Copper Component Type-4910,150.5,rolls,45.99,20.0,Fitted bulk element batch number 4910 for stress verification
Copper Component Type-4911,150.5,sheets,45.99,20.0,Fitted bulk element batch number 4911 for stress verification
Copper Component Type-4912,150.5,pieces,45.99,20.0,Fitted bulk element batch number 4912 for stress verification
Copper Component Type-4913,150.5,lbs,45.99,20.0,Fitted bulk element batch number 4913 for stress verification
Copper Component Type-4914,150.5,linear ft,45.99,20.0,Fitted bulk element batch number 4914 for stress verification
Copper Component Type-4915,150.5,sq ft,45.99,20.0,Fitted bulk element batch number 4915 for stress verification
Copper Component Type-4916,150.5,rolls,45.99,20.0,Fitted bulk element batch number 4916 for stress verification
Copper Component Type-4917,150.5,sheets,45.99,20.0,Fitted bulk element batch number 4917 for stress verification
Copper Component Type-4918,150.5,pieces,45.99,20.0,Fitted bulk element batch number 4918 for stress verification
Copper Component Type-4919,150.5,lbs,45.99,20.0,Fitted bulk element batch number 4919 for stress verification
Copper Component Type-4920,150.5,linear ft,45.99,20.0,Fitted bulk element batch number 4920 for stress verification
Copper Component Type-4921,150.5,sq ft,45.99,20.0,Fitted bulk element batch number 4921 for stress verification
Copper Component Type-4922,150.5,rolls,45.99,20.0,Fitted bulk element batch number 4922 for stress verification
Copper Component Type-4923,150.5,sheets,45.99,20.0,Fitted bulk element batch number 4923 for stress verification
Copper Component Type-4924,150.5,pieces,45.99,20.0,Fitted bulk element batch number 4924 for stress verification
Copper Component Type-4925,150.5,lbs,45.99,20.0,Fitted bulk element batch number 4925 for stress verification
Copper Component Type-4926,150.5,linear ft,45.99,20.0,Fitted bulk element batch number 4926 for stress verification
Copper Component Type-4927,150.5,sq ft,45.99,20.0,Fitted bulk element batch number 4927 for stress verification
Copper Component Type-4928,150.5,rolls,45.99,20.0,Fitted bulk element batch number 4928 for stress verification
Copper Component Type-4929,150.5,sheets,45.99,20.0,Fitted bulk element batch number 4929 for stress verification
Copper Component Type-4930,150.5,pieces,45.99,20.0,Fitted bulk element batch number 4930 for stress verification
Copper Component Type-4931,150.5,lbs,45.99,20.0,Fitted bulk element batch number 4931 for stress verification
Copper Component Type-4932,150.5,linear ft,45.99,20.0,Fitted bulk element batch number 4932 for stress verification
Copper Component Type-4933,150.5,sq ft,45.99,20.0,Fitted bulk element batch number 4933 for stress verification
Copper Component Type-4934,150.5,rolls,45.99,20.0,Fitted bulk element batch number 4934 for stress verification
Copper Component Type-4935,150.5,sheets,45.99,20.0,Fitted bulk element batch number 4935 for stress verification
Copper Component Type-4936,150.5,pieces,45.99,20.0,Fitted bulk element batch number 4936 for stress verification
Copper Component Type-4937,150.5,lbs,45.99,20.0,Fitted bulk element batch number 4937 for stress verification
Copper Component Type-4938,150.5,linear ft,45.99,20.0,Fitted bulk element batch number 4938 for stress verification
Copper Component Type-4939,150.5,sq ft,45.99,20.0,Fitted bulk element batch number 4939 for stress verification
Copper Component Type-4940,150.5,rolls,45.99,20.0,Fitted bulk element batch number 4940 for stress verification
Copper Component Type-4941,150.5,sheets,45.99,20.0,Fitted bulk element batch number 4941 for stress verification
Copper Component Type-4942,150.5,pieces,45.99,20.0,Fitted bulk element batch number 4942 for stress verification
Copper Component Type-4943,150.5,lbs,45.99,20.0,Fitted bulk element batch number 4943 for stress verification
Copper Component Type-4944,150.5,linear ft,45.99,20.0,Fitted bulk element batch number 4944 for stress verification
Copper Component Type-4945,150.5,sq ft,45.99,20.0,Fitted bulk element batch number 4945 for stress verification
Copper Component Type-4946,150.5,rolls,45.99,20.0,Fitted bulk element batch number 4946 for stress verification
Copper Component Type-4947,150.5,sheets,45.99,20.0,Fitted bulk element batch number 4947 for stress verification
Copper Component Type-4948,150.5,pieces,45.99,20.0,Fitted bulk element batch number 4948 for stress verification
Copper Component Type-4949,150.5,lbs,45.99,20.0,Fitted bulk element batch number 4949 for stress verification
Copper Component Type-4950,150.5,linear ft,45.99,20.0,Fitted bulk element batch number 4950 for stress verification
Copper Component Type-4951,150.5,sq ft,45.99,20.0,Fitted bulk element batch number 4951 for stress verification
Copper Component Type-4952,150.5,rolls,45.99,20.0,Fitted bulk element batch number 4952 for stress verification
Copper Component Type-4953,150.5,sheets,45.99,20.0,Fitted bulk element batch number 4953 for stress verification
Copper Component Type-4954,150.5,pieces,45.99,20.0,Fitted bulk element batch number 4954 for stress verification
Copper Component Type-4955,150.5,lbs,45.99,20.0,Fitted bulk element batch number 4955 for stress verification
Copper Component Type-4956,150.5,linear ft,45.99,20.0,Fitted bulk element batch number 4956 for stress verification
Copper Component Type-4957,150.5,sq ft,45.99,20.0,Fitted bulk element batch number 4957 for stress verification
Copper Component Type-4958,150.5,rolls,45.99,20.0,Fitted bulk element batch number 4958 for stress verification
Copper Component Type-4959,150.5,sheets,45.99,20.0,Fitted bulk element batch number 4959 for stress verification
Copper Component Type-4960,150.5,pieces,45.99,20.0,Fitted bulk element batch number 4960 for stress verification
Copper Component Type-4961,150.5,lbs,45.99,20.0,Fitted bulk element batch number 4961 for stress verification
Copper Component Type-4962,150.5,linear ft,45.99,20.0,Fitted bulk element batch number 4962 for stress verification
Copper Component Type-4963,150.5,sq ft,45.99,20.0,Fitted bulk element batch number 4963 for stress verification
Copper Component Type-4964,150.5,rolls,45.99,20.0,Fitted bulk element batch number 4964 for stress verification
Copper Component Type-4965,150.5,sheets,45.99,20.0,Fitted bulk element batch number 4965 for stress verification
Copper Component Type-4966,150.5,pieces,45.99,20.0,Fitted bulk element batch number 4966 for stress verification
Copper Component Type-4967,150.5,lbs,45.99,20.0,Fitted bulk element batch number 4967 for stress verification
Copper Component Type-4968,150.5,linear ft,45.99,20.0,Fitted bulk element batch number 4968 for stress verification
Copper Component Type-4969,150.5,sq ft,45.99,20.0,Fitted bulk element batch number 4969 for stress verification
Copper Component Type-4970,150.5,rolls,45.99,20.0,Fitted bulk element batch number 4970 for stress verification
Copper Component Type-4971,150.5,sheets,45.99,20.0,Fitted bulk element batch number 4971 for stress verification
Copper Component Type-4972,150.5,pieces,45.99,20.0,Fitted bulk element batch number 4972 for stress verification
Copper Component Type-4973,150.5,lbs,45.99,20.0,Fitted bulk element batch number 4973 for stress verification
Copper Component Type-4974,150.5,linear ft,45.99,20.0,Fitted bulk element batch number 4974 for stress verification
Copper Component Type-4975,150.5,sq ft,45.99,20.0,Fitted bulk element batch number 4975 for stress verification
Copper Component Type-4976,150.5,rolls,45.99,20.0,Fitted bulk element batch number 4976 for stress verification
Copper Component Type-4977,150.5,sheets,45.99,20.0,Fitted bulk element batch number 4977 for stress verification
Copper Component Type-4978,150.5,pieces,45.99,20.0,Fitted bulk element batch number 4978 for stress verification
Copper Component Type-4979,150.5,lbs,45.99,20.0,Fitted bulk element batch number 4979 for stress verification
Copper Component Type-4980,150.5,linear ft,45.99,20.0,Fitted bulk element batch number 4980 for stress verification
Copper Component Type-4981,150.5,sq ft,45.99,20.0,Fitted bulk element batch number 4981 for stress verification
Copper Component Type-4982,150.5,rolls,45.99,20.0,Fitted bulk element batch number 4982 for stress verification
Copper Component Type-4983,150.5,sheets,45.99,20.0,Fitted bulk element batch number 4983 for stress verification
Copper Component Type-4984,150.5,pieces,45.99,20.0,Fitted bulk element batch number 4984 for stress verification
Copper Component Type-4985,150.5,lbs,45.99,20.0,Fitted bulk element batch number 4985 for stress verification
Copper Component Type-4986,150.5,linear ft,45.99,20.0,Fitted bulk element batch number 4986 for stress verification
Copper Component Type-4987,150.5,sq ft,45.99,20.0,Fitted bulk element batch number 4987 for stress verification
Copper Component Type-4988,150.5,rolls,45.99,20.0,Fitted bulk element batch number 4988 for stress verification
Copper Component Type-4989,150.5,sheets,45.99,20.0,Fitted bulk element batch number 4989 for stress verification
Copper Component Type-4990,150.5,pieces,45.99,20.0,Fitted bulk element batch number 4990 for stress verification
Copper Component Type-4991,150.5,lbs,45.99,20.0,Fitted bulk element batch number 4991 for stress verification
Copper Component Type-4992,150.5,linear ft,45.99,20.0,Fitted bulk element batch number 4992 for stress verification
Copper Component Type-4993,150.5,sq ft,45.99,20.0,Fitted bulk element batch number 4993 for stress verification
Copper Component Type-4994,150.5,rolls,45.99,20.0,Fitted bulk element batch number 4994 for stress verification
Copper Component Type-4995,150.5,sheets,45.99,20.0,Fitted bulk element batch number 4995 for stress verification
Copper Component Type-4996,150.5,pieces,45.99,20.0,Fitted bulk element batch number 4996 for stress verification
Copper Component Type-4997,150.5,lbs,45.99,20.0,Fitted bulk element batch number 4997 for stress verification
Copper Component Type-4998,150.5,linear ft,45.99,20.0,Fitted bulk element batch number 4998 for stress verification
Copper Component Type-4999,150.5,sq ft,45.99,20.0,Fitted bulk element batch number 4999 for stress verification
Copper Component Type-5000,150.5,rolls,45.99,20.0,Fitted bulk element batch number 5000 for stress verification
